file	sha256
predictions_constant_all_sources.csv	f6e31027e75c5ed0e119e92dcd5ec8ae473300dc1b2982c5638b2b4b66483133
predictions_constant_human_clinical.csv	703c7ba1e53daeb369fcdc449487f755118bf6faf812cb2044e99de5634ba05f
predictions_neighbor_all_sources.csv	f6270776c2bd0811a717bf5831ab8266c997dfa5da77285a1172eb080e7c2a50
predictions_neighbor_human_clinical.csv	eec69e7c9597df209800b2cb5014f43a1105ac5abd1e6d8d9a7163789f4ddf80
predictions_ridge_censored_amr_all_sources.csv	eb607f8679889304f4bd469b2847a19c7416fbe7d76e3330e6286d867bfef29f
predictions_ridge_censored_amr_evo2_all_sources.csv	816d8d5042fd7da16e979c51697d826bc646270b28fc554d865344f19c1e3cbb
predictions_ridge_censored_amr_evo2_human_clinical.csv	d828fa8f527142d1834216880feb615269abab680f721f455829223d95cca671
predictions_ridge_censored_amr_human_clinical.csv	4940d57d813d204b4ea457166c04457a57247e26e6211ed0bcb58046aecd6b06
predictions_ridge_censored_evo2_all_sources.csv	38e79354a81f06c18abf67ee364edf992b171382c133fbbb1b6c4f0a067df773
predictions_ridge_censored_evo2_human_clinical.csv	30f419f82390969d34ac14c822479d17b216ce762071609d7290f4e7451cf208
predictions_xgboost_aft_amr_all_sources.csv	d5c750f7c01e275fb15f365e40b938ec0b450d548a25d62abe33ea3a49caf471
predictions_xgboost_aft_amr_evo2_all_sources.csv	ce4d99bfa58c8988e09b84826ea3937b0422c513fef51723919bc5dab209d499
predictions_xgboost_aft_amr_evo2_human_clinical.csv	73364bda663119d815785338ec44ac7b14c8dd98519fe5dd0e14f90152ad6fda
predictions_xgboost_aft_amr_human_clinical.csv	e9d8598f24b5dc8459e7ede03cee6ae2712b7fd41d87681bf61a892368c86865
predictions_xgboost_aft_evo2_all_sources.csv	cd789c93220eefd5811304c5d7df995ef59ca65954a01027355cfc5b68a94404
predictions_xgboost_aft_evo2_human_clinical.csv	d9abb2934d1187f53de032b46583bb8630567f892afdf158960706fa423d1aff
