name	status
Afghanistan	current
Albania	current
Algeria	current
American Samoa	current
Andorra	current
Angola	current
Anguilla	current
Antarctica	current
Antigua and Barbuda	current
Arctic Ocean	current
Argentina	current
Armenia	current
Aruba	current
Ashmore and Cartier Islands	current
Atlantic Ocean	current
Australia	current
Austria	current
Azerbaijan	current
Bahamas	current
Bahrain	current
Baltic Sea	current
Baker Island	current
Bangladesh	current
Barbados	current
Bassas da India	current
Belarus	current
Belgium	current
Belize	current
Benin	current
Bermuda	current
Bhutan	current
Bolivia	current
Borneo	current
Bosnia and Herzegovina	current
Botswana	current
Bouvet Island	current
Brazil	current
British Virgin Islands	current
Brunei	current
Bulgaria	current
Burkina Faso	current
Burundi	current
Cambodia	current
Cameroon	current
Canada	current
Cape Verde	current
Cayman Islands	current
Central African Republic	current
Chad	current
Chile	current
China	current
Christmas Island	current
Clipperton Island	current
Cocos Islands	current
Colombia	current
Comoros	current
Cook Islands	current
Coral Sea Islands	current
Costa Rica	current
Cote d’Ivoire	current
Croatia	current
Cuba	current
Curacao	current
Cyprus	current
Czechia	current
Democratic Republic of the Congo	current
Denmark	current
Djibouti	current
Dominica	current
Dominican Republic	current
Ecuador	current
Egypt	current
El Salvador	current
Equatorial Guinea	current
Eritrea	current
Estonia	current
Eswatini	current
Ethiopia	current
Europa Island	current
Falkland Islands (Islas Malvinas)	current
Faroe Islands	current
Fiji	current
Finland	current
France	current
French Guiana	current
French Polynesia	current
French Southern and Antarctic Lands	current
Gabon	current
Gambia	current
Gaza Strip	current
Georgia	current
Germany	current
Ghana	current
Gibraltar	current
Glorioso Islands	current
Greece	current
Greenland	current
Grenada	current
Guadeloupe	current
Guam	current
Guatemala	current
Guernsey	current
Guinea	current
Guinea-Bissau	current
Guyana	current
Haiti	current
Heard Island and McDonald Islands	current
Honduras	current
Hong Kong	current
Howland Island	current
Hungary	current
Iceland	current
India	current
Indian Ocean	current
Indonesia	current
Iran	current
Iraq	current
Ireland	current
Isle of Man	current
Israel	current
Italy	current
Jamaica	current
Jan Mayen	current
Japan	current
Jarvis Island	current
Jersey	current
Johnston Atoll	current
Jordan	current
Juan de Nova Island	current
Kazakhstan	current
Kenya	current
Kerguelen Archipelago	current
Kingman Reef	current
Kiribati	current
Kosovo	current
Kuwait	current
Kyrgyzstan	current
Laos	current
Latvia	current
Lebanon	current
Lesotho	current
Liberia	current
Libya	current
Liechtenstein	current
Line Islands	current
Lithuania	current
Luxembourg	current
Macau	current
Madagascar	current
Malawi	current
Malaysia	current
Maldives	current
Mali	current
Malta	current
Marshall Islands	current
Martinique	current
Mauritania	current
Mauritius	current
Mayotte	current
Mediterranean Sea	current
Mexico	current
Micronesia, Federated States of	current
Midway Islands	current
Moldova	current
Monaco	current
Mongolia	current
Montenegro	current
Montserrat	current
Morocco	current
Mozambique	current
Myanmar	current
Namibia	current
Nauru	current
Navassa Island	current
Nepal	current
Netherlands	current
New Caledonia	current
New Zealand	current
Nicaragua	current
Niger	current
Nigeria	current
Niue	current
Norfolk Island	current
North Korea	current
North Macedonia	current
North Sea	current
Northern Mariana Islands	current
Norway	current
Oman	current
Pacific Ocean	current
Pakistan	current
Palau	current
Palmyra Atoll	current
Panama	current
Papua New Guinea	current
Paracel Islands	current
Paraguay	current
Peru	current
Philippines	current
Pitcairn Islands	current
Poland	current
Portugal	current
Puerto Rico	current
Qatar	current
Republic of the Congo	current
Reunion	current
Romania	current
Ross Sea	current
Russia	current
Rwanda	current
Saint Barthelemy	current
Saint Helena	current
Saint Kitts and Nevis	current
Saint Lucia	current
Saint Martin	current
Saint Pierre and Miquelon	current
Saint Vincent and the Grenadines	current
Samoa	current
San Marino	current
Sao Tome and Principe	current
Saudi Arabia	current
Senegal	current
Serbia	current
Seychelles	current
Sierra Leone	current
Singapore	current
Sint Maarten	current
Slovakia	current
Slovenia	current
Solomon Islands	current
Somalia	current
South Africa	current
South Georgia and the South Sandwich Islands	current
South Korea	current
South Sudan	current
Southern Ocean	current
Spain	current
Spratly Islands	current
Sri Lanka	current
State of Palestine	current
Sudan	current
Suriname	current
Svalbard	current
Sweden	current
Switzerland	current
Syria	current
Taiwan	current
Tajikistan	current
Tanzania	current
Tasman Sea	current
Thailand	current
Timor-Leste	current
Togo	current
Tokelau	current
Tonga	current
Trinidad and Tobago	current
Tromelin Island	current
Tunisia	current
Turkey	current
Turkmenistan	current
Turks and Caicos Islands	current
Tuvalu	current
Uganda	current
Ukraine	current
United Arab Emirates	current
United Kingdom	current
Uruguay	current
USA	current
Uzbekistan	current
Vanuatu	current
Venezuela	current
Viet Nam	current
Virgin Islands	current
Wake Island	current
Wallis and Futuna	current
West Bank	current
Western Sahara	current
Yemen	current
Zambia	current
Zimbabwe	current
Belgian Congo	historical
British Guiana	historical
Burma	historical
Czechoslovakia	historical
Czech Republic	historical
East Timor	historical
Korea	historical
Macedonia	historical
Micronesia	historical
Netherlands Antilles	historical
Serbia and Montenegro	historical
Siam	historical
Swaziland	historical
The former Yugoslav Republic of Macedonia	historical
USSR	historical
Yugoslavia	historical
Zaire	historical
