evaluation,drug,locked_external,n,n_exact_reference,n_censored_reference,essential_agreement,essential_agreement_exact_only,exact_agreement,exact_agreement_exact_only,over_call_2plus,under_call_2plus,bias_exact_only,ci_low,ci_high,mean_interval_log_likelihood
results/external/evaluation/65020832/evaluation_predictions_constant_all_sources.json,ceftriaxone,True,1505,359,1146,0.28970099667774085,0.0,0.28970099667774085,0.0,0.0,0.7102990033222591,-4.988857938718663,0.12104533895014755,0.544881413060349,
results/external/evaluation/65020832/evaluation_predictions_constant_all_sources.json,ciprofloxacin,True,1505,260,1245,0.4,0.0,0.4,0.0,0.0,0.6,-5.523076923076923,0.212542819201591,0.6532422481455923,
results/external/evaluation/65020832/evaluation_predictions_constant_all_sources.json,gentamicin,True,1505,184,1321,0.7833887043189369,0.7554347826086957,0.6910299003322259,0.0,0.0,0.21661129568106313,-1.3206521739130435,0.7027010823773414,0.882840854667999,
results/external/evaluation/65020832/evaluation_predictions_constant_human_clinical.json,ceftriaxone,True,1505,359,1146,0.28970099667774085,0.0,0.28970099667774085,0.0,0.0,0.7102990033222591,-6.988857938718663,0.12104533895014755,0.544881413060349,
results/external/evaluation/65020832/evaluation_predictions_constant_human_clinical.json,ciprofloxacin,True,1505,260,1245,0.4,0.0,0.4,0.0,0.0,0.6,-5.523076923076923,0.212542819201591,0.6532422481455923,
results/external/evaluation/65020832/evaluation_predictions_constant_human_clinical.json,gentamicin,True,1505,184,1321,0.7833887043189369,0.7554347826086957,0.6910299003322259,0.0,0.0,0.21661129568106313,-1.3206521739130435,0.7027010823773414,0.882840854667999,
results/external/evaluation/65020832/evaluation_predictions_neighbor_all_sources.json,ceftriaxone,True,1505,359,1146,0.5096345514950166,0.34540389972144847,0.07574750830564785,0.17548746518105848,0.05714285714285714,0.43322259136212626,-1.6545961002785516,0.3831861041835963,0.6714245203036889,
results/external/evaluation/65020832/evaluation_predictions_neighbor_all_sources.json,ciprofloxacin,True,1505,260,1245,0.8465116279069768,0.6653846153846154,0.3548172757475083,0.4423076923076923,0.025913621262458473,0.12757475083056477,-1.4076923076923078,0.7769198405668734,0.8943447776794166,
results/external/evaluation/65020832/evaluation_predictions_neighbor_all_sources.json,gentamicin,True,1505,184,1321,0.7282392026578073,0.5815217391304348,0.37275747508305646,0.3967391304347826,0.10033222591362126,0.17142857142857143,-0.4891304347826087,0.6449433568771074,0.8463600880477454,
results/external/evaluation/65020832/evaluation_predictions_neighbor_human_clinical.json,ceftriaxone,True,1505,359,1146,0.5289036544850498,0.38997214484679665,0.05913621262458472,0.20334261838440112,0.06378737541528239,0.40730897009966777,-1.1476323119777159,0.41530777539304764,0.6956777948901061,
results/external/evaluation/65020832/evaluation_predictions_neighbor_human_clinical.json,ciprofloxacin,True,1505,260,1245,0.8491694352159468,0.7461538461538462,0.28172757475083055,0.49230769230769234,0.04053156146179402,0.11029900332225914,-0.8923076923076924,0.769129817944593,0.8987712601601361,
results/external/evaluation/65020832/evaluation_predictions_neighbor_human_clinical.json,gentamicin,True,1505,184,1321,0.7521594684385382,0.7608695652173914,0.2963455149501661,0.5,0.09568106312292358,0.1521594684385382,-0.30978260869565216,0.6672925197276112,0.8770255987346163,
results/external/evaluation/65020832/evaluation_predictions_ridge_censored_amr_all_sources.json,ceftriaxone,True,1505,359,1146,0.704983388704319,0.362116991643454,0.5980066445182725,0.14484679665738162,0.09368770764119601,0.20132890365448505,-0.532033426183844,0.5978143961814446,0.7593413685728311,-1.8860222221543894
results/external/evaluation/65020832/evaluation_predictions_ridge_censored_amr_all_sources.json,ciprofloxacin,True,1505,260,1245,0.9375415282392027,0.6923076923076923,0.7906976744186046,0.36153846153846153,0.014617940199335547,0.04784053156146179,-0.8769230769230769,0.8876796517783019,0.9585743380191898,-0.5698399411061464
results/external/evaluation/65020832/evaluation_predictions_ridge_censored_amr_all_sources.json,gentamicin,True,1505,184,1321,0.8897009966777408,0.21739130434782608,0.8571428571428571,0.02717391304347826,0.0053156146179402,0.10498338870431893,-1.9130434782608696,0.8702408008658009,0.9054035862348491,-0.5820258832510566
results/external/evaluation/65020832/evaluation_predictions_ridge_censored_amr_evo2_all_sources.json,ceftriaxone,True,1505,359,1146,0.7009966777408638,0.4428969359331476,0.5302325581395348,0.15877437325905291,0.07441860465116279,0.2245847176079734,-0.7771587743732591,0.5793618266978923,0.7562735173040175,-1.7192395828061438
results/external/evaluation/65020832/evaluation_predictions_ridge_censored_amr_evo2_all_sources.json,ciprofloxacin,True,1505,260,1245,0.9362126245847177,0.7730769230769231,0.7794019933554818,0.4461538461538462,0.03388704318936877,0.029900332225913623,-0.4307692307692308,0.9106740407734769,0.952891152453359,-0.5690587702509111
results/external/evaluation/65020832/evaluation_predictions_ridge_censored_amr_evo2_all_sources.json,gentamicin,True,1505,184,1321,0.8890365448504983,0.21739130434782608,0.8611295681063122,0.03260869565217391,0.0053156146179402,0.10564784053156147,-1.934782608695652,0.8690261048893232,0.9043692128340499,-0.5685634097372866
results/external/evaluation/65020832/evaluation_predictions_ridge_censored_amr_evo2_human_clinical.json,ceftriaxone,True,1505,359,1146,0.6843853820598007,0.3147632311977716,0.587375415282392,0.15598885793871867,0.06976744186046512,0.24584717607973422,-1.6239554317548746,0.5464895673182517,0.7480552498349109,-1.4111071074912074
results/external/evaluation/65020832/evaluation_predictions_ridge_censored_amr_evo2_human_clinical.json,ciprofloxacin,True,1505,260,1245,0.9083056478405316,0.6615384615384615,0.7920265780730897,0.18461538461538463,0.053820598006644516,0.03787375415282392,-0.5923076923076923,0.8664536280780107,0.929329102012598,-0.6110198844848691
results/external/evaluation/65020832/evaluation_predictions_ridge_censored_amr_evo2_human_clinical.json,gentamicin,True,1505,184,1321,0.8544850498338871,0.08695652173913043,0.8325581395348837,0.021739130434782608,0.007973421926910298,0.13754152823920265,-2.7880434782608696,0.8117222639895264,0.8730169010609425,-0.5906780115057052
results/external/evaluation/65020832/evaluation_predictions_ridge_censored_amr_human_clinical.json,ceftriaxone,True,1505,359,1146,0.6797342192691029,0.23676880222841226,0.6212624584717608,0.07799442896935933,0.09302325581395349,0.22724252491694352,-1.3426183844011141,0.5392271860934598,0.7424581201503172,-1.5027160237012092
results/external/evaluation/65020832/evaluation_predictions_ridge_censored_amr_human_clinical.json,ciprofloxacin,True,1505,260,1245,0.9315614617940199,0.6807692307692308,0.8186046511627907,0.11538461538461539,0.015946843853820596,0.05249169435215947,-1.0615384615384615,0.8936788482834994,0.9499317238322562,-0.5221527669469118
results/external/evaluation/65020832/evaluation_predictions_ridge_censored_amr_human_clinical.json,gentamicin,True,1505,184,1321,0.8870431893687708,0.2391304347826087,0.8365448504983388,0.05434782608695652,0.009302325581395349,0.10365448504983389,-2.5869565217391304,0.841064972110141,0.9161307218424267,-0.6288304052962553
results/external/evaluation/65020832/evaluation_predictions_ridge_censored_evo2_all_sources.json,ceftriaxone,True,1505,359,1146,0.626578073089701,0.2200557103064067,0.5302325581395348,0.08356545961002786,0.035880398671096346,0.33754152823920264,-3.8077994428969357,0.5017360314214776,0.6961001691465268,-1.2549946314894074
results/external/evaluation/65020832/evaluation_predictions_ridge_censored_evo2_all_sources.json,ciprofloxacin,True,1505,260,1245,0.9003322259136213,0.5884615384615385,0.7475083056478405,0.27307692307692305,0.04784053156146179,0.051827242524916946,-0.45,0.8634582629600979,0.9227109358673875,-0.6064170683443334
results/external/evaluation/65020832/evaluation_predictions_ridge_censored_evo2_all_sources.json,gentamicin,True,1505,184,1321,0.8166112956810632,0.17391304347826086,0.7322259136212624,0.021739130434782608,0.009966777408637873,0.173421926910299,-2.092391304347826,0.765750658438138,0.8497106309909952,-0.687735128308278
results/external/evaluation/65020832/evaluation_predictions_ridge_censored_evo2_human_clinical.json,ceftriaxone,True,1505,359,1146,0.5794019933554817,0.21727019498607242,0.48438538205980064,0.0807799442896936,0.04451827242524917,0.3760797342192691,-3.6100278551532035,0.46533101376530533,0.6797143591166653,-1.2857103770944038
results/external/evaluation/65020832/evaluation_predictions_ridge_censored_evo2_human_clinical.json,ciprofloxacin,True,1505,260,1245,0.8704318936877077,0.41923076923076924,0.7740863787375415,0.15,0.03521594684385382,0.09435215946843854,-1.0538461538461539,0.8195252204713777,0.9112644799004691,-0.592571568035274
results/external/evaluation/65020832/evaluation_predictions_ridge_censored_evo2_human_clinical.json,gentamicin,True,1505,184,1321,0.8219269102990033,0.06521739130434782,0.7641196013289037,0.03260869565217391,0.013289036544850499,0.1647840531561462,-3.9184782608695654,0.7773652933596247,0.8469013964271592,-0.6741288925435456
results/external/evaluation/65020832/evaluation_predictions_xgboost_aft_amr_all_sources.json,ceftriaxone,True,1505,359,1146,0.6963455149501662,0.5821727019498607,0.44717607973421925,0.25069637883008355,0.03920265780730897,0.2644518272425249,-1.3760445682451254,0.592891839550061,0.7555488663002728,-2.746598264163521
results/external/evaluation/65020832/evaluation_predictions_xgboost_aft_amr_all_sources.json,ciprofloxacin,True,1505,260,1245,0.9441860465116279,0.7230769230769231,0.8225913621262458,0.11923076923076924,0.003986710963455149,0.051827242524916946,-1.2961538461538462,0.9173076186830015,0.9596606422963172,-0.5474384542420104
results/external/evaluation/65020832/evaluation_predictions_xgboost_aft_amr_all_sources.json,gentamicin,True,1505,184,1321,0.879734219269103,0.11956521739130435,0.8637873754152824,0.005434782608695652,0.005980066445182724,0.11428571428571428,-2.0434782608695654,0.8622641645650039,0.8993179732602307,-0.5212710969514619
results/external/evaluation/65020832/evaluation_predictions_xgboost_aft_amr_evo2_all_sources.json,ceftriaxone,True,1505,359,1146,0.6784053156146179,0.5181058495821727,0.4764119601328904,0.16991643454038996,0.036544850498338874,0.2850498338870432,-1.4206128133704736,0.5225475523224614,0.7460771486351581,-2.1051773406454877
results/external/evaluation/65020832/evaluation_predictions_xgboost_aft_amr_evo2_all_sources.json,ciprofloxacin,True,1505,260,1245,0.946843853820598,0.7615384615384615,0.7687707641196013,0.4115384615384615,0.012624584717607974,0.04053156146179402,-0.7884615384615384,0.9241371613300492,0.9586976366057254,-0.5984846877379767
results/external/evaluation/65020832/evaluation_predictions_xgboost_aft_amr_evo2_all_sources.json,gentamicin,True,1505,184,1321,0.8770764119601329,0.09239130434782608,0.8617940199335549,0.021739130434782608,0.004651162790697674,0.11827242524916944,-2.4565217391304346,0.8616281621079636,0.8949080926235378,-0.508694432781291
results/external/evaluation/65020832/evaluation_predictions_xgboost_aft_amr_evo2_human_clinical.json,ceftriaxone,True,1505,359,1146,0.6119601328903654,0.4206128133704735,0.4378737541528239,0.14206128133704735,0.03920265780730897,0.3488372093023256,-1.6518105849582172,0.4623749122312341,0.6950699442673729,-1.9961328697734082
results/external/evaluation/65020832/evaluation_predictions_xgboost_aft_amr_evo2_human_clinical.json,ciprofloxacin,True,1505,260,1245,0.9348837209302325,0.7076923076923077,0.7700996677740863,0.2846153846153846,0.0106312292358804,0.05448504983388704,-0.9230769230769231,0.9112067787827398,0.9548878234232925,-0.544896545723236
results/external/evaluation/65020832/evaluation_predictions_xgboost_aft_amr_evo2_human_clinical.json,gentamicin,True,1505,184,1321,0.8558139534883721,0.08695652173913043,0.839202657807309,0.021739130434782608,0.009302325581395349,0.13488372093023257,-2.989130434782609,0.8230506418695986,0.8730169010609425,-0.5985343956799548
results/external/evaluation/65020832/evaluation_predictions_xgboost_aft_amr_human_clinical.json,ceftriaxone,True,1505,359,1146,0.5966777408637873,0.3649025069637883,0.3302325581395349,0.11142061281337047,0.015282392026578074,0.38803986710963456,-2.1002785515320332,0.4796151973021612,0.6922492797718787,-2.5973455391390496
results/external/evaluation/65020832/evaluation_predictions_xgboost_aft_amr_human_clinical.json,ciprofloxacin,True,1505,260,1245,0.932890365448505,0.6846153846153846,0.8192691029900332,0.12692307692307692,0.0053156146179402,0.061794019933554815,-1.3269230769230769,0.9131205035156391,0.9538666605028161,-0.5217547491771286
results/external/evaluation/65020832/evaluation_predictions_xgboost_aft_amr_human_clinical.json,gentamicin,True,1505,184,1321,0.8764119601328904,0.22826086956521738,0.8465116279069768,0.043478260869565216,0.006644518272425249,0.11694352159468438,-2.1956521739130435,0.8291374848565223,0.9094307631547344,-0.5873622194335651
results/external/evaluation/65020832/evaluation_predictions_xgboost_aft_evo2_all_sources.json,ceftriaxone,True,1505,359,1146,0.5833887043189369,0.4568245125348189,0.3023255813953488,0.17270194986072424,0.04784053156146179,0.3687707641196013,-1.392757660167131,0.41327293151509137,0.6861574289157151,-2.147296137965412
results/external/evaluation/65020832/evaluation_predictions_xgboost_aft_evo2_all_sources.json,ciprofloxacin,True,1505,260,1245,0.9275747508305647,0.6730769230769231,0.7727574750830565,0.35384615384615387,0.015946843853820596,0.05647840531561462,-0.7730769230769231,0.8789749035787087,0.9490519948650862,-0.6317150246487965
results/external/evaluation/65020832/evaluation_predictions_xgboost_aft_evo2_all_sources.json,gentamicin,True,1505,184,1321,0.8385382059800665,0.09782608695652174,0.7973421926910299,0.03260869565217391,0.008637873754152824,0.15282392026578073,-2.5434782608695654,0.8018652259122482,0.860384512206027,-0.6365008088175457
results/external/evaluation/65020832/evaluation_predictions_xgboost_aft_evo2_human_clinical.json,ceftriaxone,True,1505,359,1146,0.5408637873754153,0.415041782729805,0.3840531561461794,0.14484679665738162,0.051827242524916946,0.40730897009966777,-1.6545961002785516,0.41939370343607507,0.6487420122239637,-1.9716255575693953
results/external/evaluation/65020832/evaluation_predictions_xgboost_aft_evo2_human_clinical.json,ciprofloxacin,True,1505,260,1245,0.9229235880398671,0.65,0.7893687707641196,0.12692307692307692,0.007308970099667774,0.06976744186046512,-1.2423076923076923,0.8903040405923306,0.9427322727031474,-0.5476219566771253
results/external/evaluation/65020832/evaluation_predictions_xgboost_aft_evo2_human_clinical.json,gentamicin,True,1505,184,1321,0.8239202657807309,0.09239130434782608,0.7800664451827243,0.021739130434782608,0.015282392026578074,0.16079734219269104,-3.016304347826087,0.7733086289223938,0.8481896533610781,-0.7673210029420482
results/models/64960056/evaluation_amrfinder_all_sources.json,ceftriaxone,False,7097,830,6267,0.9247569395519234,0.5614457831325301,0.8751585176835283,0.21686746987951808,0.022403832605326194,0.052839227842750455,-0.5421686746987951,0.9128134624195068,0.9389252289315468,-0.43706447981630686
results/models/64960056/evaluation_amrfinder_all_sources.json,ciprofloxacin,False,8493,1156,7337,0.9172259507829977,0.46453287197231835,0.8687154126928058,0.1375432525951557,0.009655010008242081,0.07311903920876016,-1.6115916955017302,0.9039980829080841,0.9306630211863398,-0.46326267244407326
results/models/64960056/evaluation_amrfinder_all_sources.json,gentamicin,False,9514,5221,4293,0.924427159974774,0.9049990423290557,0.6530376287576204,0.4962650833173721,0.010615934412444818,0.06495690561278117,-0.5167592415246122,0.9042809331710551,0.9427856233714419,-0.9726657399093434
results/models/64960056/evaluation_amrfinder_human_clinical.json,ceftriaxone,False,2822,157,2665,0.9195605953224664,0.2484076433121019,0.8972360028348689,0.07006369426751592,0.03579021970233877,0.0446491849751949,1.1656050955414012,0.8943502851711027,0.9483983869082817,-0.39254470694801774
results/models/64960056/evaluation_amrfinder_human_clinical.json,ciprofloxacin,False,3809,647,3162,0.9128380152270937,0.5842349304482226,0.8461538461538461,0.2581143740340031,0.02021527960094513,0.06694670517196115,-0.5255023183925811,0.8909996515284364,0.9391628238304032,-0.5483105425621642
results/models/64960056/evaluation_amrfinder_human_clinical.json,gentamicin,False,3348,440,2908,0.8850059737156512,0.3431818181818182,0.828853046594982,0.07272727272727272,0.01015531660692951,0.10483870967741936,-1.7295454545454545,0.8661351293616951,0.9101489827410285,-0.5385517401995586
results/models/64960056/evaluation_constant_all_sources.json,ceftriaxone,False,7097,830,6267,0.7672255882767367,0.020481927710843374,0.7531351275186698,0.0,0.0,0.23277441172326335,-5.736144578313253,0.6932328375291195,0.8432860444795008,
results/models/64960056/evaluation_constant_all_sources.json,ciprofloxacin,False,8493,1156,7337,0.747439067467326,0.39792387543252594,0.6903332155893088,0.01384083044982699,0.0,0.252560932532674,-2.7257785467128026,0.6159806758858043,0.8643206154077637,
results/models/64960056/evaluation_constant_all_sources.json,gentamicin,False,9514,5221,4293,0.8113306705907084,0.9185979697375981,0.49022493167963,0.3853667879716529,0.019970569686777382,0.1686987597225142,0.12698716720934686,0.7631573254610583,0.8581752685355771,
results/models/64960056/evaluation_constant_human_clinical.json,ceftriaxone,False,2822,157,2665,0.7207654145995748,0.0,0.7207654145995748,0.0,0.0,0.27923458540042523,-8.197452229299364,0.5830721001202113,0.8664195586112732,
results/models/64960056/evaluation_constant_human_clinical.json,ciprofloxacin,False,3809,647,3162,0.5985823050669467,0.4806800618238022,0.5208716198477291,0.023183925811437404,0.0,0.4014176949330533,-2.2812982998454405,0.40843601829330745,0.8263645471811671,
results/models/64960056/evaluation_constant_human_clinical.json,gentamicin,False,3348,440,2908,0.8234767025089605,0.7909090909090909,0.735663082437276,0.3181818181818182,0.014336917562724014,0.16218637992831542,-0.7772727272727272,0.7332658097851141,0.9227054018669845,
results/models/64960056/evaluation_neighbor_all_sources.json,ceftriaxone,False,7097,830,6267,0.6573199943638157,0.14216867469879518,0.6333662110751022,0.03855421686746988,0.13188671269550514,0.21079329294067917,-4.386746987951807,0.5903966664035053,0.7262270760171378,
results/models/64960056/evaluation_neighbor_all_sources.json,ciprofloxacin,False,8493,1156,7337,0.6452372542093489,0.38494809688581316,0.5681149181679029,0.09342560553633218,0.13787825267867657,0.21688449311197458,-0.53719723183391,0.5428050927247319,0.7411638644771489,
results/models/64960056/evaluation_neighbor_all_sources.json,gentamicin,False,9514,5221,4293,0.7265083035526593,0.7590499904232906,0.46394786630229135,0.3493583604673434,0.10636956064746689,0.16712213579987387,0.12239034667688183,0.6751077558133765,0.7754068724468792,
results/models/64960056/evaluation_neighbor_human_clinical.json,ceftriaxone,False,2822,157,2665,0.6920623671155209,0.05732484076433121,0.6853295535081503,0.006369426751592357,0.0478384124734231,0.260099220411056,-3.7961783439490446,0.5613906057644714,0.8330259422864644,
results/models/64960056/evaluation_neighbor_human_clinical.json,ciprofloxacin,False,3809,647,3162,0.5657652927277501,0.37094281298299847,0.4481491205040693,0.14992272024729522,0.1210291415069572,0.31320556576529274,2.2380216383307574,0.40255303716208685,0.7651530578908394,
results/models/64960056/evaluation_neighbor_human_clinical.json,gentamicin,False,3348,440,2908,0.8133213859020311,0.8204545454545454,0.6257467144563919,0.40454545454545454,0.035543608124253286,0.15113500597371565,-0.006818181818181818,0.7251057689099463,0.9085509781430583,
results/models/64965891/evaluation_ridge_censored_all_sources.json,ceftriaxone,False,7097,830,6267,0.9260250810201494,0.5590361445783133,0.8760039453290123,0.20722891566265061,0.022262927997745527,0.05171199098210511,-0.5228915662650603,0.9137657442019019,0.940508875250839,-0.4390624219629628
results/models/64965891/evaluation_ridge_censored_all_sources.json,ciprofloxacin,False,8493,1156,7337,0.9172259507829977,0.46453287197231835,0.8687154126928058,0.1375432525951557,0.009655010008242081,0.07311903920876016,-1.6115916955017302,0.9039980829080841,0.9306630211863398,-0.46326267244407326
results/models/64965891/evaluation_ridge_censored_all_sources.json,gentamicin,False,9514,5221,4293,0.924427159974774,0.9049990423290557,0.6530376287576204,0.4962650833173721,0.010615934412444818,0.06495690561278117,-0.5167592415246122,0.9042809331710551,0.9427856233714419,-0.9726657399093434
results/models/64965891/evaluation_ridge_censored_human_clinical.json,ceftriaxone,False,2822,157,2665,0.9177888022678952,0.21019108280254778,0.9032600992204111,0.03821656050955414,0.04145995747696669,0.0407512402551382,1.6624203821656052,0.8894553844708488,0.9473486175985945,-0.39272540566336467
results/models/64965891/evaluation_ridge_censored_human_clinical.json,ciprofloxacin,False,3809,647,3162,0.9128380152270937,0.5842349304482226,0.8461538461538461,0.2581143740340031,0.02021527960094513,0.06694670517196115,-0.5255023183925811,0.8909996515284364,0.9391628238304032,-0.5483105425621642
results/models/64965891/evaluation_ridge_censored_human_clinical.json,gentamicin,False,3348,440,2908,0.8850059737156512,0.3431818181818182,0.828853046594982,0.07272727272727272,0.01015531660692951,0.10483870967741936,-1.7295454545454545,0.8661351293616951,0.9101489827410285,-0.5385517401995586
results/models/64965891/evaluation_xgboost_aft_all_sources.json,ceftriaxone,False,7097,830,6267,0.9415245878540228,0.736144578313253,0.8705086656333663,0.27951807228915665,0.01662674369451881,0.04184866845145836,-0.6638554216867469,0.9297667663146393,0.9542656532874733,-0.4770321516541705
results/models/64965891/evaluation_xgboost_aft_all_sources.json,ciprofloxacin,False,8493,1156,7337,0.9332391381137407,0.5865051903114187,0.8728364535499823,0.1842560553633218,0.009772754032732839,0.05698810785352643,-1.1825259515570934,0.9243440832738189,0.9439198455498983,-0.5060479539751795
results/models/64965891/evaluation_xgboost_aft_all_sources.json,gentamicin,False,9514,5221,4293,0.9322051713264663,0.9078720551618464,0.6648097540466681,0.4941582072399923,0.006937145259617406,0.060857683413916334,-0.5269105535338058,0.9122556617070562,0.9478490207055211,-0.9966375695503805
results/models/64965891/evaluation_xgboost_aft_human_clinical.json,ceftriaxone,False,2822,157,2665,0.9287739192062368,0.49044585987261147,0.8827072997873848,0.12738853503184713,0.025159461374911412,0.04606661941885188,0.012738853503184714,0.9004430874759451,0.9571990095265489,-0.5898756730458573
results/models/64965891/evaluation_xgboost_aft_human_clinical.json,ciprofloxacin,False,3809,647,3162,0.9183512733000787,0.6275115919629057,0.833289577316881,0.1839258114374034,0.0244158571803623,0.057232869519558936,-0.15919629057187018,0.9003232611916765,0.9404078415991167,-0.6352558733037561
results/models/64965891/evaluation_xgboost_aft_human_clinical.json,gentamicin,False,3348,440,2908,0.8942652329749103,0.4409090909090909,0.8276583034647551,0.12727272727272726,0.011947431302270013,0.0937873357228196,-1.3909090909090909,0.8612498712233315,0.9309584229946277,-0.5319218429803964
results/models/64983779/evaluation_ridge_censored_all_sources.json,ceftriaxone,False,7097,830,6267,0.9260250810201494,0.5590361445783133,0.8760039453290123,0.20722891566265061,0.022262927997745527,0.05171199098210511,-0.5228915662650603,0.9137657442019019,0.940508875250839,-0.4390624219629628
results/models/64983779/evaluation_ridge_censored_all_sources.json,ciprofloxacin,False,8493,1156,7337,0.9172259507829977,0.46453287197231835,0.8687154126928058,0.1375432525951557,0.009655010008242081,0.07311903920876016,-1.6115916955017302,0.9039980829080841,0.9306630211863398,-0.46326267244407326
results/models/64983779/evaluation_ridge_censored_all_sources.json,gentamicin,False,9514,5221,4293,0.924427159974774,0.9049990423290557,0.6530376287576204,0.4962650833173721,0.010615934412444818,0.06495690561278117,-0.5167592415246122,0.9042809331710551,0.9427856233714419,-0.9726657399093434
results/models/64983779/evaluation_ridge_censored_amr_evo2_all_sources.json,ceftriaxone,False,7097,830,6267,0.9289840777793433,0.5975903614457831,0.8769902775820769,0.2289156626506024,0.02198111878258419,0.04903480343807243,-0.5265060240963856,0.9161231939788144,0.9440995307649491,-0.4275336485977857
results/models/64983779/evaluation_ridge_censored_amr_evo2_all_sources.json,ciprofloxacin,False,8493,1156,7337,0.9279406570116566,0.5484429065743944,0.8750735900153067,0.2093425605536332,0.012834098669492523,0.05922524431885082,-1.1704152249134947,0.9162580699018806,0.9381349624481851,-0.4616721172922823
results/models/64983779/evaluation_ridge_censored_amr_evo2_all_sources.json,gentamicin,False,9514,5221,4293,0.929472356527223,0.9138096150162804,0.647887323943662,0.4987550277724574,0.009144418751313853,0.061383224721463105,-0.4953074123731086,0.9131833674229376,0.9445497538575646,-0.9621720921607375
results/models/64983779/evaluation_ridge_censored_amr_evo2_human_clinical.json,ceftriaxone,False,2822,157,2665,0.9266477675407513,0.2802547770700637,0.9064493267186393,0.10828025477707007,0.03827072997873848,0.03508150248051028,1.7515923566878981,0.9013665871997066,0.9530894601688885,-0.3756520659600441
results/models/64983779/evaluation_ridge_censored_amr_evo2_human_clinical.json,ciprofloxacin,False,3809,647,3162,0.910212654239958,0.5842349304482226,0.8353898661065896,0.2132921174652241,0.022315568390653715,0.0674717773693883,-0.5301391035548686,0.8888101746577,0.9364334446369975,-0.5636580157088693
results/models/64983779/evaluation_ridge_censored_amr_evo2_human_clinical.json,gentamicin,False,3348,440,2908,0.9124850657108722,0.5272727272727272,0.8455794504181601,0.15227272727272728,0.014934289127837515,0.07258064516129033,-1.1022727272727273,0.8941386164671986,0.9309533800816057,-0.49194475775106755
results/models/64983779/evaluation_ridge_censored_evo2_all_sources.json,ceftriaxone,False,7097,830,6267,0.8706495702409469,0.24819277108433735,0.8341552768775539,0.0819277108433735,0.041144145413555024,0.0882062843454981,-1.3337349397590361,0.8484243599718909,0.89861211097353,-0.5221677404995039
results/models/64983779/evaluation_ridge_censored_evo2_all_sources.json,ciprofloxacin,False,8493,1156,7337,0.9111032615094784,0.43685121107266434,0.8604733309784528,0.1583044982698962,0.011421170375603439,0.07747556811491817,-1.5614186851211074,0.8986601991620491,0.924105686697296,-0.4865614450613394
results/models/64983779/evaluation_ridge_censored_evo2_all_sources.json,gentamicin,False,9514,5221,4293,0.8842758040782005,0.8900593755985443,0.583876392684465,0.45297835663665964,0.026487281900357366,0.08923691402144208,-0.3882398008044436,0.862394159955804,0.9082159468924561,-1.13956985396348
results/models/64983779/evaluation_ridge_censored_evo2_human_clinical.json,ceftriaxone,False,2822,157,2665,0.8958185683912119,0.1592356687898089,0.8717221828490432,0.05732484076433121,0.048547129695251594,0.0556343019135365,1.9044585987261147,0.8569929018643635,0.9358198751796276,-0.39578681211235267
results/models/64983779/evaluation_ridge_censored_evo2_human_clinical.json,ciprofloxacin,False,3809,647,3162,0.8847466526647414,0.5131375579598145,0.8059858230506695,0.2117465224111283,0.061170911000262534,0.05408243633499606,0.3755795981452859,0.8586359616100775,0.911778214120848,-0.6519263459130612
results/models/64983779/evaluation_ridge_censored_evo2_human_clinical.json,gentamicin,False,3348,440,2908,0.8823178016726404,0.46136363636363636,0.8082437275985663,0.1340909090909091,0.022401433691756272,0.09528076463560335,-1.065909090909091,0.8638912238090974,0.9063547387447618,-0.5397906106257183
results/models/64983779/evaluation_ridge_censored_human_clinical.json,ceftriaxone,False,2822,157,2665,0.9177888022678952,0.21019108280254778,0.9032600992204111,0.03821656050955414,0.04145995747696669,0.0407512402551382,1.6624203821656052,0.8894553844708488,0.9473486175985945,-0.39272540566336467
results/models/64983779/evaluation_ridge_censored_human_clinical.json,ciprofloxacin,False,3809,647,3162,0.9128380152270937,0.5842349304482226,0.8461538461538461,0.2581143740340031,0.02021527960094513,0.06694670517196115,-0.5255023183925811,0.8909996515284364,0.9391628238304032,-0.5483105425621642
results/models/64983779/evaluation_ridge_censored_human_clinical.json,gentamicin,False,3348,440,2908,0.8850059737156512,0.3431818181818182,0.828853046594982,0.07272727272727272,0.01015531660692951,0.10483870967741936,-1.7295454545454545,0.8661351293616951,0.9101489827410285,-0.5385517401995586
results/models/64983779/evaluation_xgboost_aft_all_sources.json,ceftriaxone,False,7097,830,6267,0.9415245878540228,0.736144578313253,0.8705086656333663,0.27951807228915665,0.01662674369451881,0.04184866845145836,-0.6638554216867469,0.9297667663146393,0.9542656532874733,-0.4770321516541705
results/models/64983779/evaluation_xgboost_aft_all_sources.json,ciprofloxacin,False,8493,1156,7337,0.9332391381137407,0.5865051903114187,0.8728364535499823,0.1842560553633218,0.009772754032732839,0.05698810785352643,-1.1825259515570934,0.9243440832738189,0.9439198455498983,-0.5060479539751795
results/models/64983779/evaluation_xgboost_aft_all_sources.json,gentamicin,False,9514,5221,4293,0.9322051713264663,0.9078720551618464,0.6648097540466681,0.4941582072399923,0.006937145259617406,0.060857683413916334,-0.5269105535338058,0.9122556617070562,0.9478490207055211,-0.9966375695503805
results/models/64983779/evaluation_xgboost_aft_amr_evo2_all_sources.json,ceftriaxone,False,7097,830,6267,0.920670705932084,0.6578313253012048,0.8534592081161054,0.26867469879518074,0.019585740453712835,0.059743553614203186,-0.7602409638554217,0.9019922879177378,0.9404090491945806,-0.5091536127746885
results/models/64983779/evaluation_xgboost_aft_amr_evo2_all_sources.json,ciprofloxacin,False,8493,1156,7337,0.9344165783586483,0.5934256055363322,0.8840221358766043,0.2681660899653979,0.007771105616389968,0.05781231602496174,-1.1133217993079585,0.9241125161400796,0.9451250811462487,-0.4840536589650763
results/models/64983779/evaluation_xgboost_aft_amr_evo2_all_sources.json,gentamicin,False,9514,5221,4293,0.9353584191717469,0.9101704654280789,0.6690140845070423,0.4926259337291707,0.009039310489804499,0.055602270338448605,-0.5027772457383644,0.9209193430552058,0.9491894389442858,-0.9862944998878146
results/models/64983779/evaluation_xgboost_aft_amr_evo2_human_clinical.json,ceftriaxone,False,2822,157,2665,0.9142452161587526,0.4840764331210191,0.8522324592487598,0.18471337579617833,0.03756201275690999,0.04819277108433735,0.3630573248407643,0.8842748964346776,0.9461793513191273,-0.5503193809650179
results/models/64983779/evaluation_xgboost_aft_amr_evo2_human_clinical.json,ciprofloxacin,False,3809,647,3162,0.9131005513258073,0.5935085007727975,0.8309267524284589,0.2117465224111283,0.03728012601732738,0.04961932265686532,0.04791344667697063,0.8908149709171016,0.9336550789353525,-0.6235244419003592
results/models/64983779/evaluation_xgboost_aft_amr_evo2_human_clinical.json,gentamicin,False,3348,440,2908,0.9184587813620072,0.5772727272727273,0.8452807646356033,0.20227272727272727,0.013440860215053764,0.06810035842293907,-1.0340909090909092,0.9005056275440972,0.9406969550131092,-0.48600616389801027
results/models/64983779/evaluation_xgboost_aft_evo2_all_sources.json,ceftriaxone,False,7097,830,6267,0.8693814287727208,0.45180722891566266,0.7990700295899676,0.16987951807228915,0.02212202339016486,0.10849654783711428,-1.8313253012048192,0.8449008427535845,0.8991420668599658,-0.7174298506207523
results/models/64983779/evaluation_xgboost_aft_evo2_all_sources.json,ciprofloxacin,False,8493,1156,7337,0.9255857765218415,0.5562283737024222,0.8690686447662781,0.21107266435986158,0.009419521959260567,0.06499470151889791,-1.2301038062283738,0.9127522152879302,0.9406656956511451,-0.5347593940444703
results/models/64983779/evaluation_xgboost_aft_evo2_all_sources.json,gentamicin,False,9514,5221,4293,0.8970990119823418,0.8883355678988699,0.611730081984444,0.46025665581306263,0.021021652301870926,0.08187933571578726,-0.4502968779927217,0.8747388998573832,0.9211104354572741,-1.0828323706050162
results/models/64983779/evaluation_xgboost_aft_evo2_human_clinical.json,ceftriaxone,False,2822,157,2665,0.8880226789510985,0.4012738853503185,0.8260099220411056,0.17197452229299362,0.05315379163713678,0.058823529411764705,0.3885350318471338,0.850906706352833,0.9309189789871518,-0.6359183788163404
results/models/64983779/evaluation_xgboost_aft_evo2_human_clinical.json,ciprofloxacin,False,3809,647,3162,0.7474402730375427,0.6352395672333848,0.6686794434234707,0.26584234930448225,0.035967445523759516,0.21659228143869783,-0.13292117465224113,0.5368266870942398,0.9239376600165474,-1.22784557940106
results/models/64983779/evaluation_xgboost_aft_evo2_human_clinical.json,gentamicin,False,3348,440,2908,0.8850059737156512,0.5772727272727273,0.807347670250896,0.20454545454545456,0.02060931899641577,0.09438470728793309,-0.95,0.8527558959376025,0.9251731246522502,-0.5768898385022716
results/models/64983779/evaluation_xgboost_aft_human_clinical.json,ceftriaxone,False,2822,157,2665,0.9287739192062368,0.49044585987261147,0.8827072997873848,0.12738853503184713,0.025159461374911412,0.04606661941885188,0.012738853503184714,0.9004430874759451,0.9571990095265489,-0.5898756730458573
results/models/64983779/evaluation_xgboost_aft_human_clinical.json,ciprofloxacin,False,3809,647,3162,0.9183512733000787,0.6275115919629057,0.833289577316881,0.1839258114374034,0.0244158571803623,0.057232869519558936,-0.15919629057187018,0.9003232611916765,0.9404078415991167,-0.6352558733037561
results/models/64983779/evaluation_xgboost_aft_human_clinical.json,gentamicin,False,3348,440,2908,0.8942652329749103,0.4409090909090909,0.8276583034647551,0.12727272727272726,0.011947431302270013,0.0937873357228196,-1.3909090909090909,0.8612498712233315,0.9309584229946277,-0.5319218429803964
results/models/65006995/evaluation_ridge_censored_all_sources.json,ceftriaxone,False,7097,830,6267,0.9260250810201494,0.5590361445783133,0.8758630407214316,0.20602409638554217,0.022262927997745527,0.05171199098210511,-0.5240963855421686,0.9137657442019019,0.940508875250839,-0.4390529465305055
results/models/65006995/evaluation_ridge_censored_all_sources.json,ciprofloxacin,False,8493,1156,7337,0.9172259507829977,0.46453287197231835,0.8687154126928058,0.1375432525951557,0.009655010008242081,0.07311903920876016,-1.6124567474048443,0.9039980829080841,0.9306630211863398,-0.4632649964935171
results/models/65006995/evaluation_ridge_censored_all_sources.json,gentamicin,False,9514,5221,4293,0.9260037838974143,0.9086381919172573,0.6537733865881858,0.4989465619613101,0.009144418751313853,0.0648517973512718,-0.5196322543574028,0.905344205487723,0.9439161562192375,-0.9675996765903329
results/models/65006995/evaluation_ridge_censored_amr_evo2_all_sources.json,ceftriaxone,False,7097,830,6267,0.9288431731717627,0.5975903614457831,0.8768493729744963,0.22771084337349398,0.02198111878258419,0.04917570804565309,-0.5253012048192771,0.9156912340732619,0.9440378805542504,-0.4275347149932917
results/models/65006995/evaluation_ridge_censored_amr_evo2_all_sources.json,ciprofloxacin,False,8493,1156,7337,0.9279406570116566,0.5484429065743944,0.8750735900153067,0.2093425605536332,0.012834098669492523,0.05922524431885082,-1.1695501730103806,0.9162580699018806,0.9381349624481851,-0.4616793559406617
results/models/65006995/evaluation_ridge_censored_amr_evo2_all_sources.json,gentamicin,False,9514,5221,4293,0.9292621400042044,0.9138096150162804,0.647887323943662,0.4987550277724574,0.009354635274332562,0.061383224721463105,-0.4953074123731086,0.912840444369289,0.9444206908693823,-0.9622361126564886
results/models/65006995/evaluation_ridge_censored_amr_evo2_human_clinical.json,ceftriaxone,False,2822,157,2665,0.926293408929837,0.2802547770700637,0.9064493267186393,0.10828025477707007,0.03827072997873848,0.03543586109142452,1.7579617834394905,0.9010160802264436,0.9528897311212814,-0.3756859111851372
results/models/65006995/evaluation_ridge_censored_amr_evo2_human_clinical.json,ciprofloxacin,False,3809,647,3162,0.9099501181412444,0.5826893353941267,0.8353898661065896,0.2132921174652241,0.022315568390653715,0.06773431346810187,-0.5316846986089645,0.8884716193677381,0.936160413716994,-0.563645821348018
results/models/65006995/evaluation_ridge_censored_amr_evo2_human_clinical.json,gentamicin,False,3348,440,2908,0.9124850657108722,0.5272727272727272,0.8458781362007168,0.15454545454545454,0.014934289127837515,0.07258064516129033,-1.1045454545454545,0.8941386164671986,0.9309533800816057,-0.4919709320424861
results/models/65006995/evaluation_ridge_censored_evo2_all_sources.json,ceftriaxone,False,7097,830,6267,0.8710722840636889,0.25180722891566265,0.8342961814851345,0.08313253012048193,0.04072143159081302,0.0882062843454981,-1.342168674698795,0.8488491713332443,0.8990829664456859,-0.5219651925584998
results/models/65006995/evaluation_ridge_censored_evo2_all_sources.json,ciprofloxacin,False,8493,1156,7337,0.9111032615094784,0.43685121107266434,0.8611797951253974,0.16349480968858132,0.011067938302131167,0.07782880018839045,-1.5683391003460208,0.8985431296086482,0.9240190336454893,-0.4866300029113554
results/models/65006995/evaluation_ridge_censored_evo2_all_sources.json,gentamicin,False,9514,5221,4293,0.8844860206012193,0.8904424439762497,0.5839815009459743,0.4520206856923961,0.026382173638848015,0.08913180575993274,-0.3903466768818234,0.8625396714847945,0.9084238714619064,-1.1393689037082717
results/models/65006995/evaluation_ridge_censored_evo2_human_clinical.json,ceftriaxone,False,2822,157,2665,0.8954642097802976,0.1592356687898089,0.8717221828490432,0.05732484076433121,0.048547129695251594,0.05598866052445074,1.910828025477707,0.8566995015852638,0.9358198751796276,-0.39589747359763205
results/models/65006995/evaluation_ridge_censored_evo2_human_clinical.json,ciprofloxacin,False,3809,647,3162,0.8844841165660279,0.5115919629057187,0.8062483591493831,0.2117465224111283,0.06143344709897611,0.05408243633499606,0.3740340030911901,0.8586327965904462,0.9113514444212651,-0.6517802348849383
results/models/65006995/evaluation_ridge_censored_evo2_human_clinical.json,gentamicin,False,3348,440,2908,0.8817204301075269,0.45681818181818185,0.8082437275985663,0.1318181818181818,0.022102747909199524,0.0961768219832736,-1.0795454545454546,0.8624577351481933,0.9068295547385621,-0.5399544975019778
results/models/65006995/evaluation_ridge_censored_human_clinical.json,ceftriaxone,False,2822,157,2665,0.9177888022678952,0.21019108280254778,0.9032600992204111,0.03821656050955414,0.04145995747696669,0.0407512402551382,1.6624203821656052,0.8894553844708488,0.9473486175985945,-0.39269158236775775
results/models/65006995/evaluation_ridge_censored_human_clinical.json,ciprofloxacin,False,3809,647,3162,0.9128380152270937,0.5842349304482226,0.8461538461538461,0.2581143740340031,0.02021527960094513,0.06694670517196115,-0.5239567233384853,0.8909996515284364,0.9391628238304032,-0.5483274076644907
results/models/65006995/evaluation_ridge_censored_human_clinical.json,gentamicin,False,3348,440,2908,0.8850059737156512,0.3431818181818182,0.828853046594982,0.07272727272727272,0.01015531660692951,0.10483870967741936,-1.7295454545454545,0.8661351293616951,0.9101489827410285,-0.5385652481745056
results/models/65006996/evaluation_ridge_censored_amr_evo2_acquired_human_clinical.json,ceftriaxone,False,2822,157,2665,0.9220411055988661,0.25477707006369427,0.906094968107725,0.08280254777070063,0.03933380581148122,0.03862508858965273,1.8471337579617835,0.8947368421052632,0.9519634251865217,-0.38211943455605685
results/models/65006996/evaluation_ridge_censored_amr_evo2_acquired_human_clinical.json,ciprofloxacin,False,3809,647,3162,0.9146757679180887,0.6012364760432767,0.8556051457075348,0.29675425038639874,0.022315568390653715,0.06300866369125754,-0.5425038639876353,0.8947440342271236,0.938880938330311,-0.5487647342557076
results/models/65006996/evaluation_ridge_censored_amr_evo2_acquired_human_clinical.json,gentamicin,False,3348,440,2908,0.9160692951015532,0.5318181818181819,0.8509557945041816,0.15227272727272728,0.014635603345280765,0.06929510155316607,-1.1136363636363635,0.8986435436612625,0.9375747589689096,-0.4962069468000375
results/models/65006996/evaluation_ridge_censored_amr_evo2_panel_human_clinical.json,ceftriaxone,False,2822,157,2665,0.9160170092133239,0.21019108280254778,0.8954642097802976,0.08917197452229299,0.03720765414599575,0.04677533664068037,1.197452229299363,0.8896656352539383,0.945243750446944,-0.41018976737929286
results/models/65006996/evaluation_ridge_censored_amr_evo2_panel_human_clinical.json,ciprofloxacin,False,3809,647,3162,0.906537148857968,0.5517774343122102,0.8430034129692833,0.23183925811437403,0.023890784982935155,0.06957206615909688,-0.5873261205564142,0.8842320787357549,0.9309735573177952,-0.5564268382891806
results/models/65006996/evaluation_ridge_censored_amr_evo2_panel_human_clinical.json,gentamicin,False,3348,440,2908,0.8924731182795699,0.38181818181818183,0.8336320191158901,0.08636363636363636,0.010752688172043012,0.0967741935483871,-1.575,0.8766689989391593,0.9120299394182054,-0.5290407818225962
results/models/65006996/evaluation_ridge_censored_human_clinical.json,ceftriaxone,False,2822,157,2665,0.9177888022678952,0.21019108280254778,0.9032600992204111,0.03821656050955414,0.04145995747696669,0.0407512402551382,1.6624203821656052,0.8894553844708488,0.9473486175985945,-0.39269158236775775
results/models/65006996/evaluation_ridge_censored_human_clinical.json,ciprofloxacin,False,3809,647,3162,0.9128380152270937,0.5842349304482226,0.8461538461538461,0.2581143740340031,0.02021527960094513,0.06694670517196115,-0.5239567233384853,0.8909996515284364,0.9391628238304032,-0.5483274076644907
results/models/65006996/evaluation_ridge_censored_human_clinical.json,gentamicin,False,3348,440,2908,0.8850059737156512,0.3431818181818182,0.828853046594982,0.07272727272727272,0.01015531660692951,0.10483870967741936,-1.7295454545454545,0.8661351293616951,0.9101489827410285,-0.5385652481745056
results/models/65006996/evaluation_xgboost_aft_amr_evo2_acquired_human_clinical.json,ceftriaxone,False,2822,157,2665,0.9156626506024096,0.5414012738853503,0.8525868178596739,0.2356687898089172,0.03437278525868179,0.049964564138908575,0.20382165605095542,0.888164599555684,0.9456822218564329,-0.5421522445615466
results/models/65006996/evaluation_xgboost_aft_amr_evo2_acquired_human_clinical.json,ciprofloxacin,False,3809,647,3162,0.9196639537936466,0.6367851622874807,0.8430034129692833,0.2642967542503864,0.027303754266211604,0.05303229194014177,-0.1777434312210201,0.9009941952662797,0.9431240071186717,-0.608563847857526
results/models/65006996/evaluation_xgboost_aft_amr_evo2_acquired_human_clinical.json,gentamicin,False,3348,440,2908,0.9181600955794504,0.5795454545454546,0.8497610513739546,0.21136363636363636,0.012544802867383513,0.06929510155316607,-1.1045454545454545,0.8965509346974865,0.9438467986678868,-0.48249551416264985
results/models/65006996/evaluation_xgboost_aft_amr_evo2_panel_human_clinical.json,ceftriaxone,False,2822,157,2665,0.9170800850460666,0.554140127388535,0.8444365698086463,0.22929936305732485,0.01771793054571226,0.06520198440822111,-0.5668789808917197,0.8704305763830086,0.952367422718127,-0.6135998333101899
results/models/65006996/evaluation_xgboost_aft_amr_evo2_panel_human_clinical.json,ciprofloxacin,False,3809,647,3162,0.8986610658965608,0.5347758887171561,0.8009976371751116,0.125193199381762,0.04778156996587031,0.05355736413756892,0.25193199381761977,0.8770039379347399,0.9242602364636683,-0.6726732488694026
results/models/65006996/evaluation_xgboost_aft_amr_evo2_panel_human_clinical.json,gentamicin,False,3348,440,2908,0.9047192353643967,0.4727272727272727,0.8330346475507766,0.125,0.011350059737156512,0.08393070489844684,-1.3045454545454545,0.888111063464837,0.9205822927845017,-0.5190619196507864
results/models/65006996/evaluation_xgboost_aft_human_clinical.json,ceftriaxone,False,2822,157,2665,0.9287739192062368,0.49044585987261147,0.8827072997873848,0.12738853503184713,0.025159461374911412,0.04606661941885188,0.012738853503184714,0.9004430874759451,0.9571990095265489,-0.5898756729149246
results/models/65006996/evaluation_xgboost_aft_human_clinical.json,ciprofloxacin,False,3809,647,3162,0.9183512733000787,0.6275115919629057,0.833289577316881,0.1839258114374034,0.0244158571803623,0.057232869519558936,-0.15919629057187018,0.9003232611916765,0.9404078415991167,-0.6352558729923634
results/models/65006996/evaluation_xgboost_aft_human_clinical.json,gentamicin,False,3348,440,2908,0.8942652329749103,0.4409090909090909,0.8276583034647551,0.12727272727272726,0.011947431302270013,0.0937873357228196,-1.3909090909090909,0.8612498712233315,0.9309584229946277,-0.5319218428610133
results/posthoc/family/65022960/dev_evaluation_ridge_censored_family_human_clinical.json,ceftriaxone,False,2822,157,2665,0.9241672572643516,0.2611464968152866,0.8958185683912119,0.09554140127388536,0.039688164422395464,0.03614457831325301,2.305732484076433,0.9003429808622051,0.9519695763220711,-0.38111619000319297
results/posthoc/family/65022960/dev_evaluation_ridge_censored_family_human_clinical.json,ciprofloxacin,False,3809,647,3162,0.9141506957206615,0.5965996908809892,0.8482541349435547,0.24574961360123648,0.02362824888422158,0.062221055395116825,-0.3755795981452859,0.8939638680151277,0.9402748068924539,-0.5425866597709238
results/posthoc/family/65022960/dev_evaluation_ridge_censored_family_human_clinical.json,gentamicin,False,3348,440,2908,0.8927718040621266,0.34545454545454546,0.8348267622461171,0.08409090909090909,0.012544802867383513,0.09468339307048984,-1.5795454545454546,0.8703691393377423,0.9188614931900057,-0.5109853578599838
results/posthoc/family/65022960/dev_evaluation_xgboost_aft_family_human_clinical.json,ceftriaxone,False,2822,157,2665,0.9326718639262934,0.535031847133758,0.8936924167257264,0.11464968152866242,0.026931254429482635,0.040396881644223954,0.3885350318471338,0.8982990258928013,0.9643619232324253,-0.459147030529979
results/posthoc/family/65022960/dev_evaluation_xgboost_aft_family_human_clinical.json,ciprofloxacin,False,3809,647,3162,0.9165135206090838,0.6105100463678517,0.8319768968233132,0.160741885625966,0.02546600157521659,0.05802047781569966,-0.1391035548686244,0.9009123006322555,0.9344414870002993,-0.620042241237946
results/posthoc/family/65022960/dev_evaluation_xgboost_aft_family_human_clinical.json,gentamicin,False,3348,440,2908,0.8951612903225806,0.36818181818181817,0.8336320191158901,0.08181818181818182,0.014336917562724014,0.09050179211469533,-1.5681818181818181,0.8692219933438754,0.9271807239836984,-0.4988722925562123
results/posthoc/family/65022960/scoring-65023163/evaluation_ridge_censored_family_human_clinical.json,ceftriaxone,True,1505,359,1146,0.7714285714285715,0.3649025069637883,0.6651162790697674,0.13370473537604458,0.07441860465116279,0.15415282392026577,-0.8941504178272981,0.6661839081777549,0.8173385778993993,-0.9577120786823263
results/posthoc/family/65022960/scoring-65023163/evaluation_ridge_censored_family_human_clinical.json,ciprofloxacin,True,1505,260,1245,0.9036544850498339,0.49615384615384617,0.8172757475083057,0.13076923076923078,0.013953488372093023,0.0823920265780731,-1.1807692307692308,0.8376309349573146,0.9482547016219165,-0.5097838798633468
results/posthoc/family/65022960/scoring-65023163/evaluation_ridge_censored_family_human_clinical.json,gentamicin,True,1505,184,1321,0.8803986710963455,0.1793478260869565,0.8498338870431894,0.06521739130434782,0.015946843853820596,0.10365448504983389,-2.3097826086956523,0.8547139938140633,0.903594836021704,-0.5961880347758501
results/posthoc/family/65022960/scoring-65023163/evaluation_xgboost_aft_family_human_clinical.json,ceftriaxone,True,1505,359,1146,0.8538205980066446,0.6518105849582173,0.3568106312292359,0.27019498607242337,0.027906976744186046,0.11827242524916944,-0.7827298050139275,0.7836412432347745,0.8920677805435837,-1.1107622280727631
results/posthoc/family/65022960/scoring-65023163/evaluation_xgboost_aft_family_human_clinical.json,ciprofloxacin,True,1505,260,1245,0.9382059800664452,0.7192307692307692,0.8199335548172757,0.12692307692307692,0.008637873754152824,0.053156146179401995,-1.1115384615384616,0.9175057761100089,0.958947125874374,-0.5118163042123229
results/posthoc/family/65022960/scoring-65023163/evaluation_xgboost_aft_family_human_clinical.json,gentamicin,True,1505,184,1321,0.9009966777408638,0.27717391304347827,0.8584717607973422,0.07608695652173914,0.012624584717607974,0.08637873754152824,-1.7608695652173914,0.8708209614988511,0.9279761499284739,-0.5662043575652134
