file,bytes,sha256
logs/embed-units-64983760_0.err,314,2403ac49b046ca2f966f27086eb4e3ed4db70dd17cb195998c564cc4aacbdd37
logs/embed-units-64983760_0.out,18955,03b4e2ae492eee5f9c90e9e602eeab18a2abfb0bbf922acee78a3c3ad4f999d3
logs/embed-units-64983760_1.err,312,74e6b6bb12d39d8fd8f3d36f0dce4e1ebafc2f688de9e602960c0ff3fe0bf64c
logs/embed-units-64983760_1.out,18955,3e3c0a40a6e5960f7bb74d8a77c5c70f7adb35ec08873e07d747e41ca5397d74
logs/embed-units-64983760_2.err,314,2f149f9273a79ef79dfa1917a65b28caddc0f7ffa1002fb7e42653ef77a226d3
logs/embed-units-64983760_2.out,18956,42cc1efa0d0ca6f9b44f9c0127a3478cf86f7fbc06f8e7d39ea5e37ae0b923bf
logs/embed-units-64983760_3.err,312,dbd23d0b2e4ed725bb0b9de93b7e2a3fbd47466b0e135c1f1a18e96daee9c49b
logs/embed-units-64983760_3.out,18955,b9f0c292f5e99688f3133c5a36e8bc4b2b6a8fb661183e3edaaf932c22e2b430
logs/external-evaluate-65020832.err,0,e3b0c44298fc1c149afbf4c8996fb92427ae41e4649b934ca495991b7852b855
logs/external-evaluate-65020832.out,0,e3b0c44298fc1c149afbf4c8996fb92427ae41e4649b934ca495991b7852b855
logs/leave-variant-65051616_0.err,0,e3b0c44298fc1c149afbf4c8996fb92427ae41e4649b934ca495991b7852b855
logs/leave-variant-65051616_0.out,0,e3b0c44298fc1c149afbf4c8996fb92427ae41e4649b934ca495991b7852b855
logs/leave-variant-65051616_1.err,0,e3b0c44298fc1c149afbf4c8996fb92427ae41e4649b934ca495991b7852b855
logs/leave-variant-65051616_1.out,0,e3b0c44298fc1c149afbf4c8996fb92427ae41e4649b934ca495991b7852b855
logs/leave-variant-65051616_2.err,0,e3b0c44298fc1c149afbf4c8996fb92427ae41e4649b934ca495991b7852b855
logs/leave-variant-65051616_2.out,0,e3b0c44298fc1c149afbf4c8996fb92427ae41e4649b934ca495991b7852b855
logs/leave-variant-65051616_3.err,0,e3b0c44298fc1c149afbf4c8996fb92427ae41e4649b934ca495991b7852b855
logs/leave-variant-65051616_3.out,0,e3b0c44298fc1c149afbf4c8996fb92427ae41e4649b934ca495991b7852b855
logs/leave-variant-65051616_4.err,0,e3b0c44298fc1c149afbf4c8996fb92427ae41e4649b934ca495991b7852b855
logs/leave-variant-65051616_4.out,0,e3b0c44298fc1c149afbf4c8996fb92427ae41e4649b934ca495991b7852b855
logs/leave-variant-65051616_5.err,0,e3b0c44298fc1c149afbf4c8996fb92427ae41e4649b934ca495991b7852b855
logs/leave-variant-65051616_5.out,0,e3b0c44298fc1c149afbf4c8996fb92427ae41e4649b934ca495991b7852b855
logs/leave-variant-readout-65054505.err,0,e3b0c44298fc1c149afbf4c8996fb92427ae41e4649b934ca495991b7852b855
logs/leave-variant-readout-65054505.out,822,49e6f89062d48623171722d94659073bfc9ac277182ba17667a774a6d6f604ed
logs/model-round-65006995.err,0,e3b0c44298fc1c149afbf4c8996fb92427ae41e4649b934ca495991b7852b855
logs/model-round-65006995.out,0,e3b0c44298fc1c149afbf4c8996fb92427ae41e4649b934ca495991b7852b855
logs/posthoc-score-65023163.err,0,e3b0c44298fc1c149afbf4c8996fb92427ae41e4649b934ca495991b7852b855
logs/posthoc-score-65023163.out,1071,19c1d5b417ee51360ab175829a68c7058e3e352898d605fca98c1d092e0e4d50
provenance/amrfinder-conda-explicit.txt,5619,908854b4a0a07645bceca004a99b78ee288b86556b41d1dc74d491a39c264e02
provenance/amrfinder-database-frozen.txt,762,79ee3a4fda824ff7d307ee85f12943d6d35c1a6d4738da26d54a374ca6cf507e
provenance/amrfinder-database-metadata-64689133.txt,768,55ee918a129af357c6a74e8de6ad57294ae9079b7a07ec78459c140dd6cb68b8
provenance/amrfinder-database-probe-64689133.txt,240,e741b6addf8a1dca365c0d195f659b1250091d10f541e55d6540fcbfe024198a
provenance/conda-cache-cleanup-64635031.txt,1470,f13cdc42688d87854e9969020a51a36300e9799c5e650d20321422691271a2e8
provenance/conda-cache-cleanup-64635031.txt.sha256,176,026507eb3bbb97c8e2e36fd644a2084e13443a2f485e8396f7b4cb988e06314f
provenance/controller-conda-explicit.txt,14386,61239ea667bd1ca8acb666f2add88b38d4fe964e083bcced36a999d9745ee389
provenance/disjointness-conda-explicit.txt,12420,e003c53b228384f262c24c1339aaa2e007fcdb541e3efcc058be52dcb2342018
provenance/disjointness-environment.sha256,381,25624cd5e406ce91f7033148c9d24bd5f52893bec6a92f4ecfffd7e7d02dcd81
provenance/disjointness-tool-versions.txt,94,75ecc2e8000b55562fe3f049e0942d8e783f5d75e54d660e1abee85e0ad56558
provenance/embeddings-conda-explicit.txt,15942,306861b9cb9bf7d57e0bead6d667f8117a225f4e6d4da36b2f3baf81a29f6f7a
provenance/embeddings-environment.sha256,375,e850b9709613edb1610ba470a3defad4cd57eb7bb787702f8c0c10be13fb144a
provenance/embeddings-tool-versions.txt,410,712e6f2080266c996245afbc64dcaa3a7e594d7337fc6f48428ea85d738a0318
provenance/genomics-environment-64689133.sha256,391,6cc482cec4ec9fece0f8a86040cedf67c08e045e0017a943d276ee0e751e170d
provenance/genomics-mlst-conda-explicit.txt,22436,d539adadb498a797e721cda6ff1fa5100dc407cdecc0b7615d97cfe364dfe099
provenance/genomics-qc-conda-explicit.txt,16237,33474d0cbdfebe710a7d43dd76146dfc7212dea5dc5b570afec6d3a1d867e78c
provenance/genomics-setup.txt,260,6ae25a4c8d79e5509b2f1ddfbb4fe4a221311112bdc62f953d8ddc9a1a6535db
provenance/genomics-tool-versions.tsv,70,bb723f4fc62254be42b701a9d55b147865fa92330be0534929361fa7853a2c48
provenance/gpu-smoke-62970717.txt,148,06033f3a4b9c806e2044de7794e3ba51c80300ed42699f34b5f154a6e853175a
provenance/gpu-smoke-64634160.txt,148,224b8c5f310861d919a22aa931f4addaa0ea4f51db4f5ed7593c95c04cb8ba5c
provenance/hf-dedup-64668609.txt,592,af7aaea5aaa5e497be125ea9d49dbd6d9af6fa462011add909131b14de76a9a2
provenance/hf-dedup-64668609.txt.sha256,99,8e4b288e445292402071de02c1a3f6bcbe7034f7f17bbdcb8b81b3237c9a3bbd
provenance/models-conda-explicit.txt,4586,f17ec803ec877a3959c19439cfb0e27e296803cd2bb7be2ea69495c851e641ea
provenance/models-environment.sha256,363,3a3dc8fe744cf685e14994eecef62c3caa20f52d60f192af9a64bd2b2963641e
provenance/models-tool-versions.txt,66,92de55a5be65c3e1f4885f323eb7234099d8b4058225f0831ea6ca1d18cbd0ae
results/cohort/64948707/COMPLETE,0,e3b0c44298fc1c149afbf4c8996fb92427ae41e4649b934ca495991b7852b855
results/cohort/64948707/artifact.sha256,1065,0c4aac4b1f3a7f92fdccdb1f989fd396a219af8a32e2b177113e1fda45835496
results/cohort/64948707/cohort_exclusions.csv,2159220,d99b5261db2620fb2144784082858907a1100c9abc5d619babdf936cf0e5c1c5
results/cohort/64948707/cohort_manifest.json,2241,af24afe9258b2fd187a0f972bad50db1e2b7cefb126f09e0eb25245633e5b348
results/cohort/64948707/cohort_validation.json,2276,d10a20a4b781efe1f9bc6f0b1531ea640f9f7959064042fd0e3396515b67c74c
results/cohort/64948707/cross_lineage_ledger.csv,389,dcf861124081a47c7d056b12cfdee3eb341022748b8a1a49070e5f0c4e87ab84
results/cohort/64948707/genome_manifest.json,2288,5f57baa84f28a0df4b182662c35708400401ca58651c48263407bcff132e6a1e
results/cohort/64948707/genome_manifest.tsv,5825385,e4e006d88754acffc3ad8e1617f64ccaeff0fd8c5968176ab86dd2ad8197d2de
results/cohort/64948707/isolate_metadata.csv,4296634,8da74d7c33dc13958ba95db02b9e6419ee2bebfc5ac166211b31790123b91dbf
results/cohort/64948707/isolate_metadata_exclusions.csv,159638,7dafc789aeef06ba6d7a69f094287495c9b4f26ca392d0efe9dfcb390386f844
results/cohort/64948707/isolate_metadata_manifest.json,3297,d97a8c3f9a9456ea2ddc37892965dcb2039ddae9640b547aca58a01f0551e141
results/cohort/64948707/lineage_adequacy.json,4651,0890e0786afaff16f7f1af257094968affde4c42fb20cf7f9b6624efdd53945d
results/cohort/64948707/provenance.txt,744,61248391fe4962d4e848c98272ba83067ca799a52c954ba35b0227cc83648b85
results/cohort/64948707/research_cohort.csv,28293169,6b066cfdab16871287a51331e8942e69f071a06b4971d1746ee0d53ad921ed0d
results/comparisons/65016028/COMPLETE,0,e3b0c44298fc1c149afbf4c8996fb92427ae41e4649b934ca495991b7852b855
results/comparisons/65016028/artifact.sha256,1107,e04485683968f1d0f7c0b5a55cb60ec68fb210f8fc087b9e9b31be30fd9df2a2
results/comparisons/65016028/provenance.txt,107,25345178bc92044fe47868c74d520b09f609c20fedca08e7bc597804b50ec6da
results/comparisons/65016028/ridge_amr_all_sources.json,7534,0ab50b412bec5e16c3b19eb47ddf1bc7b43fc2ab4c12ec9d3897abf2ea52fec2
results/comparisons/65016028/ridge_amr_evo2_acquired_human_clinical.json,7219,c190a04f91b8c9e9a5caafa49354de7532dad8bc909b1e9433e119d6bdcd1a7b
results/comparisons/65016028/ridge_amr_evo2_all_sources.json,7630,730dd7ae715cfbc4da7b9cab8ef6fcdbd04a6e4de79c3fbe1852cb4260773586
results/comparisons/65016028/ridge_amr_evo2_human_clinical.json,7227,afcc40a9ebb7975f64680d7ea9db87a5d1ab0c5191a0d52e218983dd9c646219
results/comparisons/65016028/ridge_amr_human_clinical.json,7150,646643b4fd98c6df1c413e75764e51bb023bcfe184ce3778b7ac3f97fb39f988
results/comparisons/65016028/xgboost_amr_all_sources.json,7532,04e82a35c15db7f981db035ef737e9817477482fd16317ca289c708649fca953
results/comparisons/65016028/xgboost_amr_evo2_acquired_human_clinical.json,7264,0d49dd8329cc31b48ea5f471cd4513d914e999c5dad302005bb60fdbac6de78a
results/comparisons/65016028/xgboost_amr_evo2_all_sources.json,7641,79625e8b6d4dcc0ccc2cb3194f713ab9792431e4551879b60f6ca16c3670d6d9
results/comparisons/65016028/xgboost_amr_evo2_human_clinical.json,7240,aba2a37b1c3f2372df114b7a9224c964347d47fc7d892257c92fb6bb26b61d37
results/comparisons/65016028/xgboost_amr_human_clinical.json,7144,03a6f31924d68c34cc9969416002157fa38e5fef35ebd08f43c9a71e956856b0
results/external/evaluation/65020832/COMPLETE,0,e3b0c44298fc1c149afbf4c8996fb92427ae41e4649b934ca495991b7852b855
results/external/evaluation/65020832/artifact.sha256,5361,caf40e5a45e54d43dfe920a34ac5f352d948134288c1708187d18f5a4cc13c53
results/external/evaluation/65020832/comparison_ridge_censored_amr_all_sources.json,5944,640a39ba6921fdc64531b2f6a640828ee9f716ce33e1388376fd3b7714c5882a
results/external/evaluation/65020832/comparison_ridge_censored_amr_evo2_all_sources.json,7629,5777f5b56d8e31ebb35bcefa8f70788106f059ef5f1c0e03f8a117a7514d0439
results/external/evaluation/65020832/comparison_ridge_censored_amr_evo2_human_clinical.json,7640,a9edeca32dd93d7cbc143c439f181e73f2fbf948c5fa59d109546aca16280cf0
results/external/evaluation/65020832/comparison_ridge_censored_amr_human_clinical.json,5954,8ae5672c301bc602fd03b2bd7bfe860e16a48cba0c02678d79813784f82111f5
results/external/evaluation/65020832/comparison_ridge_censored_evo2_all_sources.json,7625,5b434cedeba3f04868b8f6f5cfd921bc97b63ef42f19c76a03ce2c91802c8617
results/external/evaluation/65020832/comparison_ridge_censored_evo2_human_clinical.json,7639,4cff937bf186ecdc719984321ced09090d9dd4370e569a8518bca44695d68576
results/external/evaluation/65020832/comparison_xgboost_aft_amr_all_sources.json,5932,1147f6f57569ed3424fc69b9e0b951a8f387a2dba18f773a3a20ad2ec216dc84
results/external/evaluation/65020832/comparison_xgboost_aft_amr_evo2_all_sources.json,7627,29abd637e7fa474fd224798b7ab885cb064b872d3f353aea0dd1b7d608b1c318
results/external/evaluation/65020832/comparison_xgboost_aft_amr_evo2_human_clinical.json,7632,c9367a9400899e22b24b9d13eea33b9cd13da68caaee1110816375e09857e22f
results/external/evaluation/65020832/comparison_xgboost_aft_amr_human_clinical.json,5943,4e2e44f3ca4fa732391e068553308d2de3ab56a2434d91a4f7a1f0d12af86ba8
results/external/evaluation/65020832/comparison_xgboost_aft_evo2_all_sources.json,7613,8fe32532b6bcec0e051b7567c16a479582055bfbc1ebf5d890fe3234ced935c1
results/external/evaluation/65020832/comparison_xgboost_aft_evo2_human_clinical.json,7634,159984bf95e39575453526d347e9fcf702b98da821cecb653ec4999ea9d03f58
results/external/evaluation/65020832/evaluation_predictions_constant_all_sources.json,9725,6250b33857e5e9b0dc5c5065c415ae100ed99443e5c96f2007423d51aee1590f
results/external/evaluation/65020832/evaluation_predictions_constant_human_clinical.json,9728,99e4968cd08f0e1638fa1e4152fdd70da827b97a977208a3c7939a767d6611c2
results/external/evaluation/65020832/evaluation_predictions_neighbor_all_sources.json,10809,266da17f5b0955b4a4c06707f4a843880eda7aeb2ff14e047e4c18959bdb0638
results/external/evaluation/65020832/evaluation_predictions_neighbor_human_clinical.json,10779,16432422f08c5525a4cfbc29d0ad22c50a8c2bb965b3c3d8ba365cbdc560aac5
results/external/evaluation/65020832/evaluation_predictions_ridge_censored_amr_all_sources.json,11346,6731cf0232e24532a70b69f869f13a855b20f0ab3c62cc46191284960a0e230e
results/external/evaluation/65020832/evaluation_predictions_ridge_censored_amr_evo2_all_sources.json,11382,134344798cac82a1a74d2b282de20e5aba1e2f79f402061678a83e138a4469eb
results/external/evaluation/65020832/evaluation_predictions_ridge_censored_amr_evo2_human_clinical.json,11341,9aa64f496aa782f346554bd9d5134bcaaa11ab8a957d23dbe675b1fc4303a988
results/external/evaluation/65020832/evaluation_predictions_ridge_censored_amr_human_clinical.json,11358,f145fb15f3b0fa93e47ce54ae1be181312b6308f3b233fa28ef3715ddf0e4ec8
results/external/evaluation/65020832/evaluation_predictions_ridge_censored_evo2_all_sources.json,11359,89a5644687b015d0bd4c773f551c57813f0fdab8c5ef32416dd7a840553a7413
results/external/evaluation/65020832/evaluation_predictions_ridge_censored_evo2_human_clinical.json,11372,24adf3a9f3613a8cc3fdde930d5f2a8ea8d622e2f2a72ad7336dc887fe074577
results/external/evaluation/65020832/evaluation_predictions_xgboost_aft_amr_all_sources.json,11299,daa365d2e4683232384b64b75c23502edcce8ac5204fd045d7de0831160dc7f0
results/external/evaluation/65020832/evaluation_predictions_xgboost_aft_amr_evo2_all_sources.json,11336,454d2ae3649e185f683adf6a7c1bb3334719ea8baf768a30f0d306e446b88d38
results/external/evaluation/65020832/evaluation_predictions_xgboost_aft_amr_evo2_human_clinical.json,11320,9a170c38afd1ed18e6fc624cba77c6a308401c9d4a4fe372a429baecb118d4ef
results/external/evaluation/65020832/evaluation_predictions_xgboost_aft_amr_human_clinical.json,11365,4497004d18046b1839989eda9555c869f052d4ccfb1fea4ff8e0083c93ef2791
results/external/evaluation/65020832/evaluation_predictions_xgboost_aft_evo2_all_sources.json,11322,cbc56c29c8828799c9d1b8498504fa0b6b27f9050b94b05551e651c329597b19
results/external/evaluation/65020832/evaluation_predictions_xgboost_aft_evo2_human_clinical.json,11350,78d8c6509ac5a442cdd6656641a9b920057276de45cae085f2120f6293670622
results/external/evaluation/65020832/provenance.txt,405,1e5d09a09cc6c5fce78c2b452b979a60c516d15fbcbbdc13b69b5bf1617bde5b
results/external/evaluation/65020832/scored_predictions_constant_all_sources.csv,546971,8619bdd231beea556f4f9d865d75c95bf2ae9775fdc8ae8a6a57c61e984f220b
results/external/evaluation/65020832/scored_predictions_constant_human_clinical.csv,560516,d4e452196570338423243fc96d8b1e84b8f4596f7e7970292b804c9746e39836
results/external/evaluation/65020832/scored_predictions_neighbor_all_sources.csv,442925,0151b8ca7319ca081fae809221b0cf30dd9f8361fc74820eabbb2b17550e9e44
results/external/evaluation/65020832/scored_predictions_neighbor_human_clinical.csv,456104,ff608bd2ebc17d620732baa84dc58faee227b7e27393c1f4667f794fdcf6e927
results/external/evaluation/65020832/scored_predictions_ridge_censored_amr_all_sources.csv,793322,680633283f88c341ccc45aef893f393b7f3575a433a0365bc65a555e43ea393e
results/external/evaluation/65020832/scored_predictions_ridge_censored_amr_evo2_all_sources.csv,885126,a6df50755c17e08967ac38a20876516aab5ad8e943dbd4cb6987350025522987
results/external/evaluation/65020832/scored_predictions_ridge_censored_amr_evo2_human_clinical.csv,903124,2f55434127486eca183b6379077cdd4eb41933e4b5d3057e5e699cc06461c771
results/external/evaluation/65020832/scored_predictions_ridge_censored_amr_human_clinical.csv,800689,bb02d99f76f6b71542b9c5f113dc523b9725f74ff27fb8629d4dda91d947f3c4
results/external/evaluation/65020832/scored_predictions_ridge_censored_evo2_all_sources.csv,873218,2a1b78f6d4305bcf15c1c39574a2cf13e9b8e145c7c7d7bc665cfe4033e06a25
results/external/evaluation/65020832/scored_predictions_ridge_censored_evo2_human_clinical.csv,884669,8509939d86e8ff5a4d027f10139b48778cc484920817c12394f876e81080fe25
results/external/evaluation/65020832/scored_predictions_xgboost_aft_amr_all_sources.csv,912839,c579ac57a2ee040fa0fb9ad17f772e94eb1c59eb3b446a0371e3ffeaea7c0a6b
results/external/evaluation/65020832/scored_predictions_xgboost_aft_amr_evo2_all_sources.csv,1007226,b9c493e5e5d6032f3df2b200a2b9a5746e2d042376519471c0bc04c6f5eb77fd
results/external/evaluation/65020832/scored_predictions_xgboost_aft_amr_evo2_human_clinical.csv,1020820,74a9fbeed276fcbc13722610b5f3b89e6ff4c4617403a9a59655dbee7c5dab0e
results/external/evaluation/65020832/scored_predictions_xgboost_aft_amr_human_clinical.csv,926596,ea0dc68713958fd751ce7739d42dc506e906c793b7e3170fb82c788a04a9e1bb
results/external/evaluation/65020832/scored_predictions_xgboost_aft_evo2_all_sources.csv,989467,a91587584f936111d3a352857d80718a28314531f22074067852a52e797c4b01
results/external/evaluation/65020832/scored_predictions_xgboost_aft_evo2_human_clinical.csv,1002706,febf65a283d7fc28ef8005ad1a7c5d3e9b370eff34e0e92c9c718e8c5d4f8e62
results/external/predictions/65019273/manifest_constant_all_sources.json,1840,ecf23d3d6af8e876d6f2fa819b4ed5f83b0ea02c228c0c3d59ac119fc4442e9c
results/external/predictions/65019273/manifest_constant_human_clinical.json,1847,7d127c191c4bdbca1c8bf7ea26cb38696a86e24c0464b6760d0049b94c35636b
results/external/predictions/65019273/manifest_neighbor_all_sources.json,1614,6db6be6073ea0d7c151739cab31f4af74e6ce11252d34b2f76951497151c1ba5
results/external/predictions/65019273/manifest_neighbor_human_clinical.json,1620,c74a38410b93ebfa22ad1e9ff4033003f16a66130f84443f411c593f7ebff8d4
results/external/predictions/65019273/manifest_ridge_censored_amr_all_sources.json,5629,90012330e0431706bae63a5ea55208a0d47023e9794f3aabf319894d5a00dc59
results/external/predictions/65019273/manifest_ridge_censored_amr_evo2_all_sources.json,5814,1343e96fb62bc54d4e7b48502002f7240533b5c9349d26111150fb2c6e50886e
results/external/predictions/65019273/manifest_ridge_censored_amr_evo2_human_clinical.json,5765,544a13beea766b957051985fdc159829194e2f1ac64d4cceff738659290a0fe4
results/external/predictions/65019273/manifest_ridge_censored_amr_human_clinical.json,5607,ddfecbd3b7daf13d48a8332cfedb0ebb2ca1d1ef19935b8828a4a371a823cae3
results/external/predictions/65019273/manifest_ridge_censored_evo2_all_sources.json,5752,38ddf19efaf3e2072290a02955567ab7afab11c6e178e609e6008b18e22a9654
results/external/predictions/65019273/manifest_ridge_censored_evo2_human_clinical.json,5691,260988bb713e0257166351b3c66fd73e1b9d49b2cafe0a96417366a7b3be074a
results/external/predictions/65019273/manifest_xgboost_aft_amr_all_sources.json,5110,080b875e1868ac3ee37c33f861ea6a1c48c18750224cbedf0e4557bb8b85a283
results/external/predictions/65019273/manifest_xgboost_aft_amr_evo2_all_sources.json,5181,fcad76f65241cde3b5a06e4cbb1a1182a83da9f9f7f5be3f045fe24608efb7cf
results/external/predictions/65019273/manifest_xgboost_aft_amr_evo2_human_clinical.json,5222,2abcd658e0482312ab1034cf03e005d89bce6612a4fa4fc57e3127014c409568
results/external/predictions/65019273/manifest_xgboost_aft_amr_human_clinical.json,5168,349eb6f6e1b384e6d45156cd630d33e7166864021deba692dfe526f58407401a
results/external/predictions/65019273/manifest_xgboost_aft_evo2_all_sources.json,5169,57b621430adbac7d22bc8399530c0c57515e5fce9019ffe34431e49a11cd59bd
results/external/predictions/65019273/manifest_xgboost_aft_evo2_human_clinical.json,5214,9b3be6b0d1a0d4d7499b7d397ee48687c0831b78bd9d83a88acd66167698e233
results/external/predictions/65019273/predict_external.sha256.task0,65,baad11dbda3df1197ae7f8b3fa99db21aa109b46fcd57505532708376c989d25
results/external/predictions/65019273/predict_external.sha256.task1,65,baad11dbda3df1197ae7f8b3fa99db21aa109b46fcd57505532708376c989d25
results/external/predictions/65019273/predict_external.sha256.task2,65,baad11dbda3df1197ae7f8b3fa99db21aa109b46fcd57505532708376c989d25
results/external/predictions/65019273/predict_external.sha256.task3,65,baad11dbda3df1197ae7f8b3fa99db21aa109b46fcd57505532708376c989d25
results/external/predictions/65019273/predict_external.sha256.task4,65,baad11dbda3df1197ae7f8b3fa99db21aa109b46fcd57505532708376c989d25
results/external/predictions/65019273/predict_external.sha256.task5,65,baad11dbda3df1197ae7f8b3fa99db21aa109b46fcd57505532708376c989d25
results/external/predictions/65019273/predict_external.sha256.task6,65,baad11dbda3df1197ae7f8b3fa99db21aa109b46fcd57505532708376c989d25
results/external/predictions/65019273/predict_external.sha256.task7,65,baad11dbda3df1197ae7f8b3fa99db21aa109b46fcd57505532708376c989d25
results/external/predictions/65019273/predictions_constant_all_sources.csv,516297,f6e31027e75c5ed0e119e92dcd5ec8ae473300dc1b2982c5638b2b4b66483133
results/external/predictions/65019273/predictions_constant_human_clinical.csv,529842,703c7ba1e53daeb369fcdc449487f755118bf6faf812cb2044e99de5634ba05f
results/external/predictions/65019273/predictions_neighbor_all_sources.csv,412251,f6270776c2bd0811a717bf5831ab8266c997dfa5da77285a1172eb080e7c2a50
results/external/predictions/65019273/predictions_neighbor_human_clinical.csv,425430,eec69e7c9597df209800b2cb5014f43a1105ac5abd1e6d8d9a7163789f4ddf80
results/external/predictions/65019273/predictions_ridge_censored_amr_all_sources.csv,764582,eb607f8679889304f4bd469b2847a19c7416fbe7d76e3330e6286d867bfef29f
results/external/predictions/65019273/predictions_ridge_censored_amr_evo2_all_sources.csv,854883,816d8d5042fd7da16e979c51697d826bc646270b28fc554d865344f19c1e3cbb
results/external/predictions/65019273/predictions_ridge_censored_amr_evo2_human_clinical.csv,872875,d828fa8f527142d1834216880feb615269abab680f721f455829223d95cca671
results/external/predictions/65019273/predictions_ridge_censored_amr_human_clinical.csv,770929,4940d57d813d204b4ea457166c04457a57247e26e6211ed0bcb58046aecd6b06
results/external/predictions/65019273/predictions_ridge_censored_evo2_all_sources.csv,846145,38e79354a81f06c18abf67ee364edf992b171382c133fbbb1b6c4f0a067df773
results/external/predictions/65019273/predictions_ridge_censored_evo2_human_clinical.csv,854500,30f419f82390969d34ac14c822479d17b216ce762071609d7290f4e7451cf208
results/external/predictions/65019273/predictions_xgboost_aft_amr_all_sources.csv,882165,d5c750f7c01e275fb15f365e40b938ec0b450d548a25d62abe33ea3a49caf471
results/external/predictions/65019273/predictions_xgboost_aft_amr_evo2_all_sources.csv,976552,ce4d99bfa58c8988e09b84826ea3937b0422c513fef51723919bc5dab209d499
results/external/predictions/65019273/predictions_xgboost_aft_amr_evo2_human_clinical.csv,990146,73364bda663119d815785338ec44ac7b14c8dd98519fe5dd0e14f90152ad6fda
results/external/predictions/65019273/predictions_xgboost_aft_amr_human_clinical.csv,895922,e9d8598f24b5dc8459e7ede03cee6ae2712b7fd41d87681bf61a892368c86865
results/external/predictions/65019273/predictions_xgboost_aft_evo2_all_sources.csv,958793,cd789c93220eefd5811304c5d7df995ef59ca65954a01027355cfc5b68a94404
results/external/predictions/65019273/predictions_xgboost_aft_evo2_human_clinical.csv,972032,d9abb2934d1187f53de032b46583bb8630567f892afdf158960706fa423d1aff
results/genomics/embeddings/loci/64948707/evo2_20b/run-000-1790574902.json,367,baccaa469c82616228eeb10d6afc1f5d1ac96c34fadb491970e6015945de216d
results/genomics/embeddings/loci/64948707/evo2_20b/run-001-1790578204.json,367,8737fc365fa4e128cc21567ff06abdf524740ef7a041460c212e5c832156568d
results/genomics/embeddings/loci/64948707/evo2_20b/run-002-1790581445.json,367,c1e9bb4df258ec7fc66994e29b72078a4659245d8b769c5c04068c639d121429
results/genomics/embeddings/loci/64948707/evo2_20b/run-003-1790584719.json,366,cce31c8820a225307bec70a01f110d8027f5b16df139f94eccccb809a645220c
results/genomics/embeddings/loci/64948707/evo2_20b/shard-00000.npz,24711912,9e7908c644883978db6948e5ee70112d123ac4c15d90f330d3ebf3fef27af445
results/genomics/embeddings/loci/64948707/evo2_20b/shard-00000.sha256,82,25980f1a5362174ecdbed7a4851c683e1e93f3cc7ad4ccbd5dc283082c1c3fc3
results/genomics/embeddings/loci/64948707/evo2_20b/shard-00001.npz,24711912,ac985a2531d68a1053a935b3a5564b01b6bad907205d0bf241b7163ae62f50ae
results/genomics/embeddings/loci/64948707/evo2_20b/shard-00001.sha256,82,7aa69da30efbf6609d175c51b710dd7277e3ced77d8b8edff8e49dfad5f78631
results/genomics/embeddings/loci/64948707/evo2_20b/shard-00002.npz,24711912,ea11f08e6b3094e455f355ba2426aa523652d4fd7a571bc01d5c9d551d3323cd
results/genomics/embeddings/loci/64948707/evo2_20b/shard-00002.sha256,82,5b6fd1555f0700c5e3f1fd875cdee458017879f26db6fb01675b4e8eb520720b
results/genomics/embeddings/loci/64948707/evo2_20b/shard-00003.npz,24711912,f200ade0016da57d49d57c9e08e4fab9740ab3b1df081c59cc202974c6639934
results/genomics/embeddings/loci/64948707/evo2_20b/shard-00003.sha256,82,fd402ccc2b35cd1c21acce20f4fb80726639c88891e87bfc647fe1e1a4fe6bde
results/genomics/embeddings/loci/64948707/evo2_20b/shard-00004.npz,24711912,44a18c060b9b6d318606e8608b2dff76145b63314fbd502964af29eb902dc3b5
results/genomics/embeddings/loci/64948707/evo2_20b/shard-00004.sha256,82,ecf5b26435e8076ccc2a57dd03aca326ea61aa0c9d16236cc99ace9449ee14b2
results/genomics/embeddings/loci/64948707/evo2_20b/shard-00005.npz,24711912,a0635954bc72da3a007d0c0eaeb27cb620bf3d9164d72ceb693bf57354750047
results/genomics/embeddings/loci/64948707/evo2_20b/shard-00005.sha256,82,96f09247338583ed6362f5af8119fc77d3e77394e30ef6c93321a12681392d2d
results/genomics/embeddings/loci/64948707/evo2_20b/shard-00006.npz,24711912,8911f08d3d89a4d213229c2216fe6a635c5be759d60857cfe45564cc07537ae8
results/genomics/embeddings/loci/64948707/evo2_20b/shard-00006.sha256,82,141ab5eab0b1b9f98fd68576acfdba4c1b0fe9c104fa19dc1c0c03a2582d2d03
results/genomics/embeddings/loci/64948707/evo2_20b/shard-00007.npz,24711912,5bf982b827c2f3f51f0b211dd3bbe035286c8351c0d607773b6aaaff968f5726
results/genomics/embeddings/loci/64948707/evo2_20b/shard-00007.sha256,82,ceb3845992a8a359a78c6d5261a4038cbfa784b3378c193712404c851708bc2a
results/genomics/embeddings/loci/64948707/evo2_20b/shard-00008.npz,24711912,57a3ce36d05ebeeada8212ba7869016081d4349c185b731c7fd021e4e3a0dbca
results/genomics/embeddings/loci/64948707/evo2_20b/shard-00008.sha256,82,ad956d4188bc3c5513d3b3f5426f9e3ced737bb52fb249f945ab32f205641470
results/genomics/embeddings/loci/64948707/evo2_20b/shard-00009.npz,24711912,11d3a2ac7e427b6561d6290b1cb2ec93f3a56e8aa25433e578420006e99698c7
results/genomics/embeddings/loci/64948707/evo2_20b/shard-00009.sha256,82,d821f8ec7796aa681f28d1141da2802434c17506daefab45a1ed7f8be3762f5c
results/genomics/embeddings/loci/64948707/evo2_20b/shard-00010.npz,24711912,f7afc22dd9fd448f25e6ce3dcc00c9f79c815e98393cc3bfb0c7f661cccb7347
results/genomics/embeddings/loci/64948707/evo2_20b/shard-00010.sha256,82,4469fb2698b59a4110ec2083d261299eac2eb2a9b9a08fa587e286fc3ed38c85
results/genomics/embeddings/loci/64948707/evo2_20b/shard-00011.npz,24711912,4f885fba44cf3892397b7e7f154a00cf81f324a19b2f6a82b98728a31b288a46
results/genomics/embeddings/loci/64948707/evo2_20b/shard-00011.sha256,82,8cd7d8cb5dc460bbbf40603ba38db46e5cb5ff53ea4622ed2e8c4c9a2bf7f95a
results/genomics/embeddings/loci/64948707/evo2_20b/shard-00012.npz,24711912,2a92759415974524c5e31e574cd12e07ff3fc0bf62287d6b1b70c228c0150f43
results/genomics/embeddings/loci/64948707/evo2_20b/shard-00012.sha256,82,012c7c4bc98a8d293c466e542996ef0c03e997eebffe645abbbea372e5de911b
results/genomics/embeddings/loci/64948707/evo2_20b/shard-00013.npz,24711912,35f6f2a195a4d7027875bc2ca8d8a975cef5f7d40fc6786a64255b49d32cf83b
results/genomics/embeddings/loci/64948707/evo2_20b/shard-00013.sha256,82,77756a96fa19ebb647484f72fa3a066ff37e90d8d64088e384d3b300ee14c1d5
results/genomics/embeddings/loci/64948707/evo2_20b/shard-00014.npz,24711912,08c6e0e8bbbb59ae2252f35526696f1a92e9017166c71b6bf95a9f9379b9e63c
results/genomics/embeddings/loci/64948707/evo2_20b/shard-00014.sha256,82,eb1bb2c316c7985659c131b993ad140a662af70d24201d1f6f3aff1a11dcc9b4
results/genomics/embeddings/loci/64948707/evo2_20b/shard-00015.npz,24711912,e65c70448de3f6230003b29c2b9c01f47024dc4389f52cd0aa4725aa3e790710
results/genomics/embeddings/loci/64948707/evo2_20b/shard-00015.sha256,82,516b2e299e9b8f745af64be75028bd782275afdd8ff1d4520f839be8d989c6a5
results/genomics/embeddings/loci/64948707/evo2_20b/shard-00016.npz,24711912,fe706f6623da50f4785807546c79c554cee92459047cd29daff3bd5e6230d33e
results/genomics/embeddings/loci/64948707/evo2_20b/shard-00016.sha256,82,8b72b3e3aaf57d177d15ffeeb2d0c4f42a7a143dab8fb2c52478aee7a887e5cc
results/genomics/embeddings/loci/64948707/evo2_20b/shard-00017.npz,24711912,cec270885af1b41ec303d8ce6e8e0ad9a85723d52e546f9d6bcc924962b0fb12
results/genomics/embeddings/loci/64948707/evo2_20b/shard-00017.sha256,82,2388db1e40ddcbe6a14638a7df575a8406e9eb626f09427b284f163bf2546c07
results/genomics/embeddings/loci/64948707/evo2_20b/shard-00018.npz,24711912,70da2322fddf0851a3d0bcd158113e25687bcd24a73871cef7ab44777775202f
results/genomics/embeddings/loci/64948707/evo2_20b/shard-00018.sha256,82,26ef1a3b50835bb3cb996807753cc0ae6688a6ea900eee31f4f3a56dd6eeb366
results/genomics/embeddings/loci/64948707/evo2_20b/shard-00019.npz,24711912,b13a3189c1e324f83714a3c59dc08c4a7361e1ff35833984769162fe9f98c705
results/genomics/embeddings/loci/64948707/evo2_20b/shard-00019.sha256,82,bc499dd8fd10f401d0abfcd8d3a95c5ab13db76a75729511d65c5a03c9fb7ee5
results/genomics/embeddings/loci/64948707/evo2_20b/shard-00020.npz,24711912,b51d09615e08fc710c1b96e051d3e35e0f76f4ddcb3ae7963e10f51a200b4bf5
results/genomics/embeddings/loci/64948707/evo2_20b/shard-00020.sha256,82,7aca0b6690ab6ece9090d5142163e6dd6f0f8d62007ba7a8b91a7359fcbbc2a7
results/genomics/embeddings/loci/64948707/evo2_20b/shard-00021.npz,24711912,ad158625ed457312699deb9f1439f30f6c1e0c24284779adce448c89b3a31c8c
results/genomics/embeddings/loci/64948707/evo2_20b/shard-00021.sha256,82,867a4ad6b2bb9b48b56339d030d94f4bc6daf18a297fa47e250be628d6568655
results/genomics/embeddings/loci/64948707/evo2_20b/shard-00022.npz,24711912,2ff3b10965aeb4767c1a545b10d3290893ff029aea17e7a8d5f245d1f3a98a94
results/genomics/embeddings/loci/64948707/evo2_20b/shard-00022.sha256,82,6b3fe9f536cfdd513491f17fe983589595a49fa9828f83d810c56f3b7dedc20b
results/genomics/embeddings/loci/64948707/evo2_20b/shard-00023.npz,24711912,79017cd14c875a4c432a4d221b6abab4072262fdf33f0b4484acc0773587d2eb
results/genomics/embeddings/loci/64948707/evo2_20b/shard-00023.sha256,82,a19969ce451ac27a07ef343fe89580f00e4db1a21702101dfd6cc83b5c70a9a3
results/genomics/embeddings/loci/64948707/evo2_20b/shard-00024.npz,24711912,5c165c2ed9981b0776264d7cf5a26a3d859c5010e9fa87890a04e22f3303bf6e
results/genomics/embeddings/loci/64948707/evo2_20b/shard-00024.sha256,82,4c0a31f9d986bfa2de498261e2f949fc622c6e6d50300327b9f84b54bffce05a
results/genomics/embeddings/loci/64948707/evo2_20b/shard-00025.npz,24711912,e552cd919a8ed59aeae5ab8cf3fa4a8c0add99e46733ca58059cdad55a7951d3
results/genomics/embeddings/loci/64948707/evo2_20b/shard-00025.sha256,82,660b323b6bc55c1f68169d82a392188ed7fae8b51985702ed88b19423de4202a
results/genomics/embeddings/loci/64948707/evo2_20b/shard-00026.npz,24711912,9914da15fcf6c7d0995a89065fd63ad754c1ce377673e134856a37c24fd112e1
results/genomics/embeddings/loci/64948707/evo2_20b/shard-00026.sha256,82,cfb7137b34b042122eb21a6275faecac807d467d805ed12bc6f720d07b7ae626
results/genomics/embeddings/loci/64948707/evo2_20b/shard-00027.npz,24711912,34ba2ab38e229f6ba45bccf19aa3bcacbbe1566be364e1655f804ca226ae3e51
results/genomics/embeddings/loci/64948707/evo2_20b/shard-00027.sha256,82,f61f19bdbc3442c84e42a92bb1de83e1adeaa36fae2379817f0419daca124937
results/genomics/embeddings/loci/64948707/evo2_20b/shard-00028.npz,24711912,b91d5a3907e8e64e4e933bc4d0d0e3f5c41b962758fa5f82ade140db125087db
results/genomics/embeddings/loci/64948707/evo2_20b/shard-00028.sha256,82,903fb6f5d11b3af0d92b90383dc4095f39826bb43c1b2f48307b5e0a4181268e
results/genomics/embeddings/loci/64948707/evo2_20b/shard-00029.npz,24711912,718c01de488c9d4c3e3728c5684e6cd76d40c70a681c28cbe4a4e7bc6f5022ea
results/genomics/embeddings/loci/64948707/evo2_20b/shard-00029.sha256,82,36fbb2a0f4f651d6cf67c282ea990e2694b16666526ccb5a7043bccdfbef660f
results/genomics/embeddings/loci/64948707/evo2_20b/shard-00030.npz,24711912,fc701c3af41c095ddd8974b50fa44d88f80f1d8e67af8f8559121d93beccb6d3
results/genomics/embeddings/loci/64948707/evo2_20b/shard-00030.sha256,82,ccb111ce60a9ca6a66198d6c787b000d615e4510341d6bd0a512e4ec53f84a50
results/genomics/embeddings/loci/64948707/evo2_20b/shard-00031.npz,24711912,a4ebef072c4e208b8584451285e279812181a15be16c6ee43efca00574c84d09
results/genomics/embeddings/loci/64948707/evo2_20b/shard-00031.sha256,82,e7f8af97dcb13e991b8a0870f4541d9d4154d57b1a4e54e34c14d8ffd9f61da2
results/genomics/embeddings/loci/64948707/evo2_20b/shard-00032.npz,24711912,79c9996f6bfb46bd3dc8757b4d115ed4abd7058fcc7c35dc387537842565ebf8
results/genomics/embeddings/loci/64948707/evo2_20b/shard-00032.sha256,82,e0567b98bc57eee5fe8ff8b2061e77cd5eb3c01400131000061d6d1fea32a2c0
results/genomics/embeddings/loci/64948707/evo2_20b/shard-00033.npz,24711912,49e048231fc98e59ea2d9d79cf94a0dd6b3a7b5a4404f9c61ea6852de74cfc65
results/genomics/embeddings/loci/64948707/evo2_20b/shard-00033.sha256,82,32d2fc2e62fef9d4fba36f05d140f01f3a3c4cd7c77c906f09f25329dbf79c73
results/genomics/embeddings/loci/64948707/evo2_20b/shard-00034.npz,24711912,9ef18412cf06eda689ef4bd107caf72a56d3166485e7cc03177578710ca1a063
results/genomics/embeddings/loci/64948707/evo2_20b/shard-00034.sha256,82,5c6cad314602e6050fcae1d1cfc955f6a8623883ab0d40fd55ab45cd430700c2
results/genomics/embeddings/loci/64948707/evo2_20b/shard-00035.npz,24711912,fde4e4977a2e640e2b524ca5a3aca045290e63e0a6703e8a1614774bd267367d
results/genomics/embeddings/loci/64948707/evo2_20b/shard-00035.sha256,82,4fc0f1c1884233bbe005e056fa74c15c11a4f3083dbc105bbd63541321ba2e10
results/genomics/embeddings/loci/64948707/evo2_20b/shard-00036.npz,24711912,bb7b0d1420eca2f875332612395c82160902d420deec3b58784b6cd2b2b14940
results/genomics/embeddings/loci/64948707/evo2_20b/shard-00036.sha256,82,c6030d6e59714ee0251b1599750198652108cd570dcd14175d5063384d5ceaa2
results/genomics/embeddings/loci/64948707/evo2_20b/shard-00037.npz,24711912,2bf8a34a2b6cae711accbe94f753eb66105c17424f0baaba570d5db4ef52c95d
results/genomics/embeddings/loci/64948707/evo2_20b/shard-00037.sha256,82,1e79aea32370b89d1bafe1fee2087cc9a8a6a998870166f8b37f6968b5b2fc24
results/genomics/embeddings/loci/64948707/evo2_20b/shard-00038.npz,24711912,b4ab4617f4f8d3e9a492a5570d7f22c692102593884ff9f5a7b79ebdbd4f7d63
results/genomics/embeddings/loci/64948707/evo2_20b/shard-00038.sha256,82,34aff4855a76dd926d4e81bdda10c46e5d2d3c3049b18b0885c3f5da9b373f98
results/genomics/embeddings/loci/64948707/evo2_20b/shard-00039.npz,24711912,99cc2db121164523a70dde713ffe356e480b480d0c03abcd6d1529ed45acd55b
results/genomics/embeddings/loci/64948707/evo2_20b/shard-00039.sha256,82,243f9dc33eeb78dbc57d38c32ca4e302ef7aac38027cac9aeaf43c2dcf73dd68
results/genomics/embeddings/loci/64948707/evo2_20b/shard-00040.npz,24711912,fbfab67382df54e0f2c30fed52b40b5cffa67b4cb9de2c238f937920677226b5
results/genomics/embeddings/loci/64948707/evo2_20b/shard-00040.sha256,82,98306c95b3825cc0543a0fc451c7e27fa736f4e514f998715157badf7eb969b3
results/genomics/embeddings/loci/64948707/evo2_20b/shard-00041.npz,24711912,fe6618fa58324f8a1b5fe25f202f9a83d7eb3b23532713cab81eaa018f02e055
results/genomics/embeddings/loci/64948707/evo2_20b/shard-00041.sha256,82,d26440d65edaa52b3b62b808c6f65267a14fa9eca875103f1442b6b6b7e132cb
results/genomics/embeddings/loci/64948707/evo2_20b/shard-00042.npz,24711912,8f3e02e515cfb70217892520cfb55e1791d71be2f4afa1053932890d4fa6e340
results/genomics/embeddings/loci/64948707/evo2_20b/shard-00042.sha256,82,0a846e18cc59d34ce72c8fef1b122b6204abb41988de79f97da641556fe2ead1
results/genomics/embeddings/loci/64948707/evo2_20b/shard-00043.npz,24711912,a891eacfb0bc2934eab26d8636734bf8b622dc70bb6039fa32f751a43debdad9
results/genomics/embeddings/loci/64948707/evo2_20b/shard-00043.sha256,82,6726f06b9d19c03909b833e1c7074192da77fa22f2318ea7b673b1c9c69b8223
results/genomics/embeddings/loci/64948707/evo2_20b/shard-00044.npz,24711912,4afaaaa1aae87259e346c3852e65474eda919a0bcaa36a3aa1a9b6de4e549804
results/genomics/embeddings/loci/64948707/evo2_20b/shard-00044.sha256,82,a2ad7bcc46b85104f706582fcb861beb8247fd5656ab17afa3d4a9576459f380
results/genomics/embeddings/loci/64948707/evo2_20b/shard-00045.npz,24711912,237b6177d972d1fd4f9a8eae08b2b8753c6da97e937c5306e424e98bc1ecd71e
results/genomics/embeddings/loci/64948707/evo2_20b/shard-00045.sha256,82,c5f1c7f24d46f4a593ba3b859b472d94b48bf4feb3c47393e8eefea1547e0704
results/genomics/embeddings/loci/64948707/evo2_20b/shard-00046.npz,24711912,2ac3b543ef7c88c4cbcb493406db4c371eae992a81114400363bd8d11f6174d2
results/genomics/embeddings/loci/64948707/evo2_20b/shard-00046.sha256,82,ba676e20a1e302cae0f6911806f2a71fbde49a180848a14f8d69aee9b3db0e58
results/genomics/embeddings/loci/64948707/evo2_20b/shard-00047.npz,24711912,2727c10d0d0c7afbee1c649acedb6dd252fd7d17539c1416c197285f0818a695
results/genomics/embeddings/loci/64948707/evo2_20b/shard-00047.sha256,82,376d2349291e5f37bf7b3b44c8d6b91359c38d144e49375c5c2541a841cc30b7
results/genomics/embeddings/loci/64948707/evo2_20b/shard-00048.npz,24711912,dda40bf746b9f3f42b30ebba071c37b5da3e3ab86b19fd2dd90f8b775f278f4b
results/genomics/embeddings/loci/64948707/evo2_20b/shard-00048.sha256,82,f6c6c7cbfaf9403f346b380991ad3ad7cf0c4520db173fa26ca18fd1eb78e58c
results/genomics/embeddings/loci/64948707/evo2_20b/shard-00049.npz,24711912,c2d07d3b0764c16416923c5df2c7e8daad29c3d6ce0a3a5b089a3c53763408f2
results/genomics/embeddings/loci/64948707/evo2_20b/shard-00049.sha256,82,95e4f391859a3e33c6fe52a4eca03c1367d719a8f5af8d3c84fdae6031e22ab5
results/genomics/embeddings/loci/64948707/evo2_20b/shard-00050.npz,24711912,4ccbf747d4159c6adcedece26db76b014607da48e30e565050ac4cef4ca65b0e
results/genomics/embeddings/loci/64948707/evo2_20b/shard-00050.sha256,82,9c6db7f2d74c30c038e9124f9b2b3afdaa4aabb27ae077945aab9f9b22db6861
results/genomics/embeddings/loci/64948707/evo2_20b/shard-00051.npz,24711912,53c2529f4a56144a21abeea1a42058170a9c199308f0d1ecd2c4fbde1193b5c5
results/genomics/embeddings/loci/64948707/evo2_20b/shard-00051.sha256,82,a7b7ed344b7e7b99ca6d1ba9b90256dba2f34734363ef59bec6eda7f645227c3
results/genomics/embeddings/loci/64948707/evo2_20b/shard-00052.npz,24711912,4f3e32d9d3cd9f3c4491ec5ccfe9f53e2f84edb272a7776a66d9a6e98bc3d609
results/genomics/embeddings/loci/64948707/evo2_20b/shard-00052.sha256,82,498a7bd88c5bced733edb83913c70474be9f33232b8fb2d09b2ac92020d44b09
results/genomics/embeddings/loci/64948707/evo2_20b/shard-00053.npz,24711912,03b96a31034277de02a2e468a144b77cb47da06a49fdf21f7b5fc1fe086b0590
results/genomics/embeddings/loci/64948707/evo2_20b/shard-00053.sha256,82,51d6002176da8a1569e790d5a7df5c23d9e1d97fdec5c89d6886493a9dc892a3
results/genomics/embeddings/loci/64948707/evo2_20b/shard-00054.npz,24711912,d864dda78559e9e27fd94f4d9bcb993948f228ef6dd55401d7f5141b2147add1
results/genomics/embeddings/loci/64948707/evo2_20b/shard-00054.sha256,82,f52a884f7dccdb7f762b13fd1c8e6b63e08524b8105013630bcea6a8a658e146
results/genomics/embeddings/loci/64948707/evo2_20b/shard-00055.npz,24711912,f736033da7ba920221f6ad87b81f24c5afab2a234668da405a6f66c0273e237d
results/genomics/embeddings/loci/64948707/evo2_20b/shard-00055.sha256,82,4a78a696aa5621dfa3c20b4097c7abf6d695052e88fa53772edad6c8347a4be6
results/genomics/embeddings/loci/64948707/evo2_20b/shard-00056.npz,24711912,6d668389985ae50cbce09b8445a55c0e8c9e5c1d4f30559fc7d5c70d64aa5c7b
results/genomics/embeddings/loci/64948707/evo2_20b/shard-00056.sha256,82,fbf8924a6944aad40e7d6aed2a3787ad73325ee7ae151d607474cc27e7cd5b0b
results/genomics/embeddings/loci/64948707/evo2_20b/shard-00057.npz,24711912,d4e3bb60a21d0685951b649ccedf32f4cdee3a66baf9824838edf9789070fc47
results/genomics/embeddings/loci/64948707/evo2_20b/shard-00057.sha256,82,28927008f88f09b030943aa680231f584c1de585f89fd945e6924e0788bd8aa8
results/genomics/embeddings/loci/64948707/evo2_20b/shard-00058.npz,24711912,4e6cc6502577ee8d83af43a16381ec3a625234100b2e1ca189d04b7c05fd291b
results/genomics/embeddings/loci/64948707/evo2_20b/shard-00058.sha256,82,57d0a1dabbb3a90fc2d58127a2ca44b082a7022c11bfc20fe6d5ae5b2670111f
results/genomics/embeddings/loci/64948707/evo2_20b/shard-00059.npz,24711912,9c24a8d277eb172a58cf50e7d455a7a15882c7dc51fbf8562570510250e9b7a0
results/genomics/embeddings/loci/64948707/evo2_20b/shard-00059.sha256,82,07f35709bb4e0fd563a5c61666d5e1b7b625c92a8f72c10d25f23cca88929d05
results/genomics/embeddings/loci/64948707/evo2_20b/shard-00060.npz,24711912,7f03193714a97fc2db1e6c2522618dd0964f43fa9331bf9752e2b703a0c7d943
results/genomics/embeddings/loci/64948707/evo2_20b/shard-00060.sha256,82,956b0a1a201289d3a20d333927f9a8d54f2d365bc8bea0d0985ad486676d452a
results/genomics/embeddings/loci/64948707/evo2_20b/shard-00061.npz,24711912,da951986ddf6c035a08a0af7474a674459883a33fda1e45b7826b5a719f73134
results/genomics/embeddings/loci/64948707/evo2_20b/shard-00061.sha256,82,218a05c739d02f186b165320fe77edd535e6006893c9d0dc05c50bc58bee5c1b
results/genomics/embeddings/loci/64948707/evo2_20b/shard-00062.npz,24711912,bf83e50db9f95f7cf1a8809fae37b7d049df4517793834015bda1e8034c44036
results/genomics/embeddings/loci/64948707/evo2_20b/shard-00062.sha256,82,92bb22a2d5370ffb0f035f326b798daf8ac259a27c287f04dd4286614fd4a8bb
results/genomics/embeddings/loci/64948707/evo2_20b/shard-00063.npz,21647872,4bcdb0f23935f0cfcc9f88b7054699b0a11407e05327ec3063386a4a280b4502
results/genomics/embeddings/loci/64948707/evo2_20b/shard-00063.sha256,82,a222d34f909555b54249071cd43aa3187c4f14d979331f9a699fa306e708fd98
results/genomics/loci/64948707/COMPLETE,0,e3b0c44298fc1c149afbf4c8996fb92427ae41e4649b934ca495991b7852b855
results/genomics/loci/64948707/artifact.sha256,6080,b00dee521ba858274a4bd430d64f19a1013f6a8165362c0a85723bc429b20ac8
results/genomics/loci/64948707/loci_manifest.json,2052,d1e396c46eb2c262095ee70e5ded7efa75aa8fe054e0ccd7e5b88d9bfb15d4db
results/genomics/loci/64948707/unique_units.fna,59135725,508f169feafccadc86f42c0b432d5cad16ba22ed98aed77aff506dc2907a2ed1
results/genomics/loci/64948707/unit_mapping.tsv,33166855,ded3bf8b411ba37a948ea814c945c9b713fd35630f7c2d59b60c1d0b28137472
results/genomics/loci/64948707/units/units-0000.tsv,10059363,6aaa295df4fc2edf211a4304fa219cda9ddf60a1707c59805dcde98702e4a1f7
results/genomics/loci/64948707/units/units-0001.tsv,10233535,2fb5d7c41dc719339fe4c52129dc27db5d21d09927d4623838cebaa956c6f8fe
results/genomics/loci/64948707/units/units-0002.tsv,7954695,461c5b8ce70b794c49e0c16697dbbe50112b3d352c1590263fc0b5abd35de9d9
results/genomics/loci/64948707/units/units-0003.tsv,8400592,ab8e7ef78b8ac28c87ed7c1c70b374fd45fd0bc43c830f48e3a55f7f51d78cc3
results/genomics/loci/64948707/units/units-0004.tsv,7977827,a309336ecc53e13e98cc8ea926b8860e2482f79cd1b8bdfb15422ea837bebab5
results/genomics/loci/64948707/units/units-0005.tsv,7949421,eab2efc9ed8afc465474c5958c134cdb4b93b0c4ed2c21f2672d729c49634a91
results/genomics/loci/64948707/units/units-0006.tsv,7794196,a8515b6429633866f9e065969ec819d6c4577034f425c90aa6201bf593934df9
results/genomics/loci/64948707/units/units-0007.tsv,8112951,014b5b050e70a4ed4c048fe91eebbe7388a4fd11117bd6c4ed635c31582a65eb
results/genomics/loci/64948707/units/units-0008.tsv,8834204,328969f78cfeceee85efab26002b1b0039a1d8b777d70110ca775e843d313e72
results/genomics/loci/64948707/units/units-0009.tsv,8033085,286735351bb3fa06ad2493f1833eb035a040f563b1e7b551378ad932f79dee6d
results/genomics/loci/64948707/units/units-0010.tsv,7917512,df6675766916827557f9f69c324ae33dc0db042ee8444385c1678607e5e7e9cf
results/genomics/loci/64948707/units/units-0011.tsv,8132370,be217d48154c439bfd6a2860151834628f49a97c5a7affb86a21c72e620ed679
results/genomics/loci/64948707/units/units-0012.tsv,7657629,179cec194f9e2d5d03623b51338121feb68498ef0ff3e3ca8f347f4035854e68
results/genomics/loci/64948707/units/units-0013.tsv,7662453,47aaf3ff8529478e5e4c21766a22d47405729d4d0b3f58837c0e47bc2c3f21b7
results/genomics/loci/64948707/units/units-0014.tsv,7931891,37952b94150aef0adcf7f315008860993eb9333c98410e63876810bc289b4f29
results/genomics/loci/64948707/units/units-0015.tsv,8248166,391bb7e0d228b9c28a42373633005e3781b518df06d98d0c2bcc0bd8ce5b6c3b
results/genomics/loci/64948707/units/units-0016.tsv,7469831,b0d5c4bdd1af208baecfb403e20634aef9c6485ce83e60bc844caa0ea2001fc1
results/genomics/loci/64948707/units/units-0017.tsv,7931419,aa8b5f11968ccc483ddf0724723ac57f118ed5ad8c766ff115b75a42ea15cc0f
results/genomics/loci/64948707/units/units-0018.tsv,7756353,abeeab40f6da4818560b724fd7803d65697553e84e7e6be6cdff1fd7f31f8d9e
results/genomics/loci/64948707/units/units-0019.tsv,7598634,4ed80f19c52292e97a24ed984ca6ef7ac4f733d54631d9fbbe3dcbf2d1d0beab
results/genomics/loci/64948707/units/units-0020.tsv,8352310,1dcce1f50b1ed990a514784483517ff3886630bb727a3722d363354b3167cec4
results/genomics/loci/64948707/units/units-0021.tsv,8275745,1aa0e84297ae29be98851a9ba1d5dd6749b6020976c2809d109e520065b2a087
results/genomics/loci/64948707/units/units-0022.tsv,7429639,af09faad1a37701d6499f8505f9ff0a677eadf518f22745fd8feb6a7d5fb45ed
results/genomics/loci/64948707/units/units-0023.tsv,7769321,bf7498a151897e761056bcfd0941933a7a6577e107cd3ffed5c4c466e3a46b2a
results/genomics/loci/64948707/units/units-0024.tsv,7668470,ebcea08e66404158d4eb0f5da99037d12b13823342186a67915f9ddb0d76cac6
results/genomics/loci/64948707/units/units-0025.tsv,6739293,e37f113aedf93c9b42e5834f881cc155fa2569164bebfbc40b5eea5766636408
results/genomics/loci/64948707/units/units-0026.tsv,6821747,385dcb552d5a444189ece3d5e4b0fd4f7354114d0508ed820e41442a926b1bcb
results/genomics/loci/64948707/units/units-0027.tsv,7309256,8973bfb244bd5fe7b2a3792161937eeb55a564cfd0f51ffe658fdb866ab56081
results/genomics/loci/64948707/units/units-0028.tsv,6695973,2f54bc26e36a350d727a5c6d9bc63c4695b881ce3608915218dd7775ecf7bd6f
results/genomics/loci/64948707/units/units-0029.tsv,6944594,7f2a84ac33bc5d105672abc7938363f564e93d7b61a4dbaf9f0a2c9d0cb124da
results/genomics/loci/64948707/units/units-0030.tsv,6832212,8b24bb6ad319930d6114ab47a8e0c23a679265aa509b6f755adad4f83d88e4d2
results/genomics/loci/64948707/units/units-0031.tsv,6930984,79152f2990e2010185b4394d33f67fc2237156e55818eadc264d0d0d9bb7f16d
results/genomics/loci/64948707/units/units-0032.tsv,6801653,f2ba787a459ef5aedc5916778fc9d68b7b80395ae1b18c74600a3248fb082387
results/genomics/loci/64948707/units/units-0033.tsv,7097628,49b12c36b8b672130cf07635063195761e7b09683e602574364910d762938d46
results/genomics/loci/64948707/units/units-0034.tsv,7171470,e8784d5f90cbd6ec6f298f4477d3faa9bb466afdbae3384273411315a92d2786
results/genomics/loci/64948707/units/units-0035.tsv,7478966,96351648f2fc92c1a5ca44c609845b98eabfbd27ad9e82021777eed6b84490e8
results/genomics/loci/64948707/units/units-0036.tsv,8156434,dab53fd8ba59a90766d3eab3bbb7b6d0ea604a45e36911a3aae7ec98836ae7f8
results/genomics/loci/64948707/units/units-0037.tsv,9307842,b43c73fcd1b794477d84a74b427806ac0f888eda9346599245f1dbd42d001194
results/genomics/loci/64948707/units/units-0038.tsv,11498585,98ac2ae5deb29aa50ef8a6d6eb6f25898673b6c6538a44fb2af8babdaa871fc0
results/genomics/loci/64948707/units/units-0039.tsv,10659875,666873e809f79bbeadc0ce4c34d68d2fd8364a13d61cf4a391df616972ef37cc
results/genomics/loci/64948707/units/units-0040.tsv,9519704,0338924cd5b2a423a4b378dd452c02608b9ab4dfe71ac82d5eec30a5e1b545df
results/genomics/loci/64948707/units/units-0041.tsv,9595045,2015542f3c23e717012c57731cc674ac02448568480aeb033f0915a2bdc8e0eb
results/genomics/loci/64948707/units/units-0042.tsv,9780852,109acaeec702c1d9faf6eea8c2cec2b30228a11ba69d7cd12ba980d23249f23b
results/genomics/loci/64948707/units/units-0043.tsv,9154311,3aca060a310d76cf804015fa22990baedd35020d1f0d52cd67a9aa8179eadcbe
results/genomics/loci/64948707/units/units-0044.tsv,8792393,6ef15b6d3759631d61972f7a1dacf96b2786d3308603087f74bc2a1975bc2969
results/genomics/loci/64948707/units/units-0045.tsv,10237841,ab89fde673c336672fede85fe3002ff031ad5ba6610bec3628ed16eba05e307a
results/genomics/loci/64948707/units/units-0046.tsv,9752810,1d21425f0798106f9db21a9378b514ad9394431d0d9c8ab5498a791db45ce75e
results/genomics/loci/64948707/units/units-0047.tsv,10371844,2ed1c84abc6a2baa5dc97335847cd9934e6125a85199b16fdf0f826cb98a7faa
results/genomics/loci/64948707/units/units-0048.tsv,9916712,f908fd642572e9970e3f87a3d6e5c80a02868cf532713df2a2342d81fadd887e
results/genomics/loci/64948707/units/units-0049.tsv,9634647,2fcfff1e720a202b2d7d58835cd24b62d79b6f2f477f08f22163da4f76eab14e
results/genomics/loci/64948707/units/units-0050.tsv,10376550,d89953996624a467276b31803687c8997b2621a8edadd4a70dbcaa82cc91ca77
results/genomics/loci/64948707/units/units-0051.tsv,10362777,101d35723ad852a84efd5babd1dc996a4e40622724dd12741e11534b76df7a27
results/genomics/loci/64948707/units/units-0052.tsv,7984851,1f947214c02d1f77f0a1b2c437962ea0ced3571b3ab2f155eae8407ece4baf61
results/genomics/loci/64948707/units/units-0053.tsv,7857892,b1babd8acf1d7ca42778db6ac9de5b6bc03f5649a312751d043465e6d52948a2
results/genomics/loci/64948707/units/units-0054.tsv,8044070,af82dc5279653330c4404246bca5730734ad2f6fe862ad869f5c063031710aad
results/genomics/loci/64948707/units/units-0055.tsv,8326071,208be87b118962442eea29ed60d3feaecdcd5e69d6942adf3d944a264089704f
results/genomics/loci/64948707/units/units-0056.tsv,8648371,1f0151b9df5f68ac123437d7f40930b03fa5ead7253c966a988e84d0d8590c37
results/genomics/loci/64948707/units/units-0057.tsv,8376225,297d82ed2d76aa745f1fece42988e7866f6ba1da94b980afebd22bd4a4948383
results/genomics/loci/64948707/units/units-0058.tsv,7774008,b53c65bf1e459d373554294730721c44c2ae9df66fa7f05ec8ed9378a54e9251
results/genomics/loci/64948707/units/units-0059.tsv,7689297,1296ac5aa8974bd5ae726245e00165005db82f3cb77ef8f1029682360d25eea0
results/genomics/loci/64948707/units/units-0060.tsv,8244859,93463f70608158ebe3c9b1286ad8f99bcffee9b78ca58fc356df26b67ac37d26
results/genomics/loci/64948707/units/units-0061.tsv,8351947,c47a47d1d9d8e9713f2f55fa224f3d726a3e7181f692542622ee206e8cc52f69
results/genomics/loci/64948707/units/units-0062.tsv,8059170,b7e3902a5baa0c3c6dca4978bfeaf4f99f88a91925b4aa821f77ee25a2eb45ed
results/genomics/loci/64948707/units/units-0063.tsv,7807296,e2b743e44f87687eec220953efb9ef79b0e1d9c632890a326a1cac3f1e865068
results/genomics/loci/64948707/units/units-0064.tsv,7927144,9d902801453b8efbcca1e5639f81628e24411bc549e5f7d8834b61596ab706d4
results/genomics/loci/64948707/units/units-0065.tsv,7841853,3d74fcb7a646b6495622aaf42722476063afe4cac0486e4ff723af51e81d1e5a
results/genomics/loci/64948707/units/units-0066.tsv,8008108,e503625e36f395210f37adb4bbb87c7fd02e40a5604a06d80fd6805f12bc0b07
results/genomics/pretraining-overlap/64994989/COMPLETE,0,e3b0c44298fc1c149afbf4c8996fb92427ae41e4649b934ca495991b7852b855
results/genomics/pretraining-overlap/64994989/acquired_units.fna,42166956,64abae4de352559ec7c500a56cecbac8295206e4226c4f14a7132d52ea3ab6c8
results/genomics/pretraining-overlap/64994989/artifact.sha256,240,caed06e722db5591d69a20dbb661a4fd69961831e4e0ff037ec9d6f32d300d2f
results/genomics/pretraining-overlap/64994989/blast.tsv,12751631,8e3d2fe5ccfc100e47c8260ce12427cc547fe1223114c5cc418a78cdfc4f691a
results/genomics/pretraining-overlap/64994989/overlap.json,2630,989baac58634512839c803c98553764d6af774b47fa4238da4138e4ccf7bb7b9
results/leave-variant-out/65051616/COMPLETE,0,e3b0c44298fc1c149afbf4c8996fb92427ae41e4649b934ca495991b7852b855
results/leave-variant-out/65051616/artifact.sha256,1201,8a50e42a21b86ac14b4ee145fd5862484b6b587d4916e636077ac405c0bd87e7
results/leave-variant-out/65051616/predictions_blaCMY-2.csv,76721,100a78cd708b224e2e3bd130b1f250cbb260a40ab567b28a9a202d48b2c27fb7
results/leave-variant-out/65051616/predictions_blaCMY-2.json,1978,5b7df23a2521a505f3df7df08f22c76a0ca278596ccf5687ee456e9d5601b280
results/leave-variant-out/65051616/predictions_blaCTX-M-14.csv,47344,a183783145ac913dc5c59233113c2626c3694590e244137e5376f886683e00c1
results/leave-variant-out/65051616/predictions_blaCTX-M-14.json,2002,de8a7baf8567f3bf17e83ee6a9cffd6248030798a4666b8c536cf5864a6badda
results/leave-variant-out/65051616/predictions_blaCTX-M-15.csv,414983,0cca11644b85af1c7577c766347fbf856204b10586736ca3c4e839f9786e5f7a
results/leave-variant-out/65051616/predictions_blaCTX-M-15.json,2008,ade52102265257c583f78272382c11917b15894835cef694d20cc670057c3d3c
results/leave-variant-out/65051616/predictions_blaCTX-M-27.csv,171904,7e801272fe61ab75bb97f5141744e6adf41dadc71d15f59d84f8bf952cd463ec
results/leave-variant-out/65051616/predictions_blaCTX-M-27.json,2007,dd743b2e6e468738c187bdbf02f406440e2c52bdf01a823fbf657b42d4c0dedd
results/leave-variant-out/65051616/predictions_blaCTX-M-55.csv,39618,9d0746a2344d7a0f49eefb843e299a1a1959ace5067d801e212f95d2a9a3848c
results/leave-variant-out/65051616/predictions_blaCTX-M-55.json,2001,ce2ff49298b1bcad0d6913d845f15617ff05296a28c0fb1444b8cd36e3d4cf18
results/leave-variant-out/65051616/predictions_blaOXA-1.csv,214575,d94d5a198124e46dbc26da8aece7c0611d2c72a0d1f80b4dc592862cfe7345ae
results/leave-variant-out/65051616/predictions_blaOXA-1.json,1983,a23f0341c2087bb14db8fa531569882a478f1dc546a2d9da7f4b499da85308c5
results/leave-variant-out/65051616/readout.json,11263,c9e936bccfeb9975f61f11e3ca784462b4dbf6f759dfb010d027206a0a378b9d
results/models/64960056/COMPLETE,0,e3b0c44298fc1c149afbf4c8996fb92427ae41e4649b934ca495991b7852b855
results/models/64960056/amr_features.json,1298,97870730e4fd3e93edec426037bb28a14529fbbfc12a7ecf6a79a73e1c38722a
results/models/64960056/amr_features.tsv,9094361,abf323384fe4c15c17361bf916168f3dd186f18e07a8235812746d24fd32183c
results/models/64960056/amrfinder_manifest_all_sources.json,23754,485bfff586c62ca82712e3656d99347286d373386fd8831f46b7fcfc7c1bcb0f
results/models/64960056/amrfinder_manifest_human_clinical.json,23779,c143f729cc0dbd4ae1ee266f6096025001eebb03492e1e889fbd6da22916d078
results/models/64960056/artifact.sha256,2178,acfe0205490a3a864a0beb861655cc510cec8535cff0de20ba9b61aed55ed651
results/models/64960056/constant_manifest_all_sources.json,5365,f7fa62e263ae4c605636eac15f28bf8fe2342040dfb24c5ea08494b3090821b8
results/models/64960056/constant_manifest_human_clinical.json,5295,d216b2ce35f8bf13943f156b10a6ff4c17a028edbd6be9d7c2c767a0af74d9d2
results/models/64960056/evaluation_amrfinder_all_sources.json,8772,900acc5a7ffe1e61d2d343677e65b85c7a55b5a39fa54f4ceb71b2cb028f6592
results/models/64960056/evaluation_amrfinder_human_clinical.json,8773,1d1cf8a947b32bf1ec9bd873437e07ee215a3df076fe1e71d27e36666fe0a8d9
results/models/64960056/evaluation_constant_all_sources.json,8049,d092c36932a05ce1e9335a57e121f215a10010d48d7210d5a69428bc89ae51d9
results/models/64960056/evaluation_constant_human_clinical.json,7962,38c81edf31812bfe5af6cf04df75cf371e97d53eaab8ec5a75f18bcdfe895048
results/models/64960056/evaluation_neighbor_all_sources.json,8199,be212f42a0aed4086a1b258572358504fac9b7dbbd407cd1550db1ce52d9f90e
results/models/64960056/evaluation_neighbor_human_clinical.json,8219,caeb96a714bb333e1c775303a0b6c46373fbb2ca66152efc38a6c6e23f4cd54e
results/models/64960056/isolate_splits.csv,910529,e88c6a17b66b4090616d082b03df8e77529e50392588036520695871a7cb9c1e
results/models/64960056/neighbor_manifest.json,1310,6029c06ce9622793f6fac80a208bbad7378b87341f90a346c62fff87d5699149
results/models/64960056/predictions_amrfinder_all_sources.csv,3058893,e96cf31417096594c587246f0307f0380e3f2dfc40002b5767dca0010beacfcf
results/models/64960056/predictions_amrfinder_human_clinical.csv,1146420,a85b0a0284923b1756ae63e640597d4b498b8a40591e161adcb2cbf6264aa851
results/models/64960056/predictions_constant_all_sources.csv,2128446,05924e8e1e1d4a56ca57a914fbcbfa968f22902334dedeeecfe170a102c3574d
results/models/64960056/predictions_constant_human_clinical.csv,776548,d79238f5ea57a9e56a43efbadeadb694366f1eec6f373062e2cdef1bd46d24a8
results/models/64960056/predictions_neighbor_all_sources.csv,2653841,9979ec3dcf0c7d6ed47cc2d1bc126f797a46760ad1c2615b02b4a2945cd53158
results/models/64960056/predictions_neighbor_human_clinical.csv,982537,075ea828ad0d4c039ad515d3266ba7381ba0076def2f3f5c2c19f7c946cb6e7f
results/models/64960056/provenance.txt,715,5e26d06b0b52c62a47f598f1dcd0d1dc4b2801e4a205190de0461833859206de
results/models/64960056/split_manifest.json,17796,f785ffa19952aa43e33a8df330ca5b95dfe551bc2c45f0fbf7d53d69a240e984
results/models/64965891/COMPLETE,0,e3b0c44298fc1c149afbf4c8996fb92427ae41e4649b934ca495991b7852b855
results/models/64965891/artifact.sha256,1817,41643fc373599f3245b90af8683f49bd7af8ec0133649c5ae18af09df3dc7278
results/models/64965891/comparison_ridge_censored_all_sources.json,5793,49941241a90c99c21ccc931f93f6c6cd6f1ecb2452154459309a0f5186831d3a
results/models/64965891/comparison_ridge_censored_human_clinical.json,5818,015f4b88661e0ba0fb24c7853eec439aba97518701134632677f01bf766e7302
results/models/64965891/comparison_xgboost_aft_all_sources.json,5889,2db6bf54b6381aacda56c6a5973249973bc70e441a5dc60e06aef6f0c1f823e7
results/models/64965891/comparison_xgboost_aft_human_clinical.json,5907,9c6150ecea194b0bbc08adc9268d9be2151c65e6f33ecdd9ff6a411e86825de3
results/models/64965891/evaluation_ridge_censored_all_sources.json,8773,22651fc758a5c31aec081f71cda2ebcfb5c71d4e3243ac3bb124477fddee143f
results/models/64965891/evaluation_ridge_censored_human_clinical.json,8781,3bbd198bba658eea00bb2bdbb3c71e092d58d454ea4cfad98954e95841d337eb
results/models/64965891/evaluation_xgboost_aft_all_sources.json,8753,94a0a9e828dfdcf97a07d99c08776d734d6388a39803ce617d13d5596a532625
results/models/64965891/evaluation_xgboost_aft_human_clinical.json,8793,7d1fd9ee513dc1063f36256de6e007cece3b7c05b41100ab62c44c712b51a73b
results/models/64965891/manifest_ridge_censored_all_sources.json,34481,2aa3db18d6f6833ce924ed443d8399e528538d37028c13417b5f0eb48bed34df
results/models/64965891/manifest_ridge_censored_human_clinical.json,34490,6e37fbbbe2f94a1e7425a67c3db0ba509f7cc3d7ce820820410fefd151f5cd08
results/models/64965891/manifest_xgboost_aft_all_sources.json,36964,5c813e9e751149521a9f3c4888adadf982a078dee1bc1d98156081cf47b2802c
results/models/64965891/manifest_xgboost_aft_human_clinical.json,37116,da4f22a06a8c39d2d0a32421ce8ccad4e5bf99cfce23d75dd2535272f47814a9
results/models/64965891/predictions_ridge_censored_all_sources.csv,3489941,b88778a1d5f9c047731faca127bcaf95fb32836c9a57eb91c08537792322d475
results/models/64965891/predictions_ridge_censored_human_clinical.csv,1318633,f237dc0ca17cc8dc1b8bf9f9b6b7fbd1e805003e1df71d850bf3349f1a4d6804
results/models/64965891/predictions_xgboost_aft_all_sources.csv,4230955,72b1f047f764ea67d1f1244579bd46237b90d46dc7258d42708c69411812f1e5
results/models/64965891/predictions_xgboost_aft_human_clinical.csv,1613513,21949e0cc4873b57c4bfe790f5111c3afe93832968255ea3cce4d1beac51f222
results/models/64965891/provenance.txt,638,a6b9b09c416b5ab71657a5d35d622d46c8b52b1a3b19073731efc326956ed522
results/models/64983779/COMPLETE,0,e3b0c44298fc1c149afbf4c8996fb92427ae41e4649b934ca495991b7852b855
results/models/64983779/artifact.sha256,5513,0252f8a1df74516cb104b206a34d695acf016511be575e2a2c3b4dfc06296351
results/models/64983779/comparison_ridge_censored_all_sources.json,5793,0b479d16e544ee7b47e4b1caf4fe568af00f85207c6aca2b079c64abf6468a5c
results/models/64983779/comparison_ridge_censored_amr_evo2_all_sources.json,7153,8efd7e0cbf60a8029d5e099645782f0bb5557bbbb5932f8a081359a254fd141c
results/models/64983779/comparison_ridge_censored_amr_evo2_human_clinical.json,7164,5d2705a2d0f8b95415fbcfef8a1786046304890c9bbc9d485ad53f5752eab167
results/models/64983779/comparison_ridge_censored_evo2_all_sources.json,7154,40f08c67317fba38856809ec7788697704ac96d2279e860066067e7fd0f9da60
results/models/64983779/comparison_ridge_censored_evo2_human_clinical.json,7166,eacb083a8a0a92c7efde1c4b150da71191c982db81d369681bb951fff06cfde4
results/models/64983779/comparison_ridge_censored_human_clinical.json,5818,992d68b54f54ad0e6e8540bda74c83a16bbd8911edf8f641a7c054f6229ad04e
results/models/64983779/comparison_xgboost_aft_all_sources.json,5889,e2f4b7457486b3374e71ba5c44c55d7a41cfd2f92c16873e182152c1195b5991
results/models/64983779/comparison_xgboost_aft_amr_evo2_all_sources.json,7129,5e79665a959edec7fd91978c4145081d7d3f34df2a7842a13d890b109d71680b
results/models/64983779/comparison_xgboost_aft_amr_evo2_human_clinical.json,7152,ff335f7b8febe406db12cc05a5e731d971afe8c43156290441573ee3c3f9ed68
results/models/64983779/comparison_xgboost_aft_evo2_all_sources.json,7119,4d8418259b5af58757461bcf8d3fdff2a1e39e64c5a2ac6c089d1ed5a54080db
results/models/64983779/comparison_xgboost_aft_evo2_human_clinical.json,7124,ddd00aea58e5a7d5bebb8e844e7e6ea590b138a6446a1909f97185aaaa65c083
results/models/64983779/comparison_xgboost_aft_human_clinical.json,5907,518355bb024eba6229be62a09b25ef7e90d747f5b73de6b464cd20609e15b2e9
results/models/64983779/evaluation_ridge_censored_all_sources.json,8773,6fa916ad2f12f8adcf629efc727aac144aadc7f31729b059003b11af935ce2a1
results/models/64983779/evaluation_ridge_censored_amr_evo2_all_sources.json,8783,8d1503f01cabcc5c708c2737e81e105867eeb64c1d25842ac95d051c74e65e83
results/models/64983779/evaluation_ridge_censored_amr_evo2_human_clinical.json,8791,e189981235886ec086feef25f5971eab8ab92c4f447731de829fee658df2e062
results/models/64983779/evaluation_ridge_censored_evo2_all_sources.json,8742,fe4d409ec0427f13e01b79a2ad8aed94a5766ed4c3cd42994980cb0ea80defa4
results/models/64983779/evaluation_ridge_censored_evo2_human_clinical.json,8798,047f111963d1386a5dba6f3d571e03a4237593379f861eb0da6eb23229a8c2ca
results/models/64983779/evaluation_ridge_censored_human_clinical.json,8781,ec52d02fcfef7b605794fc34dfd56a24a16871a45ced7dd0a0b6a9a53341c75f
results/models/64983779/evaluation_xgboost_aft_all_sources.json,8753,df4645865dbefdf07b3157d847c2d0efe16fac38a2071add4ffa1951d72863a1
results/models/64983779/evaluation_xgboost_aft_amr_evo2_all_sources.json,8774,358b135c6079eb411c9be26163ff869375aa233c12daf66fcf58b5ec4fd660af
results/models/64983779/evaluation_xgboost_aft_amr_evo2_human_clinical.json,8783,6fd96e5a4e6a1b72edac78e29f38e5b46a556f8b1007aa1948b5077848900243
results/models/64983779/evaluation_xgboost_aft_evo2_all_sources.json,8737,8e5e93033eac13f5e7df4625464fb1b58a92cfe0146e592f8ce2f28ca31f2ebf
results/models/64983779/evaluation_xgboost_aft_evo2_human_clinical.json,8770,c8b00f1b222f50d8ba0943486616643c1324818d141e25f0b0c40b42f994644f
results/models/64983779/evaluation_xgboost_aft_human_clinical.json,8793,76d5d3e6110df807e011aa54caaf3dc9ab9f880a20e94dcf7ad5cd0cd381afed
results/models/64983779/manifest_ridge_censored_all_sources.json,37910,734a9d3089956b20cc1ff6d43d46c2e220131f3dc49a16216632238c3f7a0ae5
results/models/64983779/manifest_ridge_censored_amr_evo2_all_sources.json,72720,375092673c16786caff25526fe65857890707a86a93e108ccf7c8acbbd948d5a
results/models/64983779/manifest_ridge_censored_amr_evo2_human_clinical.json,72747,25112d47f38e766fe158f78522c75889fa0a40e6dca570f1b6af7199e932a4eb
results/models/64983779/manifest_ridge_censored_evo2_all_sources.json,72786,04ae337074b2937c80ce7f618b81d65c7e909e8790d60eab4e7b57156802aff3
results/models/64983779/manifest_ridge_censored_evo2_human_clinical.json,72769,1340b1fcb792e021068c30a5c6a3f1f6658ff6c6c7a8485ea9c1988fa670bdca
results/models/64983779/manifest_ridge_censored_human_clinical.json,37919,8ca1cc53a692c837e8892523283ad683a4bf7bc2fdea1244c471b95c57331a7d
results/models/64983779/manifest_xgboost_aft_all_sources.json,40018,c5c5472d971a102f9b6ebc217fd42a07cb09a7ccec08bf1f7afb917bbb73da32
results/models/64983779/manifest_xgboost_aft_amr_evo2_all_sources.json,80108,5c15da8a16c73df916cb9feb1e19bfe8b7143d845f96f2b58f86ff25dbe3c6bf
results/models/64983779/manifest_xgboost_aft_amr_evo2_human_clinical.json,80261,a79da83d433f59e7278121c194cc679660cf73cd1ea9f2b91468e97534c0ceb9
results/models/64983779/manifest_xgboost_aft_evo2_all_sources.json,80082,f1a1906b628e4d1ca20a18ac22e8fb615c198c70c9c42c61c40324d8d5529f4e
results/models/64983779/manifest_xgboost_aft_evo2_human_clinical.json,80301,8b5244e27a108c8713a0a803df2bacb91b7f2929d7160eacf65cde54bc048d04
results/models/64983779/manifest_xgboost_aft_human_clinical.json,40170,94396f758e435c2dba1d3e57553a4027c06a9dccf569e1e1def97e06260a4456
results/models/64983779/predictions_ridge_censored_all_sources.csv,3916709,874f96711be6d5391a20ce1fd78352f5c9cf2aece869707b5028ad5a00dafe49
results/models/64983779/predictions_ridge_censored_amr_evo2_all_sources.csv,4318556,d27b5a71e1d51d963c1322a3040835063683e4353d1ffd1bb63e7e05cd7689d6
results/models/64983779/predictions_ridge_censored_amr_evo2_human_clinical.csv,1644033,447d51f6903fc00554bd22b32eabf52869cba67829a9dbf9edfaa8c9adbea8b8
results/models/64983779/predictions_ridge_censored_evo2_all_sources.csv,4346190,38ebb223b9fbecfc0de3b390770e45b2f3785a54ce6ff63e5a32635d530e4823
results/models/64983779/predictions_ridge_censored_evo2_human_clinical.csv,1653025,f728a491c58ba0e368dd7204c5770df29f13743178a79624b33e9de56ce5efd8
results/models/64983779/predictions_ridge_censored_human_clinical.csv,1488276,1fb13f2df28b322b5aff82d1d5e14b351428e3086a978e813b111191a4ae0c4e
results/models/64983779/predictions_xgboost_aft_all_sources.csv,4657723,a571a4427bc4478df7f54ef666845024e644e093533274ae61f89adc40ded7bf
results/models/64983779/predictions_xgboost_aft_amr_evo2_all_sources.csv,5053845,3014b55c022e3e2d01d0bf0f75d7febc9419dda7da2b3348e86762eaa1af7966
results/models/64983779/predictions_xgboost_aft_amr_evo2_human_clinical.csv,1938642,aaac796a6b02e983eb0e24544299446cf60d638585150810e7719d93d3dfe3aa
results/models/64983779/predictions_xgboost_aft_evo2_all_sources.csv,5058420,ca818707a723fa310746e4b4d3726eb65b32ce454e1e26eab4c9221ec243fcf9
results/models/64983779/predictions_xgboost_aft_evo2_human_clinical.csv,1940794,8bd98db797dab1bef35cf3309b488b20833e7cd5af456e5bb7abd4e915ef7006
results/models/64983779/predictions_xgboost_aft_human_clinical.csv,1783156,c692754d56805adbc03d64108de77ebf662881e7556e5c8d25de3eae7f7e301a
results/models/64983779/provenance.txt,822,e4fca6a372ab1e449ce09ca878543485bbee817ad0d5fe7246ed7ca4dab4ea5b
results/models/65006995/COMPLETE,0,e3b0c44298fc1c149afbf4c8996fb92427ae41e4649b934ca495991b7852b855
results/models/65006995/artifact.sha256,2833,6cf2d092d55744606d08fd42f5d6d233f392317937b155026f4ea53203cd37e5
results/models/65006995/comparison_ridge_censored_all_sources.json,5852,cef34a2ae2fb3b81df85061bffecd328b80fc4b736054b40732d9b169400fbdc
results/models/65006995/comparison_ridge_censored_amr_evo2_all_sources.json,7156,c017de979c8de9efb0b5e14fb143cff17155c24f2d4edae102ea1d6403a0bcdf
results/models/65006995/comparison_ridge_censored_amr_evo2_human_clinical.json,7169,4ac8d0d1b4d4a5ab9e5663a7ab7e0e74f2d2d1a18ae482b15546633bbe3a2a65
results/models/65006995/comparison_ridge_censored_evo2_all_sources.json,7141,b8c065a5343bbf5d55692bb9d6006add4fca5520cc58b0163fa1ef2d8cbd80c1
results/models/65006995/comparison_ridge_censored_evo2_human_clinical.json,7169,c3dcdf4111be0b34205d21a7828d05a5b781a29e34b5cdc82303842b96c1badd
results/models/65006995/comparison_ridge_censored_human_clinical.json,5818,bef5aec570548d6129d564a62f2a53708e12cd71b401034a9d7df91c5c6cb1ba
results/models/65006995/evaluation_ridge_censored_all_sources.json,11371,d30e278519f036549f16fbd0c5488b84bca37756acc15d350599f8cac143e0be
results/models/65006995/evaluation_ridge_censored_amr_evo2_all_sources.json,11375,332d9f3c7ef530f6e4caabbe0325be4dbcee0da3fa30a379abb3c8b5ca88e815
results/models/65006995/evaluation_ridge_censored_amr_evo2_human_clinical.json,11397,651a3d9db7c8811545a656647817ea1122a5b3503e62bc3269c1a7b668051c62
results/models/65006995/evaluation_ridge_censored_evo2_all_sources.json,11361,7e33a30ad497dedce28f4291b2bc5c2edfa3ea83a8c97b5caeb491db1f0d70f4
results/models/65006995/evaluation_ridge_censored_evo2_human_clinical.json,11369,a8603fbb28b9a293cf52b9e42770861ced1161b01091e854c155443bf172ea3e
results/models/65006995/evaluation_ridge_censored_human_clinical.json,11370,093ef995d4421610302f478f4dffac1ce96be439c693d8606b84123b939876aa
results/models/65006995/manifest_ridge_censored_all_sources.json,39630,bc31846d000dfc00ce7452beb70f26e99eff8bcc5e84585db17f6f1127ad0fec
results/models/65006995/manifest_ridge_censored_amr_evo2_all_sources.json,75291,03fb4e131af31f9a2a18fa11d908ae8933bd77f7cc36ee8c084e06650a80480c
results/models/65006995/manifest_ridge_censored_amr_evo2_human_clinical.json,74792,1086b025956136c22f9be65a4f9153edba1fa11f321da169feeb1649bb2a06e5
results/models/65006995/manifest_ridge_censored_evo2_all_sources.json,74753,78be7f0a8614b34612c9a1f7670fefe5ea190b20efc081381575e8a3270cb9d8
results/models/65006995/manifest_ridge_censored_evo2_human_clinical.json,74493,cae10a3be2ed29a027319584b62f53f12414bf907a686e05c8c51d4fb7356da8
results/models/65006995/manifest_ridge_censored_human_clinical.json,39637,6afc7d5141cdef1f95ed8bb1ec5a98b058ca4361d94a2e938eba9460179f8b98
results/models/65006995/predictions_ridge_censored_all_sources.csv,3910915,887a67373919c6ea6af9d274177267c11da2f38a15e4b5d5f0b3213e6754e7d5
results/models/65006995/predictions_ridge_censored_amr_evo2_all_sources.csv,4315681,5615ce63dc79cad5defcc40e835e64277956cabdbb4ab1bbec14ed0ef3cd9dd3
results/models/65006995/predictions_ridge_censored_amr_evo2_human_clinical.csv,1642026,6cce77deb6fb427c5436fd2278504ec4fecd35dfa15a102af50282b2a74d819c
results/models/65006995/predictions_ridge_censored_evo2_all_sources.csv,4343299,ddf62eecb690c2549b30fde743495f78be7e42a1dc01415325e52e5d819d107e
results/models/65006995/predictions_ridge_censored_evo2_human_clinical.csv,1652138,c07d2709aa948707e6d11707a44bb308639444ab8b4f01f1a6a2bb023aeda7f4
results/models/65006995/predictions_ridge_censored_human_clinical.csv,1484491,17dc54f08a52517a4bcc9cf9628edc6563accef1933a6bcacb97100c05b25698
results/models/65006995/provenance.txt,849,7c340fac01ff41e77bbc53bb6dc0bda44ce8a09d40b6774874415cfaf5549340
results/models/65006996/COMPLETE,0,e3b0c44298fc1c149afbf4c8996fb92427ae41e4649b934ca495991b7852b855
results/models/65006996/artifact.sha256,2985,25f21309fbd7c8337c020bf2e1a64651ad51eee08e9418eabe30c52a2bb95d9f
results/models/65006996/comparison_ridge_censored_amr_evo2_acquired_human_clinical.json,7179,ce5959fe884f0ebc7e3c648ddb404f5f3be2ae48606f5152fa3272bc9b833488
results/models/65006996/comparison_ridge_censored_amr_evo2_panel_human_clinical.json,7208,2c90f2761ab72be5704a060e3887581485f033c31a6fba5003aec56899612d19
results/models/65006996/comparison_ridge_censored_human_clinical.json,5818,2ac3ea7d5e7a4887a81dfe75f33c42db1b3bc30e0a2d5215641747b7104ec582
results/models/65006996/comparison_xgboost_aft_amr_evo2_acquired_human_clinical.json,7176,9bf37b5e7b01ab9ad2e643cca8b52a75d39a0b8ae8a144d9ba0a9ac491e738fb
results/models/65006996/comparison_xgboost_aft_amr_evo2_panel_human_clinical.json,7169,3ed69e618a2dff984d8bfd2f4860e06dd54c10854ebdb83294576cc7603ac8a9
results/models/65006996/comparison_xgboost_aft_human_clinical.json,5907,815552b8268a016ee0356bba0512642a82484c73cf8d9bcc4a72fd4baa1f331b
results/models/65006996/evaluation_ridge_censored_amr_evo2_acquired_human_clinical.json,11382,d0d1ed9a4825897b5319dd78328e8cb6e66290d3350275d22bb737d3ca47e3bc
results/models/65006996/evaluation_ridge_censored_amr_evo2_panel_human_clinical.json,11388,15501971b0ab1fd92e0c87be3c588c4b3b0fc619a98fb3e777d2baeed0f23de7
results/models/65006996/evaluation_ridge_censored_human_clinical.json,11370,1480ffd7c3546cbf0179f54e9fbb898fc03d314341ddff0998f50827c9023cbe
results/models/65006996/evaluation_xgboost_aft_amr_evo2_acquired_human_clinical.json,11366,aa64bb7069c14d9d8c813f3d9748e129a52b87f2bd54888eccb555611f6481b7
results/models/65006996/evaluation_xgboost_aft_amr_evo2_panel_human_clinical.json,11373,f20ba2c9267a4c0a3cac529d4389e2a4f0cda42bb49c569153af002e642a86d3
results/models/65006996/evaluation_xgboost_aft_human_clinical.json,11386,990eea59fbe003ac16a47f806a2849921cb46c3b9bc35ccfcaa16b342a061100
results/models/65006996/manifest_ridge_censored_amr_evo2_acquired_human_clinical.json,74433,aba8f0d6c41ce667192517255e434b8eaa3091e5af08143184043a831559ad92
results/models/65006996/manifest_ridge_censored_amr_evo2_panel_human_clinical.json,74404,4daf6c5cff6a21a19a8408b68b5f170030b25d27e3eb87485067200a8ae5691f
results/models/65006996/manifest_ridge_censored_human_clinical.json,39637,45c2e8e58374b35f997eac85a2d6d36af96e584a6dc25926046654fa3c287dff
results/models/65006996/manifest_xgboost_aft_amr_evo2_acquired_human_clinical.json,80540,fa25bc55fbde33715732ba16d581351bf1dc70a923bf878710963de61181a5e5
results/models/65006996/manifest_xgboost_aft_amr_evo2_panel_human_clinical.json,80612,6efc23a018b18584aaebee74aaa1aee213d05cf4e045b8949202c205cf65f124
results/models/65006996/manifest_xgboost_aft_human_clinical.json,40515,537108a655c41193511e1c61f606631e02018e71cbb5e731361b85875f95d149
results/models/65006996/predictions_ridge_censored_amr_evo2_acquired_human_clinical.csv,1642819,e1d2c8eb6c28f1ff6ea5c25b498cc0ba913fbd92b7afc5814b8785560c33b02b
results/models/65006996/predictions_ridge_censored_amr_evo2_panel_human_clinical.csv,1639169,411c6393514c3441ef9fa2c08a604539c028c847264bafe2376fd468859f27cd
results/models/65006996/predictions_ridge_censored_human_clinical.csv,1484491,17dc54f08a52517a4bcc9cf9628edc6563accef1933a6bcacb97100c05b25698
results/models/65006996/predictions_xgboost_aft_amr_evo2_acquired_human_clinical.csv,1941788,3ee3316abc8ac808c5a5731a07fdabce73b2c9f7da07936041d800d6c86059bf
results/models/65006996/predictions_xgboost_aft_amr_evo2_panel_human_clinical.csv,1937398,671b223a11df82b417c9d3945ee419c60b3b940f7a976a40b0d71822e947b98d
results/models/65006996/predictions_xgboost_aft_human_clinical.csv,1783188,dc39efc4d585f4c73c5e8c89c280aa0514dd174d7194e03068a15492c45dd7db
results/models/65006996/provenance.txt,868,8e4f98cfd2e9173b4962f0f13595f36ae8644534a2685c9b939d60abdf536eed
results/posthoc/family/65022960/COMPLETE,0,e3b0c44298fc1c149afbf4c8996fb92427ae41e4649b934ca495991b7852b855
results/posthoc/family/65022960/amr_family_features.tsv,24959343,54dd41915addb4ff300b848634f2260c93c8a051ec2fbbc7d04cf818b6a83a8f
results/posthoc/family/65022960/artifact.sha256,1303,b87efffd459ce25e5066ddd8a51a266636a6598a2e0395fca025bfdf654b8777
results/posthoc/family/65022960/dev_evaluation_ridge_censored_family_human_clinical.json,11390,150b093673a4d6b6c59b434e55b6ec36e2f83164d76d5638ef82b37a08ec15f0
results/posthoc/family/65022960/dev_evaluation_xgboost_aft_family_human_clinical.json,11380,4f3bc2602839220b9b7ba71303607340503ca9c81016c575ce72d3535d77c913
results/posthoc/family/65022960/dev_manifest_ridge_censored_family_human_clinical.json,40125,d00586105aa6d071c205fc1e0d2c4d185c8c74b6fd150551a82682c8012cd63b
results/posthoc/family/65022960/dev_manifest_xgboost_aft_family_human_clinical.json,41227,8501abce1b1bb20e1b9901e8b0219effd137f810fc8742b30e9d7c4952c6dfe8
results/posthoc/family/65022960/dev_predictions_ridge_censored_family_human_clinical.csv,1487160,e7cae6b0a6343325af6846006572990757d0413102548d4d7071d23b113f402b
results/posthoc/family/65022960/dev_predictions_xgboost_aft_family_human_clinical.csv,1782474,68b87efeab77384dfba0aca52b60f3889826a258f0771acf0337dda4253f6cb5
results/posthoc/family/65022960/manifest_ridge_censored_family_human_clinical.json,5761,1bc45ca2ef486bf87e6df9574c3c224035902fb64eb6163288e383235e53f103
results/posthoc/family/65022960/manifest_xgboost_aft_family_human_clinical.json,5331,30146af4f394c7da751c4930ac057f8fdf400fea255f7eae8427dd4a5d3d171a
results/posthoc/family/65022960/predictions_ridge_censored_family_human_clinical.csv,776296,4efc665471d9df99195bcb5ac3fe8cad5e7a22d25a1056f0d8c93a8285307fca
results/posthoc/family/65022960/predictions_xgboost_aft_family_human_clinical.csv,895718,59be8142cfad56af7e602aefbc21345030a1ca5c90e6c17bfdd6b474ae26b123
results/posthoc/family/65022960/scoring-65023163/COMPLETE,0,e3b0c44298fc1c149afbf4c8996fb92427ae41e4649b934ca495991b7852b855
results/posthoc/family/65022960/scoring-65023163/artifact.sha256,820,1751b281644bc8793ce186a98ce6ce78116e8fecb74a747555c2dee32fedb0cd
results/posthoc/family/65022960/scoring-65023163/comparison_ridge_censored_family_human_clinical.json,6083,79a5bf039f19d7dc0d2b112e54f4568a478423d0c28478e89d69fc74df91277b
results/posthoc/family/65022960/scoring-65023163/comparison_xgboost_aft_family_human_clinical.json,6044,7cd695327528000a71e725d50152387cfe4b39d3466847dbf1494940d4686e1a
results/posthoc/family/65022960/scoring-65023163/evaluation_ridge_censored_family_human_clinical.json,11388,5a89bd1c9a66b7de375f15db5803425b63ed153caeef1e9e17b0a20406cff693
results/posthoc/family/65022960/scoring-65023163/evaluation_xgboost_aft_family_human_clinical.json,11391,226fd41278a34582ac0e1f9985e919bafe8d77913fcf755d626059d8cbbb223b
results/posthoc/family/65022960/scoring-65023163/scored_predictions_ridge_censored_family_human_clinical.csv,806558,5a18de355552a58e5a734c70b8cb81d26ddbeb557075e5e5d25072f27faac454
results/posthoc/family/65022960/scoring-65023163/scored_predictions_xgboost_aft_family_human_clinical.csv,926392,1426beb78cf9694aadaf71cda619b2c5f322998732001dc5bcf31736e1c9fe04
results/posthoc/family/65022960/scoring-65023163/unseen_variants.json,1655,42f02128f50e180aebfa0d327ee3e6780443a748530c8d7216589ef17ba582a0
