evaluation,drug,model,baseline,n,ea_model,ea_baseline,difference,lineage_groups,ci_low,ci_high
results/comparisons/65016028/ridge_amr_all_sources.json,ceftriaxone,ridge_amr_all_sources,constant,7097,0.9260250810201494,0.7672255882767367,0.1587994927434127,408,0.09478808427619738,0.2246755433390064
results/comparisons/65016028/ridge_amr_all_sources.json,ciprofloxacin,ridge_amr_all_sources,constant,8493,0.9172259507829977,0.747439067467326,0.16978688331567174,437,0.05590574892714382,0.29798593536389206
results/comparisons/65016028/ridge_amr_all_sources.json,gentamicin,ridge_amr_all_sources,constant,9514,0.9260037838974143,0.8113306705907084,0.1146731133067059,484,0.08066664753354731,0.1504933798201943
results/comparisons/65016028/ridge_amr_evo2_acquired_human_clinical.json,ceftriaxone,ridge_amr_evo2_acquired_human_clinical,ridge_amr,2822,0.9220411055988661,0.9177888022678952,0.004252303330970942,188,0.0,0.010294984502934425
results/comparisons/65016028/ridge_amr_evo2_acquired_human_clinical.json,ciprofloxacin,ridge_amr_evo2_acquired_human_clinical,ridge_amr,3809,0.9146757679180887,0.9128380152270937,0.0018377526909950119,218,-0.004361326774070706,0.0074211732284115125
results/comparisons/65016028/ridge_amr_evo2_acquired_human_clinical.json,gentamicin,ridge_amr_evo2_acquired_human_clinical,ridge_amr,3348,0.9160692951015532,0.8850059737156512,0.03106332138590203,209,0.01697524182602271,0.0394895954846613
results/comparisons/65016028/ridge_amr_evo2_all_sources.json,ceftriaxone,ridge_amr_evo2_all_sources,ridge_amr,7097,0.9288431731717627,0.9260250810201494,0.0028180921516133576,408,-0.0025191368807241585,0.00802468571832866
results/comparisons/65016028/ridge_amr_evo2_all_sources.json,ciprofloxacin,ridge_amr_evo2_all_sources,ridge_amr,8493,0.9279406570116566,0.9172259507829977,0.010714706228658895,437,0.002043530430355015,0.018444469009695083
results/comparisons/65016028/ridge_amr_evo2_all_sources.json,gentamicin,ridge_amr_evo2_all_sources,ridge_amr,9514,0.9292621400042044,0.9260037838974143,0.0032583561067899935,484,-0.003247958084109679,0.009193148067879577
results/comparisons/65016028/ridge_amr_evo2_human_clinical.json,ceftriaxone,ridge_amr_evo2_human_clinical,ridge_amr,2822,0.926293408929837,0.9177888022678952,0.008504606661941885,188,0.0018375973870771113,0.01797758919438006
results/comparisons/65016028/ridge_amr_evo2_human_clinical.json,ciprofloxacin,ridge_amr_evo2_human_clinical,ridge_amr,3809,0.9099501181412444,0.9128380152270937,-0.002887897085849304,218,-0.013137798351376587,0.006565076687380569
results/comparisons/65016028/ridge_amr_evo2_human_clinical.json,gentamicin,ridge_amr_evo2_human_clinical,ridge_amr,3348,0.9124850657108722,0.8850059737156512,0.027479091995221028,209,0.010122683703229478,0.03779818839432845
results/comparisons/65016028/ridge_amr_human_clinical.json,ceftriaxone,ridge_amr_human_clinical,constant,2822,0.9177888022678952,0.7207654145995748,0.19702338766832034,188,0.07851728135860354,0.30987376332386296
results/comparisons/65016028/ridge_amr_human_clinical.json,ciprofloxacin,ridge_amr_human_clinical,constant,3809,0.9128380152270937,0.5985823050669467,0.31425571016014703,218,0.09161948543308832,0.4984144184433186
results/comparisons/65016028/ridge_amr_human_clinical.json,gentamicin,ridge_amr_human_clinical,constant,3348,0.8850059737156512,0.8234767025089605,0.061529271206690564,209,-0.02657863363354099,0.13768470565410132
results/comparisons/65016028/xgboost_amr_all_sources.json,ceftriaxone,xgboost_amr_all_sources,constant,7097,0.9415245878540228,0.7672255882767367,0.17429899957728617,408,0.10918457286637152,0.23895291738404875
results/comparisons/65016028/xgboost_amr_all_sources.json,ciprofloxacin,xgboost_amr_all_sources,constant,8493,0.9332391381137407,0.747439067467326,0.18580007064641468,437,0.07505058219671254,0.3104536219980118
results/comparisons/65016028/xgboost_amr_all_sources.json,gentamicin,xgboost_amr_all_sources,constant,9514,0.9322051713264663,0.8113306705907084,0.12087450073575783,484,0.0849379874864301,0.1566864618888863
results/comparisons/65016028/xgboost_amr_evo2_acquired_human_clinical.json,ceftriaxone,xgboost_amr_evo2_acquired_human_clinical,xgboost_amr,2822,0.9156626506024096,0.9287739192062368,-0.013111268603827072,188,-0.020833805530371712,-0.00528290820561058
results/comparisons/65016028/xgboost_amr_evo2_acquired_human_clinical.json,ciprofloxacin,xgboost_amr_evo2_acquired_human_clinical,xgboost_amr,3809,0.9196639537936466,0.9183512733000787,0.0013126804935678655,218,-0.004668770103714081,0.006804024028966418
results/comparisons/65016028/xgboost_amr_evo2_acquired_human_clinical.json,gentamicin,xgboost_amr_evo2_acquired_human_clinical,xgboost_amr,3348,0.9181600955794504,0.8942652329749103,0.023894862604540025,209,0.00419429471739588,0.0393142032073532
results/comparisons/65016028/xgboost_amr_evo2_all_sources.json,ceftriaxone,xgboost_amr_evo2_all_sources,xgboost_amr,7097,0.920670705932084,0.9415245878540228,-0.020853881921938846,408,-0.03023690678068463,-0.01153539240686748
results/comparisons/65016028/xgboost_amr_evo2_all_sources.json,ciprofloxacin,xgboost_amr_evo2_all_sources,xgboost_amr,8493,0.9344165783586483,0.9332391381137407,0.0011774402449075709,437,-0.0042110468214252616,0.005957526440903916
results/comparisons/65016028/xgboost_amr_evo2_all_sources.json,gentamicin,xgboost_amr_evo2_all_sources,xgboost_amr,9514,0.9353584191717469,0.9322051713264663,0.003153247845280639,484,-0.004922681111102617,0.011443735700320836
results/comparisons/65016028/xgboost_amr_evo2_human_clinical.json,ceftriaxone,xgboost_amr_evo2_human_clinical,xgboost_amr,2822,0.9142452161587526,0.9287739192062368,-0.014528703047484054,188,-0.01977622191241594,-0.007448390301241573
results/comparisons/65016028/xgboost_amr_evo2_human_clinical.json,ciprofloxacin,xgboost_amr_evo2_human_clinical,xgboost_amr,3809,0.9131005513258073,0.9183512733000787,-0.005250721974271462,218,-0.016549231240740484,0.0033399302460751855
results/comparisons/65016028/xgboost_amr_evo2_human_clinical.json,gentamicin,xgboost_amr_evo2_human_clinical,xgboost_amr,3348,0.9184587813620072,0.8942652329749103,0.024193548387096774,209,0.000985713289383317,0.043488155515255464
results/comparisons/65016028/xgboost_amr_human_clinical.json,ceftriaxone,xgboost_amr_human_clinical,constant,2822,0.9287739192062368,0.7207654145995748,0.20800850460666195,188,0.0888177463984741,0.3224009091076215
results/comparisons/65016028/xgboost_amr_human_clinical.json,ciprofloxacin,xgboost_amr_human_clinical,constant,3809,0.9183512733000787,0.5985823050669467,0.31976896823313206,218,0.0991975795843199,0.5054249599998527
results/comparisons/65016028/xgboost_amr_human_clinical.json,gentamicin,xgboost_amr_human_clinical,constant,3348,0.8942652329749103,0.8234767025089605,0.07078853046594982,209,-0.006860492971604082,0.13340786116635844
results/external/evaluation/65020832/comparison_ridge_censored_amr_all_sources.json,ceftriaxone,ridge_censored_amr,constant,1505,0.704983388704319,0.28970099667774085,0.4152823920265781,106,0.19471494713530718,0.5717098226632593
results/external/evaluation/65020832/comparison_ridge_censored_amr_all_sources.json,ceftriaxone,ridge_censored_amr,neighbor,1505,0.704983388704319,0.5096345514950166,0.19534883720930232,106,0.07370046358455229,0.28256499993716777
results/external/evaluation/65020832/comparison_ridge_censored_amr_all_sources.json,ciprofloxacin,ridge_censored_amr,constant,1505,0.9375415282392027,0.4,0.5375415282392026,106,0.27637968955404996,0.7325192167798253
results/external/evaluation/65020832/comparison_ridge_censored_amr_all_sources.json,ciprofloxacin,ridge_censored_amr,neighbor,1505,0.9375415282392027,0.8465116279069768,0.09102990033222591,106,0.04683005015456438,0.137214500231018
results/external/evaluation/65020832/comparison_ridge_censored_amr_all_sources.json,gentamicin,ridge_censored_amr,constant,1505,0.8897009966777408,0.7833887043189369,0.10631229235880399,106,0.004614421966946876,0.1851891762452107
results/external/evaluation/65020832/comparison_ridge_censored_amr_all_sources.json,gentamicin,ridge_censored_amr,neighbor,1505,0.8897009966777408,0.7282392026578073,0.16146179401993355,106,0.042969096411003736,0.2419012634784024
results/external/evaluation/65020832/comparison_ridge_censored_amr_evo2_all_sources.json,ceftriaxone,ridge_censored_amr_evo2,constant,1505,0.7009966777408638,0.28970099667774085,0.4112956810631229,106,0.18462047457686637,0.5718827463062279
results/external/evaluation/65020832/comparison_ridge_censored_amr_evo2_all_sources.json,ceftriaxone,ridge_censored_amr_evo2,neighbor,1505,0.7009966777408638,0.5096345514950166,0.19136212624584717,106,0.0657219623319181,0.28216561019336667
results/external/evaluation/65020832/comparison_ridge_censored_amr_evo2_all_sources.json,ceftriaxone,ridge_censored_amr_evo2,ridge_amr,1505,0.7009966777408638,0.704983388704319,-0.003986710963455149,106,-0.02522330126187693,0.005865348761941562
results/external/evaluation/65020832/comparison_ridge_censored_amr_evo2_all_sources.json,ciprofloxacin,ridge_censored_amr_evo2,constant,1505,0.9362126245847177,0.4,0.5362126245847176,106,0.26890281035727176,0.7343521593213994
results/external/evaluation/65020832/comparison_ridge_censored_amr_evo2_all_sources.json,ciprofloxacin,ridge_censored_amr_evo2,neighbor,1505,0.9362126245847177,0.8465116279069768,0.08970099667774087,106,0.03470407681102504,0.15401842081529582
results/external/evaluation/65020832/comparison_ridge_censored_amr_evo2_all_sources.json,ciprofloxacin,ridge_censored_amr_evo2,ridge_amr,1505,0.9362126245847177,0.9375415282392027,-0.00132890365448505,106,-0.020301931156144416,0.03074917729329494
results/external/evaluation/65020832/comparison_ridge_censored_amr_evo2_all_sources.json,gentamicin,ridge_censored_amr_evo2,constant,1505,0.8890365448504983,0.7833887043189369,0.10564784053156147,106,0.002999590618087493,0.18519356460532926
results/external/evaluation/65020832/comparison_ridge_censored_amr_evo2_all_sources.json,gentamicin,ridge_censored_amr_evo2,neighbor,1505,0.8890365448504983,0.7282392026578073,0.16079734219269104,106,0.04180603058205476,0.24146420438302563
results/external/evaluation/65020832/comparison_ridge_censored_amr_evo2_all_sources.json,gentamicin,ridge_censored_amr_evo2,ridge_amr,1505,0.8890365448504983,0.8897009966777408,-0.000664451827242525,106,-0.00497688148560929,0.0026618944579534995
results/external/evaluation/65020832/comparison_ridge_censored_amr_evo2_human_clinical.json,ceftriaxone,ridge_censored_amr_evo2,constant,1505,0.6843853820598007,0.28970099667774085,0.3946843853820598,106,0.1711796146594276,0.5562390571920842
results/external/evaluation/65020832/comparison_ridge_censored_amr_evo2_human_clinical.json,ceftriaxone,ridge_censored_amr_evo2,neighbor,1505,0.6843853820598007,0.5289036544850498,0.15548172757475084,106,0.023929610238510764,0.2536512670279477
results/external/evaluation/65020832/comparison_ridge_censored_amr_evo2_human_clinical.json,ceftriaxone,ridge_censored_amr_evo2,ridge_amr,1505,0.6843853820598007,0.6797342192691029,0.004651162790697674,106,-0.020638694547840376,0.0321776163548529
results/external/evaluation/65020832/comparison_ridge_censored_amr_evo2_human_clinical.json,ciprofloxacin,ridge_censored_amr_evo2,constant,1505,0.9083056478405316,0.4,0.5083056478405316,106,0.24124872537723313,0.7055416561558957
results/external/evaluation/65020832/comparison_ridge_censored_amr_evo2_human_clinical.json,ciprofloxacin,ridge_censored_amr_evo2,neighbor,1505,0.9083056478405316,0.8491694352159468,0.05913621262458472,106,0.009079782645060763,0.12316046846106421
results/external/evaluation/65020832/comparison_ridge_censored_amr_evo2_human_clinical.json,ciprofloxacin,ridge_censored_amr_evo2,ridge_amr,1505,0.9083056478405316,0.9315614617940199,-0.023255813953488372,106,-0.0437396811658783,-0.005940384292666556
results/external/evaluation/65020832/comparison_ridge_censored_amr_evo2_human_clinical.json,gentamicin,ridge_censored_amr_evo2,constant,1505,0.8544850498338871,0.7833887043189369,0.07109634551495017,106,-0.028592436974789914,0.14379131652661062
results/external/evaluation/65020832/comparison_ridge_censored_amr_evo2_human_clinical.json,gentamicin,ridge_censored_amr_evo2,neighbor,1505,0.8544850498338871,0.7521594684385382,0.10232558139534884,106,-0.024784650091804875,0.188332551806761
results/external/evaluation/65020832/comparison_ridge_censored_amr_evo2_human_clinical.json,gentamicin,ridge_censored_amr_evo2,ridge_amr,1505,0.8544850498338871,0.8870431893687708,-0.03255813953488372,106,-0.05642348278107857,-0.01472043893699612
results/external/evaluation/65020832/comparison_ridge_censored_amr_human_clinical.json,ceftriaxone,ridge_censored_amr,constant,1505,0.6797342192691029,0.28970099667774085,0.39003322259136214,106,0.16767700154976709,0.5521006773465136
results/external/evaluation/65020832/comparison_ridge_censored_amr_human_clinical.json,ceftriaxone,ridge_censored_amr,neighbor,1505,0.6797342192691029,0.5289036544850498,0.15083056478405316,106,0.014847276845149738,0.25143141094683247
results/external/evaluation/65020832/comparison_ridge_censored_amr_human_clinical.json,ciprofloxacin,ridge_censored_amr,constant,1505,0.9315614617940199,0.4,0.53156146179402,106,0.279408286768916,0.7181308382829373
results/external/evaluation/65020832/comparison_ridge_censored_amr_human_clinical.json,ciprofloxacin,ridge_censored_amr,neighbor,1505,0.9315614617940199,0.8491694352159468,0.0823920265780731,106,0.043217660928190765,0.1434109118507737
results/external/evaluation/65020832/comparison_ridge_censored_amr_human_clinical.json,gentamicin,ridge_censored_amr,constant,1505,0.8870431893687708,0.7833887043189369,0.10365448504983389,106,0.024231569079776676,0.16355276707284724
results/external/evaluation/65020832/comparison_ridge_censored_amr_human_clinical.json,gentamicin,ridge_censored_amr,neighbor,1505,0.8870431893687708,0.7521594684385382,0.13488372093023257,106,0.029394017881125053,0.20973042109405735
results/external/evaluation/65020832/comparison_ridge_censored_evo2_all_sources.json,ceftriaxone,ridge_censored_evo2,constant,1505,0.626578073089701,0.28970099667774085,0.33687707641196013,106,0.12949604894116207,0.48269389550669617
results/external/evaluation/65020832/comparison_ridge_censored_evo2_all_sources.json,ceftriaxone,ridge_censored_evo2,neighbor,1505,0.626578073089701,0.5096345514950166,0.11694352159468438,106,0.006312897319088299,0.19746978140311203
results/external/evaluation/65020832/comparison_ridge_censored_evo2_all_sources.json,ceftriaxone,ridge_censored_evo2,ridge_amr,1505,0.626578073089701,0.704983388704319,-0.07840531561461794,106,-0.12418922682709448,-0.04111002737850788
results/external/evaluation/65020832/comparison_ridge_censored_evo2_all_sources.json,ciprofloxacin,ridge_censored_evo2,constant,1505,0.9003322259136213,0.4,0.5003322259136213,106,0.23716812532024265,0.6976929891574607
results/external/evaluation/65020832/comparison_ridge_censored_evo2_all_sources.json,ciprofloxacin,ridge_censored_evo2,neighbor,1505,0.9003322259136213,0.8465116279069768,0.053820598006644516,106,0.0008907523668276151,0.12130373251104552
results/external/evaluation/65020832/comparison_ridge_censored_evo2_all_sources.json,ciprofloxacin,ridge_censored_evo2,ridge_amr,1505,0.9003322259136213,0.9375415282392027,-0.037209302325581395,106,-0.05746328462166661,0.0015747550949695903
results/external/evaluation/65020832/comparison_ridge_censored_evo2_all_sources.json,gentamicin,ridge_censored_evo2,constant,1505,0.8166112956810632,0.7833887043189369,0.03322259136212625,106,-0.041867662615589454,0.0840545284874174
results/external/evaluation/65020832/comparison_ridge_censored_evo2_all_sources.json,gentamicin,ridge_censored_evo2,neighbor,1505,0.8166112956810632,0.7282392026578073,0.08837209302325581,106,-0.006373148514724527,0.15887326471697133
results/external/evaluation/65020832/comparison_ridge_censored_evo2_all_sources.json,gentamicin,ridge_censored_evo2,ridge_amr,1505,0.8166112956810632,0.8897009966777408,-0.07308970099667775,106,-0.11812946046811161,-0.04008731501140829
results/external/evaluation/65020832/comparison_ridge_censored_evo2_human_clinical.json,ceftriaxone,ridge_censored_evo2,constant,1505,0.5794019933554817,0.28970099667774085,0.28970099667774085,106,0.11462123609995736,0.41607597537409213
results/external/evaluation/65020832/comparison_ridge_censored_evo2_human_clinical.json,ceftriaxone,ridge_censored_evo2,neighbor,1505,0.5794019933554817,0.5289036544850498,0.0504983388704319,106,-0.044779970819853375,0.123181817364882
results/external/evaluation/65020832/comparison_ridge_censored_evo2_human_clinical.json,ceftriaxone,ridge_censored_evo2,ridge_amr,1505,0.5794019933554817,0.6797342192691029,-0.10033222591362126,106,-0.16790600731189306,-0.014420373210633962
results/external/evaluation/65020832/comparison_ridge_censored_evo2_human_clinical.json,ciprofloxacin,ridge_censored_evo2,constant,1505,0.8704318936877077,0.4,0.47043189368770766,106,0.17559828944300454,0.6887654173447545
results/external/evaluation/65020832/comparison_ridge_censored_evo2_human_clinical.json,ciprofloxacin,ridge_censored_evo2,neighbor,1505,0.8704318936877077,0.8491694352159468,0.0212624584717608,106,-0.06272503219181769,0.11097693410979476
results/external/evaluation/65020832/comparison_ridge_censored_evo2_human_clinical.json,ciprofloxacin,ridge_censored_evo2,ridge_amr,1505,0.8704318936877077,0.9315614617940199,-0.061129568106312294,106,-0.11525997149648023,-0.01867597574895128
results/external/evaluation/65020832/comparison_ridge_censored_evo2_human_clinical.json,gentamicin,ridge_censored_evo2,constant,1505,0.8219269102990033,0.7833887043189369,0.038538205980066444,106,-0.04416246515191611,0.09864965986394553
results/external/evaluation/65020832/comparison_ridge_censored_evo2_human_clinical.json,gentamicin,ridge_censored_evo2,neighbor,1505,0.8219269102990033,0.7521594684385382,0.06976744186046512,106,-0.03947512907451645,0.14625149003919005
results/external/evaluation/65020832/comparison_ridge_censored_evo2_human_clinical.json,gentamicin,ridge_censored_evo2,ridge_amr,1505,0.8219269102990033,0.8870431893687708,-0.06511627906976744,106,-0.08245877061469266,-0.048419883968446105
results/external/evaluation/65020832/comparison_xgboost_aft_amr_all_sources.json,ceftriaxone,xgboost_aft_amr,constant,1505,0.6963455149501662,0.28970099667774085,0.40664451827242526,106,0.188056590311367,0.5562073160776716
results/external/evaluation/65020832/comparison_xgboost_aft_amr_all_sources.json,ceftriaxone,xgboost_aft_amr,neighbor,1505,0.6963455149501662,0.5096345514950166,0.1867109634551495,106,0.06786532445511845,0.26797511519742734
results/external/evaluation/65020832/comparison_xgboost_aft_amr_all_sources.json,ciprofloxacin,xgboost_aft_amr,constant,1505,0.9441860465116279,0.4,0.5441860465116279,106,0.2916541164658635,0.7293803658207343
results/external/evaluation/65020832/comparison_xgboost_aft_amr_all_sources.json,ciprofloxacin,xgboost_aft_amr,neighbor,1505,0.9441860465116279,0.8465116279069768,0.09767441860465116,106,0.059879896733640144,0.15452509395718086
results/external/evaluation/65020832/comparison_xgboost_aft_amr_all_sources.json,gentamicin,xgboost_aft_amr,constant,1505,0.879734219269103,0.7833887043189369,0.09634551495016612,106,-0.002686965093120895,0.17974717254630954
results/external/evaluation/65020832/comparison_xgboost_aft_amr_all_sources.json,gentamicin,xgboost_aft_amr,neighbor,1505,0.879734219269103,0.7282392026578073,0.1514950166112957,106,0.03609436847786974,0.23057623025456273
results/external/evaluation/65020832/comparison_xgboost_aft_amr_evo2_all_sources.json,ceftriaxone,xgboost_aft_amr_evo2,constant,1505,0.6784053156146179,0.28970099667774085,0.38870431893687707,106,0.15922075521592244,0.5600432716639122
results/external/evaluation/65020832/comparison_xgboost_aft_amr_evo2_all_sources.json,ceftriaxone,xgboost_aft_amr_evo2,neighbor,1505,0.6784053156146179,0.5096345514950166,0.16877076411960132,106,0.041506245481564785,0.27753123589311757
results/external/evaluation/65020832/comparison_xgboost_aft_amr_evo2_all_sources.json,ceftriaxone,xgboost_aft_amr_evo2,xgboost_amr,1505,0.6784053156146179,0.6963455149501662,-0.017940199335548173,106,-0.09756167567416203,0.026788854303189148
results/external/evaluation/65020832/comparison_xgboost_aft_amr_evo2_all_sources.json,ciprofloxacin,xgboost_aft_amr_evo2,constant,1505,0.946843853820598,0.4,0.546843853820598,106,0.29075511756131567,0.7341692188019802
results/external/evaluation/65020832/comparison_xgboost_aft_amr_evo2_all_sources.json,ciprofloxacin,xgboost_aft_amr_evo2,neighbor,1505,0.946843853820598,0.8465116279069768,0.10033222591362126,106,0.05634094643329842,0.16206236539842067
results/external/evaluation/65020832/comparison_xgboost_aft_amr_evo2_all_sources.json,ciprofloxacin,xgboost_aft_amr_evo2,xgboost_amr,1505,0.946843853820598,0.9441860465116279,0.0026578073089701,106,-0.008041517098054033,0.014564882784750169
results/external/evaluation/65020832/comparison_xgboost_aft_amr_evo2_all_sources.json,gentamicin,xgboost_aft_amr_evo2,constant,1505,0.8770764119601329,0.7833887043189369,0.09368770764119601,106,-0.004634341565546589,0.17460275113995197
results/external/evaluation/65020832/comparison_xgboost_aft_amr_evo2_all_sources.json,gentamicin,xgboost_aft_amr_evo2,neighbor,1505,0.8770764119601329,0.7282392026578073,0.14883720930232558,106,0.03344815172968738,0.22810599834199685
results/external/evaluation/65020832/comparison_xgboost_aft_amr_evo2_all_sources.json,gentamicin,xgboost_aft_amr_evo2,xgboost_amr,1505,0.8770764119601329,0.879734219269103,-0.0026578073089701,106,-0.011579496886066675,0.005296769207257749
results/external/evaluation/65020832/comparison_xgboost_aft_amr_evo2_human_clinical.json,ceftriaxone,xgboost_aft_amr_evo2,constant,1505,0.6119601328903654,0.28970099667774085,0.3222591362126246,106,0.12608809901889217,0.46529231906852275
results/external/evaluation/65020832/comparison_xgboost_aft_amr_evo2_human_clinical.json,ceftriaxone,xgboost_aft_amr_evo2,neighbor,1505,0.6119601328903654,0.5289036544850498,0.08305647840531562,106,-0.028867574257425744,0.16791695373444024
results/external/evaluation/65020832/comparison_xgboost_aft_amr_evo2_human_clinical.json,ceftriaxone,xgboost_aft_amr_evo2,xgboost_amr,1505,0.6119601328903654,0.5966777408637873,0.015282392026578074,106,-0.03872080259607042,0.04540664176976434
results/external/evaluation/65020832/comparison_xgboost_aft_amr_evo2_human_clinical.json,ciprofloxacin,xgboost_aft_amr_evo2,constant,1505,0.9348837209302325,0.4,0.5348837209302325,106,0.2925909221076747,0.7123136180143416
results/external/evaluation/65020832/comparison_xgboost_aft_amr_evo2_human_clinical.json,ciprofloxacin,xgboost_aft_amr_evo2,neighbor,1505,0.9348837209302325,0.8491694352159468,0.08571428571428572,106,0.05157142646073835,0.15486409407513002
results/external/evaluation/65020832/comparison_xgboost_aft_amr_evo2_human_clinical.json,ciprofloxacin,xgboost_aft_amr_evo2,xgboost_amr,1505,0.9348837209302325,0.932890365448505,0.0019933554817275745,106,-0.012660649702919143,0.011738587864320039
results/external/evaluation/65020832/comparison_xgboost_aft_amr_evo2_human_clinical.json,gentamicin,xgboost_aft_amr_evo2,constant,1505,0.8558139534883721,0.7833887043189369,0.07242524916943521,106,-0.024949394560948558,0.14626296595549526
results/external/evaluation/65020832/comparison_xgboost_aft_amr_evo2_human_clinical.json,gentamicin,xgboost_aft_amr_evo2,neighbor,1505,0.8558139534883721,0.7521594684385382,0.10365448504983389,106,-0.019301002043000292,0.1857533911150324
results/external/evaluation/65020832/comparison_xgboost_aft_amr_evo2_human_clinical.json,gentamicin,xgboost_aft_amr_evo2,xgboost_amr,1505,0.8558139534883721,0.8764119601328904,-0.020598006644518274,106,-0.045845407926724,0.0
results/external/evaluation/65020832/comparison_xgboost_aft_amr_human_clinical.json,ceftriaxone,xgboost_aft_amr,constant,1505,0.5966777408637873,0.28970099667774085,0.30697674418604654,106,0.13526779024613714,0.4307397812721546
results/external/evaluation/65020832/comparison_xgboost_aft_amr_human_clinical.json,ceftriaxone,xgboost_aft_amr,neighbor,1505,0.5966777408637873,0.5289036544850498,0.06777408637873754,106,-0.016803497137900067,0.1324632891647063
results/external/evaluation/65020832/comparison_xgboost_aft_amr_human_clinical.json,ciprofloxacin,xgboost_aft_amr,constant,1505,0.932890365448505,0.4,0.532890365448505,106,0.2896399187847609,0.709392120765832
results/external/evaluation/65020832/comparison_xgboost_aft_amr_human_clinical.json,ciprofloxacin,xgboost_aft_amr,neighbor,1505,0.932890365448505,0.8491694352159468,0.08372093023255814,106,0.047358295340640864,0.1620535319444002
results/external/evaluation/65020832/comparison_xgboost_aft_amr_human_clinical.json,gentamicin,xgboost_aft_amr,constant,1505,0.8764119601328904,0.7833887043189369,0.09302325581395349,106,0.016095863605808634,0.153598292765382
results/external/evaluation/65020832/comparison_xgboost_aft_amr_human_clinical.json,gentamicin,xgboost_aft_amr,neighbor,1505,0.8764119601328904,0.7521594684385382,0.12425249169435217,106,0.021933591959983213,0.1942030985803471
results/external/evaluation/65020832/comparison_xgboost_aft_evo2_all_sources.json,ceftriaxone,xgboost_aft_evo2,constant,1505,0.5833887043189369,0.28970099667774085,0.293687707641196,106,0.11567846134895818,0.4354380960313164
results/external/evaluation/65020832/comparison_xgboost_aft_evo2_all_sources.json,ceftriaxone,xgboost_aft_evo2,neighbor,1505,0.5833887043189369,0.5096345514950166,0.07375415282392027,106,-0.02228458181343047,0.1555402972066857
results/external/evaluation/65020832/comparison_xgboost_aft_evo2_all_sources.json,ceftriaxone,xgboost_aft_evo2,xgboost_amr,1505,0.5833887043189369,0.6963455149501662,-0.11295681063122924,106,-0.22723245711287596,-0.05088964051777918
results/external/evaluation/65020832/comparison_xgboost_aft_evo2_all_sources.json,ciprofloxacin,xgboost_aft_evo2,constant,1505,0.9275747508305647,0.4,0.5275747508305648,106,0.2757724087367986,0.7188586757000299
results/external/evaluation/65020832/comparison_xgboost_aft_evo2_all_sources.json,ciprofloxacin,xgboost_aft_evo2,neighbor,1505,0.9275747508305647,0.8465116279069768,0.08106312292358804,106,0.04042882612836869,0.1286180096624602
results/external/evaluation/65020832/comparison_xgboost_aft_evo2_all_sources.json,ciprofloxacin,xgboost_aft_evo2,xgboost_amr,1505,0.9275747508305647,0.9441860465116279,-0.016611295681063124,106,-0.04644967594357606,-0.00209760788294681
results/external/evaluation/65020832/comparison_xgboost_aft_evo2_all_sources.json,gentamicin,xgboost_aft_evo2,constant,1505,0.8385382059800665,0.7833887043189369,0.05514950166112957,106,-0.029844541982469414,0.11431626882461841
results/external/evaluation/65020832/comparison_xgboost_aft_evo2_all_sources.json,gentamicin,xgboost_aft_evo2,neighbor,1505,0.8385382059800665,0.7282392026578073,0.11029900332225914,106,0.00652978172401036,0.18518838492920564
results/external/evaluation/65020832/comparison_xgboost_aft_evo2_all_sources.json,gentamicin,xgboost_aft_evo2,xgboost_amr,1505,0.8385382059800665,0.879734219269103,-0.04119601328903655,106,-0.07794599832603342,-0.02136404188216889
results/external/evaluation/65020832/comparison_xgboost_aft_evo2_human_clinical.json,ceftriaxone,xgboost_aft_evo2,constant,1505,0.5408637873754153,0.28970099667774085,0.25116279069767444,106,0.09286046581977718,0.3652479984222764
results/external/evaluation/65020832/comparison_xgboost_aft_evo2_human_clinical.json,ceftriaxone,xgboost_aft_evo2,neighbor,1505,0.5408637873754153,0.5289036544850498,0.011960132890365448,106,-0.060616265667771216,0.06598154670188568
results/external/evaluation/65020832/comparison_xgboost_aft_evo2_human_clinical.json,ceftriaxone,xgboost_aft_evo2,xgboost_amr,1505,0.5408637873754153,0.5966777408637873,-0.05581395348837209,106,-0.0887141577060932,-0.023125325234514237
results/external/evaluation/65020832/comparison_xgboost_aft_evo2_human_clinical.json,ciprofloxacin,xgboost_aft_evo2,constant,1505,0.9229235880398671,0.4,0.5229235880398672,106,0.27811043946954866,0.7062087447446626
results/external/evaluation/65020832/comparison_xgboost_aft_evo2_human_clinical.json,ciprofloxacin,xgboost_aft_evo2,neighbor,1505,0.9229235880398671,0.8491694352159468,0.07375415282392027,106,0.03817587670097059,0.14220699841490944
results/external/evaluation/65020832/comparison_xgboost_aft_evo2_human_clinical.json,ciprofloxacin,xgboost_aft_evo2,xgboost_amr,1505,0.9229235880398671,0.932890365448505,-0.009966777408637873,106,-0.03612963870034754,0.00446471442290104
results/external/evaluation/65020832/comparison_xgboost_aft_evo2_human_clinical.json,gentamicin,xgboost_aft_evo2,constant,1505,0.8239202657807309,0.7833887043189369,0.04053156146179402,106,-0.044878864865516364,0.10264849893797082
results/external/evaluation/65020832/comparison_xgboost_aft_evo2_human_clinical.json,gentamicin,xgboost_aft_evo2,neighbor,1505,0.8239202657807309,0.7521594684385382,0.07176079734219269,106,-0.04217167176167356,0.14980738388357828
results/external/evaluation/65020832/comparison_xgboost_aft_evo2_human_clinical.json,gentamicin,xgboost_aft_evo2,xgboost_amr,1505,0.8239202657807309,0.8764119601328904,-0.05249169435215947,106,-0.07183024862596567,-0.03593372434682973
results/models/64965891/comparison_ridge_censored_all_sources.json,ceftriaxone,ridge_censored,constant,7097,0.9260250810201494,0.7672255882767367,0.1587994927434127,408,0.09478808427619738,0.2246755433390064
results/models/64965891/comparison_ridge_censored_all_sources.json,ceftriaxone,ridge_censored,neighbor,7097,0.9260250810201494,0.6573199943638157,0.26870508665633364,408,0.21276210204854787,0.3277790913453033
results/models/64965891/comparison_ridge_censored_all_sources.json,ceftriaxone,ridge_censored,ridge_round1,7097,0.9260250810201494,0.9247569395519234,0.0012681414682260109,408,-0.0009066718671163177,0.004064157978943013
results/models/64965891/comparison_ridge_censored_all_sources.json,ciprofloxacin,ridge_censored,constant,8493,0.9172259507829977,0.747439067467326,0.16978688331567174,437,0.05590574892714382,0.29798593536389206
results/models/64965891/comparison_ridge_censored_all_sources.json,ciprofloxacin,ridge_censored,neighbor,8493,0.9172259507829977,0.6452372542093489,0.2719886965736489,437,0.1809248038802851,0.37208188513539864
results/models/64965891/comparison_ridge_censored_all_sources.json,ciprofloxacin,ridge_censored,ridge_round1,8493,0.9172259507829977,0.9172259507829977,0.0,437,0.0,0.0
results/models/64965891/comparison_ridge_censored_all_sources.json,gentamicin,ridge_censored,constant,9514,0.924427159974774,0.8113306705907084,0.1130964893840656,484,0.07893961253510308,0.14814628797009333
results/models/64965891/comparison_ridge_censored_all_sources.json,gentamicin,ridge_censored,neighbor,9514,0.924427159974774,0.7265083035526593,0.1979188564221148,484,0.15845853907278595,0.24249794435055264
results/models/64965891/comparison_ridge_censored_all_sources.json,gentamicin,ridge_censored,ridge_round1,9514,0.924427159974774,0.924427159974774,0.0,484,0.0,0.0
results/models/64965891/comparison_ridge_censored_human_clinical.json,ceftriaxone,ridge_censored,constant,2822,0.9177888022678952,0.7207654145995748,0.19702338766832034,188,0.07851728135860354,0.30987376332386296
results/models/64965891/comparison_ridge_censored_human_clinical.json,ceftriaxone,ridge_censored,neighbor,2822,0.9177888022678952,0.6920623671155209,0.2257264351523742,188,0.11379952338602427,0.33091819679208445
results/models/64965891/comparison_ridge_censored_human_clinical.json,ceftriaxone,ridge_censored,ridge_round1,2822,0.9177888022678952,0.9195605953224664,-0.001771793054571226,188,-0.01111781822169015,0.005251363794553397
results/models/64965891/comparison_ridge_censored_human_clinical.json,ciprofloxacin,ridge_censored,constant,3809,0.9128380152270937,0.5985823050669467,0.31425571016014703,218,0.09161948543308832,0.4984144184433186
results/models/64965891/comparison_ridge_censored_human_clinical.json,ciprofloxacin,ridge_censored,neighbor,3809,0.9128380152270937,0.5657652927277501,0.3470727224993437,218,0.1541444443897165,0.5021086343231942
results/models/64965891/comparison_ridge_censored_human_clinical.json,ciprofloxacin,ridge_censored,ridge_round1,3809,0.9128380152270937,0.9128380152270937,0.0,218,0.0,0.0
results/models/64965891/comparison_ridge_censored_human_clinical.json,gentamicin,ridge_censored,constant,3348,0.8850059737156512,0.8234767025089605,0.061529271206690564,209,-0.02657863363354099,0.13768470565410132
results/models/64965891/comparison_ridge_censored_human_clinical.json,gentamicin,ridge_censored,neighbor,3348,0.8850059737156512,0.8133213859020311,0.07168458781362007,209,-0.011976884029209801,0.14570247448684612
results/models/64965891/comparison_ridge_censored_human_clinical.json,gentamicin,ridge_censored,ridge_round1,3348,0.8850059737156512,0.8850059737156512,0.0,209,0.0,0.0
results/models/64965891/comparison_xgboost_aft_all_sources.json,ceftriaxone,xgboost_aft,constant,7097,0.9415245878540228,0.7672255882767367,0.17429899957728617,408,0.10918457286637152,0.23895291738404875
results/models/64965891/comparison_xgboost_aft_all_sources.json,ceftriaxone,xgboost_aft,neighbor,7097,0.9415245878540228,0.6573199943638157,0.2842045934902071,408,0.22776620389984695,0.3420117340648444
results/models/64965891/comparison_xgboost_aft_all_sources.json,ceftriaxone,xgboost_aft,ridge_round1,7097,0.9415245878540228,0.9247569395519234,0.016767648302099477,408,0.010085845494111623,0.023717316874043836
results/models/64965891/comparison_xgboost_aft_all_sources.json,ciprofloxacin,xgboost_aft,constant,8493,0.9332391381137407,0.747439067467326,0.18580007064641468,437,0.07505058219671254,0.3104536219980118
results/models/64965891/comparison_xgboost_aft_all_sources.json,ciprofloxacin,xgboost_aft,neighbor,8493,0.9332391381137407,0.6452372542093489,0.28800188390439185,437,0.19827810895334863,0.38443338848687725
results/models/64965891/comparison_xgboost_aft_all_sources.json,ciprofloxacin,xgboost_aft,ridge_round1,8493,0.9332391381137407,0.9172259507829977,0.016013187330742966,437,0.00983188009042157,0.024285979709932043
results/models/64965891/comparison_xgboost_aft_all_sources.json,gentamicin,xgboost_aft,constant,9514,0.9322051713264663,0.8113306705907084,0.12087450073575783,484,0.0849379874864301,0.1566864618888863
results/models/64965891/comparison_xgboost_aft_all_sources.json,gentamicin,xgboost_aft,neighbor,9514,0.9322051713264663,0.7265083035526593,0.20569686777380702,484,0.16677589523361716,0.2502091784461114
results/models/64965891/comparison_xgboost_aft_all_sources.json,gentamicin,xgboost_aft,ridge_round1,9514,0.9322051713264663,0.924427159974774,0.007778011351692243,484,0.0027135789120926227,0.012070138488241431
results/models/64965891/comparison_xgboost_aft_human_clinical.json,ceftriaxone,xgboost_aft,constant,2822,0.9287739192062368,0.7207654145995748,0.20800850460666195,188,0.0888177463984741,0.3224009091076215
results/models/64965891/comparison_xgboost_aft_human_clinical.json,ceftriaxone,xgboost_aft,neighbor,2822,0.9287739192062368,0.6920623671155209,0.23671155209071582,188,0.123992673992674,0.3458762773722628
results/models/64965891/comparison_xgboost_aft_human_clinical.json,ceftriaxone,xgboost_aft,ridge_round1,2822,0.9287739192062368,0.9195605953224664,0.009213323883770375,188,-0.0028377965272682808,0.01750892141480635
results/models/64965891/comparison_xgboost_aft_human_clinical.json,ciprofloxacin,xgboost_aft,constant,3809,0.9183512733000787,0.5985823050669467,0.31976896823313206,218,0.0991975795843199,0.5054249599998527
results/models/64965891/comparison_xgboost_aft_human_clinical.json,ciprofloxacin,xgboost_aft,neighbor,3809,0.9183512733000787,0.5657652927277501,0.3525859805723287,218,0.1624536346831204,0.5075188447508426
results/models/64965891/comparison_xgboost_aft_human_clinical.json,ciprofloxacin,xgboost_aft,ridge_round1,3809,0.9183512733000787,0.9128380152270937,0.005513258072985036,218,-0.0013268309124789715,0.011577216080886361
results/models/64965891/comparison_xgboost_aft_human_clinical.json,gentamicin,xgboost_aft,constant,3348,0.8942652329749103,0.8234767025089605,0.07078853046594982,209,-0.006860492971604082,0.13340786116635844
results/models/64965891/comparison_xgboost_aft_human_clinical.json,gentamicin,xgboost_aft,neighbor,3348,0.8942652329749103,0.8133213859020311,0.08094384707287933,209,0.010199667204376074,0.13961572024092284
results/models/64965891/comparison_xgboost_aft_human_clinical.json,gentamicin,xgboost_aft,ridge_round1,3348,0.8942652329749103,0.8850059737156512,0.009259259259259259,209,-0.008672176013652848,0.02890932982917214
results/models/64983779/comparison_ridge_censored_all_sources.json,ceftriaxone,ridge_censored,constant,7097,0.9260250810201494,0.7672255882767367,0.1587994927434127,408,0.09478808427619738,0.2246755433390064
results/models/64983779/comparison_ridge_censored_all_sources.json,ceftriaxone,ridge_censored,neighbor,7097,0.9260250810201494,0.6573199943638157,0.26870508665633364,408,0.21276210204854787,0.3277790913453033
results/models/64983779/comparison_ridge_censored_all_sources.json,ceftriaxone,ridge_censored,ridge_round1,7097,0.9260250810201494,0.9247569395519234,0.0012681414682260109,408,-0.0009066718671163177,0.004064157978943013
results/models/64983779/comparison_ridge_censored_all_sources.json,ciprofloxacin,ridge_censored,constant,8493,0.9172259507829977,0.747439067467326,0.16978688331567174,437,0.05590574892714382,0.29798593536389206
results/models/64983779/comparison_ridge_censored_all_sources.json,ciprofloxacin,ridge_censored,neighbor,8493,0.9172259507829977,0.6452372542093489,0.2719886965736489,437,0.1809248038802851,0.37208188513539864
results/models/64983779/comparison_ridge_censored_all_sources.json,ciprofloxacin,ridge_censored,ridge_round1,8493,0.9172259507829977,0.9172259507829977,0.0,437,0.0,0.0
results/models/64983779/comparison_ridge_censored_all_sources.json,gentamicin,ridge_censored,constant,9514,0.924427159974774,0.8113306705907084,0.1130964893840656,484,0.07893961253510308,0.14814628797009333
results/models/64983779/comparison_ridge_censored_all_sources.json,gentamicin,ridge_censored,neighbor,9514,0.924427159974774,0.7265083035526593,0.1979188564221148,484,0.15845853907278595,0.24249794435055264
results/models/64983779/comparison_ridge_censored_all_sources.json,gentamicin,ridge_censored,ridge_round1,9514,0.924427159974774,0.924427159974774,0.0,484,0.0,0.0
results/models/64983779/comparison_ridge_censored_amr_evo2_all_sources.json,ceftriaxone,ridge_censored_amr_evo2,constant,7097,0.9289840777793433,0.7672255882767367,0.16175848950260674,408,0.09744588874359429,0.22669066093711895
results/models/64983779/comparison_ridge_censored_amr_evo2_all_sources.json,ceftriaxone,ridge_censored_amr_evo2,neighbor,7097,0.9289840777793433,0.6573199943638157,0.27166408341552767,408,0.216048531264472,0.3298733898152431
results/models/64983779/comparison_ridge_censored_amr_evo2_all_sources.json,ceftriaxone,ridge_censored_amr_evo2,ridge_censored_amr,7097,0.9289840777793433,0.9260250810201494,0.0029589967591940255,408,-0.0021816009009127677,0.0080474462627869
results/models/64983779/comparison_ridge_censored_amr_evo2_all_sources.json,ceftriaxone,ridge_censored_amr_evo2,ridge_round1,7097,0.9289840777793433,0.9247569395519234,0.004227138227420037,408,-0.00016455788104450451,0.008867202369959408
results/models/64983779/comparison_ridge_censored_amr_evo2_all_sources.json,ciprofloxacin,ridge_censored_amr_evo2,constant,8493,0.9279406570116566,0.747439067467326,0.18050158954433063,437,0.06238984674329502,0.31376135131265454
results/models/64983779/comparison_ridge_censored_amr_evo2_all_sources.json,ciprofloxacin,ridge_censored_amr_evo2,neighbor,8493,0.9279406570116566,0.6452372542093489,0.28270340280230777,437,0.1860097047945201,0.3870607601581238
results/models/64983779/comparison_ridge_censored_amr_evo2_all_sources.json,ciprofloxacin,ridge_censored_amr_evo2,ridge_censored_amr,8493,0.9279406570116566,0.9172259507829977,0.010714706228658895,437,0.002043530430355015,0.018444469009695083
results/models/64983779/comparison_ridge_censored_amr_evo2_all_sources.json,ciprofloxacin,ridge_censored_amr_evo2,ridge_round1,8493,0.9279406570116566,0.9172259507829977,0.010714706228658895,437,0.002043530430355015,0.018444469009695083
results/models/64983779/comparison_ridge_censored_amr_evo2_all_sources.json,gentamicin,ridge_censored_amr_evo2,constant,9514,0.929472356527223,0.8113306705907084,0.11814168593651461,484,0.08285339813535351,0.1550252484045704
results/models/64983779/comparison_ridge_censored_amr_evo2_all_sources.json,gentamicin,ridge_censored_amr_evo2,neighbor,9514,0.929472356527223,0.7265083035526593,0.2029640529745638,484,0.16390367694637129,0.24578691795084956
results/models/64983779/comparison_ridge_censored_amr_evo2_all_sources.json,gentamicin,ridge_censored_amr_evo2,ridge_censored_amr,9514,0.929472356527223,0.924427159974774,0.005045196552449022,484,-0.0018658667355288365,0.011204132862882698
results/models/64983779/comparison_ridge_censored_amr_evo2_all_sources.json,gentamicin,ridge_censored_amr_evo2,ridge_round1,9514,0.929472356527223,0.924427159974774,0.005045196552449022,484,-0.0018658667355288365,0.011204132862882698
results/models/64983779/comparison_ridge_censored_amr_evo2_human_clinical.json,ceftriaxone,ridge_censored_amr_evo2,constant,2822,0.9266477675407513,0.7207654145995748,0.20588235294117646,188,0.08413437075983718,0.3204486200046544
results/models/64983779/comparison_ridge_censored_amr_evo2_human_clinical.json,ceftriaxone,ridge_censored_amr_evo2,neighbor,2822,0.9266477675407513,0.6920623671155209,0.23458540042523032,188,0.1198222343734,0.3427503101736972
results/models/64983779/comparison_ridge_censored_amr_evo2_human_clinical.json,ceftriaxone,ridge_censored_amr_evo2,ridge_censored_amr,2822,0.9266477675407513,0.9177888022678952,0.00885896527285613,188,0.002140290932781498,0.018575584671738497
results/models/64983779/comparison_ridge_censored_amr_evo2_human_clinical.json,ceftriaxone,ridge_censored_amr_evo2,ridge_round1,2822,0.9266477675407513,0.9195605953224664,0.007087172218284904,188,0.000887020078723639,0.013168795600915762
results/models/64983779/comparison_ridge_censored_amr_evo2_human_clinical.json,ciprofloxacin,ridge_censored_amr_evo2,constant,3809,0.910212654239958,0.5985823050669467,0.3116303491730113,218,0.09393829011753144,0.49261548455946613
results/models/64983779/comparison_ridge_censored_amr_evo2_human_clinical.json,ciprofloxacin,ridge_censored_amr_evo2,neighbor,3809,0.910212654239958,0.5657652927277501,0.34444736151220795,218,0.15749088123562158,0.49401724149467535
results/models/64983779/comparison_ridge_censored_amr_evo2_human_clinical.json,ciprofloxacin,ridge_censored_amr_evo2,ridge_censored_amr,3809,0.910212654239958,0.9128380152270937,-0.002625360987135731,218,-0.01265910654301337,0.0068860854571141245
results/models/64983779/comparison_ridge_censored_amr_evo2_human_clinical.json,ciprofloxacin,ridge_censored_amr_evo2,ridge_round1,3809,0.910212654239958,0.9128380152270937,-0.002625360987135731,218,-0.01265910654301337,0.0068860854571141245
results/models/64983779/comparison_ridge_censored_amr_evo2_human_clinical.json,gentamicin,ridge_censored_amr_evo2,constant,3348,0.9124850657108722,0.8234767025089605,0.08900836320191159,209,-0.002860301529236464,0.17130247348563366
results/models/64983779/comparison_ridge_censored_amr_evo2_human_clinical.json,gentamicin,ridge_censored_amr_evo2,neighbor,3348,0.9124850657108722,0.8133213859020311,0.0991636798088411,209,0.012708164933562076,0.1790341544840278
results/models/64983779/comparison_ridge_censored_amr_evo2_human_clinical.json,gentamicin,ridge_censored_amr_evo2,ridge_censored_amr,3348,0.9124850657108722,0.8850059737156512,0.027479091995221028,209,0.010122683703229478,0.03779818839432845
results/models/64983779/comparison_ridge_censored_amr_evo2_human_clinical.json,gentamicin,ridge_censored_amr_evo2,ridge_round1,3348,0.9124850657108722,0.8850059737156512,0.027479091995221028,209,0.010122683703229478,0.03779818839432845
results/models/64983779/comparison_ridge_censored_evo2_all_sources.json,ceftriaxone,ridge_censored_evo2,constant,7097,0.8706495702409469,0.7672255882767367,0.10342398196421022,408,0.050072209667193314,0.16435430658911215
results/models/64983779/comparison_ridge_censored_evo2_all_sources.json,ceftriaxone,ridge_censored_evo2,neighbor,7097,0.8706495702409469,0.6573199943638157,0.2133295758771312,408,0.16092932014307276,0.27041230432345054
results/models/64983779/comparison_ridge_censored_evo2_all_sources.json,ceftriaxone,ridge_censored_evo2,ridge_censored_amr,7097,0.8706495702409469,0.9260250810201494,-0.05537551077920248,408,-0.06893795285527154,-0.03976054245229086
results/models/64983779/comparison_ridge_censored_evo2_all_sources.json,ceftriaxone,ridge_censored_evo2,ridge_round1,7097,0.8706495702409469,0.9247569395519234,-0.05410736931097647,408,-0.06796008044913908,-0.038188480200226665
results/models/64983779/comparison_ridge_censored_evo2_all_sources.json,ciprofloxacin,ridge_censored_evo2,constant,8493,0.9111032615094784,0.747439067467326,0.16366419404215235,437,0.04946854813930965,0.29187951957490205
results/models/64983779/comparison_ridge_censored_evo2_all_sources.json,ciprofloxacin,ridge_censored_evo2,neighbor,8493,0.9111032615094784,0.6452372542093489,0.2658660073001295,437,0.1728567978318604,0.3657927027235136
results/models/64983779/comparison_ridge_censored_evo2_all_sources.json,ciprofloxacin,ridge_censored_evo2,ridge_censored_amr,8493,0.9111032615094784,0.9172259507829977,-0.006122689273519369,437,-0.014519041184173652,0.0010187281868724281
results/models/64983779/comparison_ridge_censored_evo2_all_sources.json,ciprofloxacin,ridge_censored_evo2,ridge_round1,8493,0.9111032615094784,0.9172259507829977,-0.006122689273519369,437,-0.014519041184173652,0.0010187281868724281
results/models/64983779/comparison_ridge_censored_evo2_all_sources.json,gentamicin,ridge_censored_evo2,constant,9514,0.8842758040782005,0.8113306705907084,0.07294513348749211,484,0.03654586443901962,0.11301863406297222
results/models/64983779/comparison_ridge_censored_evo2_all_sources.json,gentamicin,ridge_censored_evo2,neighbor,9514,0.8842758040782005,0.7265083035526593,0.1577675005255413,484,0.11526387184522323,0.20315198682755106
results/models/64983779/comparison_ridge_censored_evo2_all_sources.json,gentamicin,ridge_censored_evo2,ridge_censored_amr,9514,0.8842758040782005,0.924427159974774,-0.04015135589657347,484,-0.06103691260175917,-0.020684590059048585
results/models/64983779/comparison_ridge_censored_evo2_all_sources.json,gentamicin,ridge_censored_evo2,ridge_round1,9514,0.8842758040782005,0.924427159974774,-0.04015135589657347,484,-0.06103691260175917,-0.020684590059048585
results/models/64983779/comparison_ridge_censored_evo2_human_clinical.json,ceftriaxone,ridge_censored_evo2,constant,2822,0.8958185683912119,0.7207654145995748,0.17505315379163713,188,0.06672655954526584,0.27895798639350394
results/models/64983779/comparison_ridge_censored_evo2_human_clinical.json,ceftriaxone,ridge_censored_evo2,neighbor,2822,0.8958185683912119,0.6920623671155209,0.203756201275691,188,0.10194854960388923,0.3012134138475768
results/models/64983779/comparison_ridge_censored_evo2_human_clinical.json,ceftriaxone,ridge_censored_evo2,ridge_censored_amr,2822,0.8958185683912119,0.9177888022678952,-0.021970233876683204,188,-0.03686372265552106,-0.005104787779478433
results/models/64983779/comparison_ridge_censored_evo2_human_clinical.json,ceftriaxone,ridge_censored_evo2,ridge_round1,2822,0.8958185683912119,0.9195605953224664,-0.02374202693125443,188,-0.04012033232092297,-0.006816788605955545
results/models/64983779/comparison_ridge_censored_evo2_human_clinical.json,ciprofloxacin,ridge_censored_evo2,constant,3809,0.8847466526647414,0.5985823050669467,0.2861643475977947,218,0.07102329803497016,0.4702950173228482
results/models/64983779/comparison_ridge_censored_evo2_human_clinical.json,ciprofloxacin,ridge_censored_evo2,neighbor,3809,0.8847466526647414,0.5657652927277501,0.31898135993699134,218,0.1315840191885647,0.47145699230503885
results/models/64983779/comparison_ridge_censored_evo2_human_clinical.json,ciprofloxacin,ridge_censored_evo2,ridge_censored_amr,3809,0.8847466526647414,0.9128380152270937,-0.028091362562352323,218,-0.04867685816838683,-0.014331579105190418
results/models/64983779/comparison_ridge_censored_evo2_human_clinical.json,ciprofloxacin,ridge_censored_evo2,ridge_round1,3809,0.8847466526647414,0.9128380152270937,-0.028091362562352323,218,-0.04867685816838683,-0.014331579105190418
results/models/64983779/comparison_ridge_censored_evo2_human_clinical.json,gentamicin,ridge_censored_evo2,constant,3348,0.8823178016726404,0.8234767025089605,0.05884109916367981,209,-0.02245975308803282,0.13471769203474862
results/models/64983779/comparison_ridge_censored_evo2_human_clinical.json,gentamicin,ridge_censored_evo2,neighbor,3348,0.8823178016726404,0.8133213859020311,0.06899641577060932,209,-0.008188718781550508,0.14249212225989574
results/models/64983779/comparison_ridge_censored_evo2_human_clinical.json,gentamicin,ridge_censored_evo2,ridge_censored_amr,3348,0.8823178016726404,0.8850059737156512,-0.002688172043010753,209,-0.017691768165258685,0.008828544874126154
results/models/64983779/comparison_ridge_censored_evo2_human_clinical.json,gentamicin,ridge_censored_evo2,ridge_round1,3348,0.8823178016726404,0.8850059737156512,-0.002688172043010753,209,-0.017691768165258685,0.008828544874126154
results/models/64983779/comparison_ridge_censored_human_clinical.json,ceftriaxone,ridge_censored,constant,2822,0.9177888022678952,0.7207654145995748,0.19702338766832034,188,0.07851728135860354,0.30987376332386296
results/models/64983779/comparison_ridge_censored_human_clinical.json,ceftriaxone,ridge_censored,neighbor,2822,0.9177888022678952,0.6920623671155209,0.2257264351523742,188,0.11379952338602427,0.33091819679208445
results/models/64983779/comparison_ridge_censored_human_clinical.json,ceftriaxone,ridge_censored,ridge_round1,2822,0.9177888022678952,0.9195605953224664,-0.001771793054571226,188,-0.01111781822169015,0.005251363794553397
results/models/64983779/comparison_ridge_censored_human_clinical.json,ciprofloxacin,ridge_censored,constant,3809,0.9128380152270937,0.5985823050669467,0.31425571016014703,218,0.09161948543308832,0.4984144184433186
results/models/64983779/comparison_ridge_censored_human_clinical.json,ciprofloxacin,ridge_censored,neighbor,3809,0.9128380152270937,0.5657652927277501,0.3470727224993437,218,0.1541444443897165,0.5021086343231942
results/models/64983779/comparison_ridge_censored_human_clinical.json,ciprofloxacin,ridge_censored,ridge_round1,3809,0.9128380152270937,0.9128380152270937,0.0,218,0.0,0.0
results/models/64983779/comparison_ridge_censored_human_clinical.json,gentamicin,ridge_censored,constant,3348,0.8850059737156512,0.8234767025089605,0.061529271206690564,209,-0.02657863363354099,0.13768470565410132
results/models/64983779/comparison_ridge_censored_human_clinical.json,gentamicin,ridge_censored,neighbor,3348,0.8850059737156512,0.8133213859020311,0.07168458781362007,209,-0.011976884029209801,0.14570247448684612
results/models/64983779/comparison_ridge_censored_human_clinical.json,gentamicin,ridge_censored,ridge_round1,3348,0.8850059737156512,0.8850059737156512,0.0,209,0.0,0.0
results/models/64983779/comparison_xgboost_aft_all_sources.json,ceftriaxone,xgboost_aft,constant,7097,0.9415245878540228,0.7672255882767367,0.17429899957728617,408,0.10918457286637152,0.23895291738404875
results/models/64983779/comparison_xgboost_aft_all_sources.json,ceftriaxone,xgboost_aft,neighbor,7097,0.9415245878540228,0.6573199943638157,0.2842045934902071,408,0.22776620389984695,0.3420117340648444
results/models/64983779/comparison_xgboost_aft_all_sources.json,ceftriaxone,xgboost_aft,ridge_round1,7097,0.9415245878540228,0.9247569395519234,0.016767648302099477,408,0.010085845494111623,0.023717316874043836
results/models/64983779/comparison_xgboost_aft_all_sources.json,ciprofloxacin,xgboost_aft,constant,8493,0.9332391381137407,0.747439067467326,0.18580007064641468,437,0.07505058219671254,0.3104536219980118
results/models/64983779/comparison_xgboost_aft_all_sources.json,ciprofloxacin,xgboost_aft,neighbor,8493,0.9332391381137407,0.6452372542093489,0.28800188390439185,437,0.19827810895334863,0.38443338848687725
results/models/64983779/comparison_xgboost_aft_all_sources.json,ciprofloxacin,xgboost_aft,ridge_round1,8493,0.9332391381137407,0.9172259507829977,0.016013187330742966,437,0.00983188009042157,0.024285979709932043
results/models/64983779/comparison_xgboost_aft_all_sources.json,gentamicin,xgboost_aft,constant,9514,0.9322051713264663,0.8113306705907084,0.12087450073575783,484,0.0849379874864301,0.1566864618888863
results/models/64983779/comparison_xgboost_aft_all_sources.json,gentamicin,xgboost_aft,neighbor,9514,0.9322051713264663,0.7265083035526593,0.20569686777380702,484,0.16677589523361716,0.2502091784461114
results/models/64983779/comparison_xgboost_aft_all_sources.json,gentamicin,xgboost_aft,ridge_round1,9514,0.9322051713264663,0.924427159974774,0.007778011351692243,484,0.0027135789120926227,0.012070138488241431
results/models/64983779/comparison_xgboost_aft_amr_evo2_all_sources.json,ceftriaxone,xgboost_aft_amr_evo2,constant,7097,0.920670705932084,0.7672255882767367,0.15344511765534732,408,0.09361314557535487,0.2133742083669104
results/models/64983779/comparison_xgboost_aft_amr_evo2_all_sources.json,ceftriaxone,xgboost_aft_amr_evo2,neighbor,7097,0.920670705932084,0.6573199943638157,0.2633507115682683,408,0.20959245518177083,0.3204397107204824
results/models/64983779/comparison_xgboost_aft_amr_evo2_all_sources.json,ceftriaxone,xgboost_aft_amr_evo2,ridge_round1,7097,0.920670705932084,0.9247569395519234,-0.004086233619839369,408,-0.01743966915337883,0.008491422846678762
results/models/64983779/comparison_xgboost_aft_amr_evo2_all_sources.json,ceftriaxone,xgboost_aft_amr_evo2,xgboost_aft_amr,7097,0.920670705932084,0.9415245878540228,-0.020853881921938846,408,-0.03023690678068463,-0.01153539240686748
results/models/64983779/comparison_xgboost_aft_amr_evo2_all_sources.json,ciprofloxacin,xgboost_aft_amr_evo2,constant,8493,0.9344165783586483,0.747439067467326,0.18697751089132225,437,0.07535284697199157,0.3125472633755876
results/models/64983779/comparison_xgboost_aft_amr_evo2_all_sources.json,ciprofloxacin,xgboost_aft_amr_evo2,neighbor,8493,0.9344165783586483,0.6452372542093489,0.2891793241492994,437,0.19877266079063322,0.38540319217647984
results/models/64983779/comparison_xgboost_aft_amr_evo2_all_sources.json,ciprofloxacin,xgboost_aft_amr_evo2,ridge_round1,8493,0.9344165783586483,0.9172259507829977,0.017190627575650534,437,0.012049513196480543,0.023275768439953246
results/models/64983779/comparison_xgboost_aft_amr_evo2_all_sources.json,ciprofloxacin,xgboost_aft_amr_evo2,xgboost_aft_amr,8493,0.9344165783586483,0.9332391381137407,0.0011774402449075709,437,-0.0042110468214252616,0.005957526440903916
results/models/64983779/comparison_xgboost_aft_amr_evo2_all_sources.json,gentamicin,xgboost_aft_amr_evo2,constant,9514,0.9353584191717469,0.8113306705907084,0.12402774858103847,484,0.08724991328329743,0.16242000793563605
results/models/64983779/comparison_xgboost_aft_amr_evo2_all_sources.json,gentamicin,xgboost_aft_amr_evo2,neighbor,9514,0.9353584191717469,0.7265083035526593,0.20885011561908767,484,0.16892999413299134,0.25302608553135114
results/models/64983779/comparison_xgboost_aft_amr_evo2_all_sources.json,gentamicin,xgboost_aft_amr_evo2,ridge_round1,9514,0.9353584191717469,0.924427159974774,0.010931259196972883,484,0.002181381790276666,0.019389682992433165
results/models/64983779/comparison_xgboost_aft_amr_evo2_all_sources.json,gentamicin,xgboost_aft_amr_evo2,xgboost_aft_amr,9514,0.9353584191717469,0.9322051713264663,0.003153247845280639,484,-0.004922681111102617,0.011443735700320836
results/models/64983779/comparison_xgboost_aft_amr_evo2_human_clinical.json,ceftriaxone,xgboost_aft_amr_evo2,constant,2822,0.9142452161587526,0.7207654145995748,0.19347980155917788,188,0.07773800859312009,0.3055847915528854
results/models/64983779/comparison_xgboost_aft_amr_evo2_human_clinical.json,ceftriaxone,xgboost_aft_amr_evo2,neighbor,2822,0.9142452161587526,0.6920623671155209,0.22218284904323174,188,0.11255898068857119,0.32776811040578896
results/models/64983779/comparison_xgboost_aft_amr_evo2_human_clinical.json,ceftriaxone,xgboost_aft_amr_evo2,ridge_round1,2822,0.9142452161587526,0.9195605953224664,-0.005315379163713678,188,-0.015888331771950624,0.0041008491655811306
results/models/64983779/comparison_xgboost_aft_amr_evo2_human_clinical.json,ceftriaxone,xgboost_aft_amr_evo2,xgboost_aft_amr,2822,0.9142452161587526,0.9287739192062368,-0.014528703047484054,188,-0.01977622191241594,-0.007448390301241573
results/models/64983779/comparison_xgboost_aft_amr_evo2_human_clinical.json,ciprofloxacin,xgboost_aft_amr_evo2,constant,3809,0.9131005513258073,0.5985823050669467,0.3145182462588606,218,0.08628287481141791,0.5061891370657603
results/models/64983779/comparison_xgboost_aft_amr_evo2_human_clinical.json,ciprofloxacin,xgboost_aft_amr_evo2,neighbor,3809,0.9131005513258073,0.5657652927277501,0.34733525859805725,218,0.14931234430906346,0.5089223634989967
results/models/64983779/comparison_xgboost_aft_amr_evo2_human_clinical.json,ciprofloxacin,xgboost_aft_amr_evo2,ridge_round1,3809,0.9131005513258073,0.9128380152270937,0.00026253609871357313,218,-0.01270513448154933,0.009925827127253147
results/models/64983779/comparison_xgboost_aft_amr_evo2_human_clinical.json,ciprofloxacin,xgboost_aft_amr_evo2,xgboost_aft_amr,3809,0.9131005513258073,0.9183512733000787,-0.005250721974271462,218,-0.016549231240740484,0.0033399302460751855
results/models/64983779/comparison_xgboost_aft_amr_evo2_human_clinical.json,gentamicin,xgboost_aft_amr_evo2,constant,3348,0.9184587813620072,0.8234767025089605,0.09498207885304659,209,0.00886305214381751,0.1712462412221612
results/models/64983779/comparison_xgboost_aft_amr_evo2_human_clinical.json,gentamicin,xgboost_aft_amr_evo2,neighbor,3348,0.9184587813620072,0.8133213859020311,0.10513739545997611,209,0.02458796726332438,0.17846700450350395
results/models/64983779/comparison_xgboost_aft_amr_evo2_human_clinical.json,gentamicin,xgboost_aft_amr_evo2,ridge_round1,3348,0.9184587813620072,0.8850059737156512,0.03345280764635603,209,0.018764287434091812,0.04457083198519956
results/models/64983779/comparison_xgboost_aft_amr_evo2_human_clinical.json,gentamicin,xgboost_aft_amr_evo2,xgboost_aft_amr,3348,0.9184587813620072,0.8942652329749103,0.024193548387096774,209,0.000985713289383317,0.043488155515255464
results/models/64983779/comparison_xgboost_aft_evo2_all_sources.json,ceftriaxone,xgboost_aft_evo2,constant,7097,0.8693814287727208,0.7672255882767367,0.10215584049598422,408,0.0535747291847636,0.15572364958638332
results/models/64983779/comparison_xgboost_aft_evo2_all_sources.json,ceftriaxone,xgboost_aft_evo2,neighbor,7097,0.8693814287727208,0.6573199943638157,0.21206143440890518,408,0.16468297334610782,0.26429006874429034
results/models/64983779/comparison_xgboost_aft_evo2_all_sources.json,ceftriaxone,xgboost_aft_evo2,ridge_round1,7097,0.8693814287727208,0.9247569395519234,-0.05537551077920248,408,-0.07159692420686035,-0.03514095682091386
results/models/64983779/comparison_xgboost_aft_evo2_all_sources.json,ceftriaxone,xgboost_aft_evo2,xgboost_aft_amr,7097,0.8693814287727208,0.9415245878540228,-0.07214315908130196,408,-0.0883000302361052,-0.05163357888174851
results/models/64983779/comparison_xgboost_aft_evo2_all_sources.json,ciprofloxacin,xgboost_aft_evo2,constant,8493,0.9255857765218415,0.747439067467326,0.1781467090545155,437,0.06905520314217563,0.3036941006171424
results/models/64983779/comparison_xgboost_aft_evo2_all_sources.json,ciprofloxacin,xgboost_aft_evo2,neighbor,8493,0.9255857765218415,0.6452372542093489,0.28034852231249263,437,0.1926706649222965,0.3768565344712496
results/models/64983779/comparison_xgboost_aft_evo2_all_sources.json,ciprofloxacin,xgboost_aft_evo2,ridge_round1,8493,0.9255857765218415,0.9172259507829977,0.008359825738843753,437,0.0006794270315963884,0.018763583034392343
results/models/64983779/comparison_xgboost_aft_evo2_all_sources.json,ciprofloxacin,xgboost_aft_evo2,xgboost_aft_amr,8493,0.9255857765218415,0.9332391381137407,-0.007653361591899211,437,-0.015828040084308305,0.002258586361373816
results/models/64983779/comparison_xgboost_aft_evo2_all_sources.json,gentamicin,xgboost_aft_evo2,constant,9514,0.8970990119823418,0.8113306705907084,0.08576834139163338,484,0.05153374832378067,0.12313704369061096
results/models/64983779/comparison_xgboost_aft_evo2_all_sources.json,gentamicin,xgboost_aft_evo2,neighbor,9514,0.8970990119823418,0.7265083035526593,0.17059070842968257,484,0.12954061181434598,0.21566588419010707
results/models/64983779/comparison_xgboost_aft_evo2_all_sources.json,gentamicin,xgboost_aft_evo2,ridge_round1,9514,0.8970990119823418,0.924427159974774,-0.027328147992432206,484,-0.044426818784986805,-0.012791105214650822
results/models/64983779/comparison_xgboost_aft_evo2_all_sources.json,gentamicin,xgboost_aft_evo2,xgboost_aft_amr,9514,0.8970990119823418,0.9322051713264663,-0.03510615934412445,484,-0.053263949592074596,-0.019488541322336773
results/models/64983779/comparison_xgboost_aft_evo2_human_clinical.json,ceftriaxone,xgboost_aft_evo2,constant,2822,0.8880226789510985,0.7207654145995748,0.16725726435152374,188,0.060755242172046114,0.27421940629200253
results/models/64983779/comparison_xgboost_aft_evo2_human_clinical.json,ceftriaxone,xgboost_aft_evo2,neighbor,2822,0.8880226789510985,0.6920623671155209,0.1959603118355776,188,0.09438992213460298,0.29544226564939985
results/models/64983779/comparison_xgboost_aft_evo2_human_clinical.json,ceftriaxone,xgboost_aft_evo2,ridge_round1,2822,0.8880226789510985,0.9195605953224664,-0.031537916371367825,188,-0.052291807131837724,-0.012251117279484643
results/models/64983779/comparison_xgboost_aft_evo2_human_clinical.json,ceftriaxone,xgboost_aft_evo2,xgboost_aft_amr,2822,0.8880226789510985,0.9287739192062368,-0.0407512402551382,188,-0.058889146436884796,-0.020241988883761067
results/models/64983779/comparison_xgboost_aft_evo2_human_clinical.json,ciprofloxacin,xgboost_aft_evo2,constant,3809,0.7474402730375427,0.5985823050669467,0.14885796797059594,218,0.06931911495260573,0.2754065915755797
results/models/64983779/comparison_xgboost_aft_evo2_human_clinical.json,ciprofloxacin,xgboost_aft_evo2,neighbor,3809,0.7474402730375427,0.5657652927277501,0.1816749803097926,218,0.09051138939473674,0.33224741470879443
results/models/64983779/comparison_xgboost_aft_evo2_human_clinical.json,ciprofloxacin,xgboost_aft_evo2,ridge_round1,3809,0.7474402730375427,0.9128380152270937,-0.16539774218955106,218,-0.3654681516110553,-0.0035435296014745933
results/models/64983779/comparison_xgboost_aft_evo2_human_clinical.json,ciprofloxacin,xgboost_aft_evo2,xgboost_aft_amr,3809,0.7474402730375427,0.9183512733000787,-0.1709110002625361,218,-0.3711002771747941,-0.01088609319796689
results/models/64983779/comparison_xgboost_aft_evo2_human_clinical.json,gentamicin,xgboost_aft_evo2,constant,3348,0.8850059737156512,0.8234767025089605,0.061529271206690564,209,-0.004746323887646816,0.12321261627467472
results/models/64983779/comparison_xgboost_aft_evo2_human_clinical.json,gentamicin,xgboost_aft_evo2,neighbor,3348,0.8850059737156512,0.8133213859020311,0.07168458781362007,209,0.009768828820883676,0.1309127444279589
results/models/64983779/comparison_xgboost_aft_evo2_human_clinical.json,gentamicin,xgboost_aft_evo2,ridge_round1,3348,0.8850059737156512,0.8850059737156512,0.0,209,-0.021721701381486377,0.025949213535938133
results/models/64983779/comparison_xgboost_aft_evo2_human_clinical.json,gentamicin,xgboost_aft_evo2,xgboost_aft_amr,3348,0.8850059737156512,0.8942652329749103,-0.009259259259259259,209,-0.03205237741456166,0.007532564745505514
results/models/64983779/comparison_xgboost_aft_human_clinical.json,ceftriaxone,xgboost_aft,constant,2822,0.9287739192062368,0.7207654145995748,0.20800850460666195,188,0.0888177463984741,0.3224009091076215
results/models/64983779/comparison_xgboost_aft_human_clinical.json,ceftriaxone,xgboost_aft,neighbor,2822,0.9287739192062368,0.6920623671155209,0.23671155209071582,188,0.123992673992674,0.3458762773722628
results/models/64983779/comparison_xgboost_aft_human_clinical.json,ceftriaxone,xgboost_aft,ridge_round1,2822,0.9287739192062368,0.9195605953224664,0.009213323883770375,188,-0.0028377965272682808,0.01750892141480635
results/models/64983779/comparison_xgboost_aft_human_clinical.json,ciprofloxacin,xgboost_aft,constant,3809,0.9183512733000787,0.5985823050669467,0.31976896823313206,218,0.0991975795843199,0.5054249599998527
results/models/64983779/comparison_xgboost_aft_human_clinical.json,ciprofloxacin,xgboost_aft,neighbor,3809,0.9183512733000787,0.5657652927277501,0.3525859805723287,218,0.1624536346831204,0.5075188447508426
results/models/64983779/comparison_xgboost_aft_human_clinical.json,ciprofloxacin,xgboost_aft,ridge_round1,3809,0.9183512733000787,0.9128380152270937,0.005513258072985036,218,-0.0013268309124789715,0.011577216080886361
results/models/64983779/comparison_xgboost_aft_human_clinical.json,gentamicin,xgboost_aft,constant,3348,0.8942652329749103,0.8234767025089605,0.07078853046594982,209,-0.006860492971604082,0.13340786116635844
results/models/64983779/comparison_xgboost_aft_human_clinical.json,gentamicin,xgboost_aft,neighbor,3348,0.8942652329749103,0.8133213859020311,0.08094384707287933,209,0.010199667204376074,0.13961572024092284
results/models/64983779/comparison_xgboost_aft_human_clinical.json,gentamicin,xgboost_aft,ridge_round1,3348,0.8942652329749103,0.8850059737156512,0.009259259259259259,209,-0.008672176013652848,0.02890932982917214
results/models/65006995/comparison_ridge_censored_all_sources.json,ceftriaxone,ridge_censored,constant,7097,0.9260250810201494,0.7672255882767367,0.1587994927434127,408,0.09478808427619738,0.2246755433390064
results/models/65006995/comparison_ridge_censored_all_sources.json,ceftriaxone,ridge_censored,neighbor,7097,0.9260250810201494,0.6573199943638157,0.26870508665633364,408,0.21276210204854787,0.3277790913453033
results/models/65006995/comparison_ridge_censored_all_sources.json,ceftriaxone,ridge_censored,ridge_round1,7097,0.9260250810201494,0.9247569395519234,0.0012681414682260109,408,-0.0009066718671163177,0.004064157978943013
results/models/65006995/comparison_ridge_censored_all_sources.json,ciprofloxacin,ridge_censored,constant,8493,0.9172259507829977,0.747439067467326,0.16978688331567174,437,0.05590574892714382,0.29798593536389206
results/models/65006995/comparison_ridge_censored_all_sources.json,ciprofloxacin,ridge_censored,neighbor,8493,0.9172259507829977,0.6452372542093489,0.2719886965736489,437,0.1809248038802851,0.37208188513539864
results/models/65006995/comparison_ridge_censored_all_sources.json,ciprofloxacin,ridge_censored,ridge_round1,8493,0.9172259507829977,0.9172259507829977,0.0,437,0.0,0.0
results/models/65006995/comparison_ridge_censored_all_sources.json,gentamicin,ridge_censored,constant,9514,0.9260037838974143,0.8113306705907084,0.1146731133067059,484,0.08066664753354731,0.1504933798201943
results/models/65006995/comparison_ridge_censored_all_sources.json,gentamicin,ridge_censored,neighbor,9514,0.9260037838974143,0.7265083035526593,0.1994954803447551,484,0.16094597565617913,0.24435010703410012
results/models/65006995/comparison_ridge_censored_all_sources.json,gentamicin,ridge_censored,ridge_round1,9514,0.9260037838974143,0.924427159974774,0.0015766239226403195,484,-0.0002789758176603773,0.004999449955542273
results/models/65006995/comparison_ridge_censored_amr_evo2_all_sources.json,ceftriaxone,ridge_censored_amr_evo2,constant,7097,0.9288431731717627,0.7672255882767367,0.16161758489502606,408,0.09743530844349334,0.22657002757523764
results/models/65006995/comparison_ridge_censored_amr_evo2_all_sources.json,ceftriaxone,ridge_censored_amr_evo2,neighbor,7097,0.9288431731717627,0.6573199943638157,0.271523178807947,408,0.21576882250517465,0.329574905198681
results/models/65006995/comparison_ridge_censored_amr_evo2_all_sources.json,ceftriaxone,ridge_censored_amr_evo2,ridge_censored_amr,7097,0.9288431731717627,0.9260250810201494,0.0028180921516133576,408,-0.0025191368807241585,0.00802468571832866
results/models/65006995/comparison_ridge_censored_amr_evo2_all_sources.json,ceftriaxone,ridge_censored_amr_evo2,ridge_round1,7097,0.9288431731717627,0.9247569395519234,0.004086233619839369,408,-0.0005380231020261152,0.008825088807627161
results/models/65006995/comparison_ridge_censored_amr_evo2_all_sources.json,ciprofloxacin,ridge_censored_amr_evo2,constant,8493,0.9279406570116566,0.747439067467326,0.18050158954433063,437,0.06238984674329502,0.31376135131265454
results/models/65006995/comparison_ridge_censored_amr_evo2_all_sources.json,ciprofloxacin,ridge_censored_amr_evo2,neighbor,8493,0.9279406570116566,0.6452372542093489,0.28270340280230777,437,0.1860097047945201,0.3870607601581238
results/models/65006995/comparison_ridge_censored_amr_evo2_all_sources.json,ciprofloxacin,ridge_censored_amr_evo2,ridge_censored_amr,8493,0.9279406570116566,0.9172259507829977,0.010714706228658895,437,0.002043530430355015,0.018444469009695083
results/models/65006995/comparison_ridge_censored_amr_evo2_all_sources.json,ciprofloxacin,ridge_censored_amr_evo2,ridge_round1,8493,0.9279406570116566,0.9172259507829977,0.010714706228658895,437,0.002043530430355015,0.018444469009695083
results/models/65006995/comparison_ridge_censored_amr_evo2_all_sources.json,gentamicin,ridge_censored_amr_evo2,constant,9514,0.9292621400042044,0.8113306705907084,0.1179314694134959,484,0.08285339813535351,0.1546010741438107
results/models/65006995/comparison_ridge_censored_amr_evo2_all_sources.json,gentamicin,ridge_censored_amr_evo2,neighbor,9514,0.9292621400042044,0.7265083035526593,0.2027538364515451,484,0.16390367694637129,0.24574691350725913
results/models/65006995/comparison_ridge_censored_amr_evo2_all_sources.json,gentamicin,ridge_censored_amr_evo2,ridge_censored_amr,9514,0.9292621400042044,0.9260037838974143,0.0032583561067899935,484,-0.003247958084109679,0.009193148067879577
results/models/65006995/comparison_ridge_censored_amr_evo2_all_sources.json,gentamicin,ridge_censored_amr_evo2,ridge_round1,9514,0.9292621400042044,0.924427159974774,0.004834980029430313,484,-0.0022326797766927553,0.011091540241504867
results/models/65006995/comparison_ridge_censored_amr_evo2_human_clinical.json,ceftriaxone,ridge_censored_amr_evo2,constant,2822,0.926293408929837,0.7207654145995748,0.20552799433026223,188,0.08353341318649884,0.3197097109801614
results/models/65006995/comparison_ridge_censored_amr_evo2_human_clinical.json,ceftriaxone,ridge_censored_amr_evo2,neighbor,2822,0.926293408929837,0.6920623671155209,0.2342310418143161,188,0.1197324683175517,0.34270972807032996
results/models/65006995/comparison_ridge_censored_amr_evo2_human_clinical.json,ceftriaxone,ridge_censored_amr_evo2,ridge_censored_amr,2822,0.926293408929837,0.9177888022678952,0.008504606661941885,188,0.0018375973870771113,0.01797758919438006
results/models/65006995/comparison_ridge_censored_amr_evo2_human_clinical.json,ceftriaxone,ridge_censored_amr_evo2,ridge_round1,2822,0.926293408929837,0.9195605953224664,0.006732813607370659,188,0.0003958786709442937,0.012814463246530162
results/models/65006995/comparison_ridge_censored_amr_evo2_human_clinical.json,ciprofloxacin,ridge_censored_amr_evo2,constant,3809,0.9099501181412444,0.5985823050669467,0.31136781307429773,218,0.09342821547749548,0.49261548455946613
results/models/65006995/comparison_ridge_censored_amr_evo2_human_clinical.json,ciprofloxacin,ridge_censored_amr_evo2,neighbor,3809,0.9099501181412444,0.5657652927277501,0.3441848254134944,218,0.15749088123562158,0.4935287645407675
results/models/65006995/comparison_ridge_censored_amr_evo2_human_clinical.json,ciprofloxacin,ridge_censored_amr_evo2,ridge_censored_amr,3809,0.9099501181412444,0.9128380152270937,-0.002887897085849304,218,-0.013137798351376587,0.006565076687380569
results/models/65006995/comparison_ridge_censored_amr_evo2_human_clinical.json,ciprofloxacin,ridge_censored_amr_evo2,ridge_round1,3809,0.9099501181412444,0.9128380152270937,-0.002887897085849304,218,-0.013137798351376587,0.006565076687380569
results/models/65006995/comparison_ridge_censored_amr_evo2_human_clinical.json,gentamicin,ridge_censored_amr_evo2,constant,3348,0.9124850657108722,0.8234767025089605,0.08900836320191159,209,-0.002860301529236464,0.17130247348563366
results/models/65006995/comparison_ridge_censored_amr_evo2_human_clinical.json,gentamicin,ridge_censored_amr_evo2,neighbor,3348,0.9124850657108722,0.8133213859020311,0.0991636798088411,209,0.012708164933562076,0.1790341544840278
results/models/65006995/comparison_ridge_censored_amr_evo2_human_clinical.json,gentamicin,ridge_censored_amr_evo2,ridge_censored_amr,3348,0.9124850657108722,0.8850059737156512,0.027479091995221028,209,0.010122683703229478,0.03779818839432845
results/models/65006995/comparison_ridge_censored_amr_evo2_human_clinical.json,gentamicin,ridge_censored_amr_evo2,ridge_round1,3348,0.9124850657108722,0.8850059737156512,0.027479091995221028,209,0.010122683703229478,0.03779818839432845
results/models/65006995/comparison_ridge_censored_evo2_all_sources.json,ceftriaxone,ridge_censored_evo2,constant,7097,0.8710722840636889,0.7672255882767367,0.10384669578695223,408,0.050530671604985,0.16475043022882768
results/models/65006995/comparison_ridge_censored_evo2_all_sources.json,ceftriaxone,ridge_censored_evo2,neighbor,7097,0.8710722840636889,0.6573199943638157,0.2137522896998732,408,0.16124825902682183,0.2711299686056937
results/models/65006995/comparison_ridge_censored_evo2_all_sources.json,ceftriaxone,ridge_censored_evo2,ridge_censored_amr,7097,0.8710722840636889,0.9260250810201494,-0.05495279695646048,408,-0.0686052940718267,-0.039256329136614386
results/models/65006995/comparison_ridge_censored_evo2_all_sources.json,ceftriaxone,ridge_censored_evo2,ridge_round1,7097,0.8710722840636889,0.9247569395519234,-0.053684655488234465,408,-0.0674336871350758,-0.03777808628441118
results/models/65006995/comparison_ridge_censored_evo2_all_sources.json,ciprofloxacin,ridge_censored_evo2,constant,8493,0.9111032615094784,0.747439067467326,0.16366419404215235,437,0.04964116260754477,0.2917521635680535
results/models/65006995/comparison_ridge_censored_evo2_all_sources.json,ciprofloxacin,ridge_censored_evo2,neighbor,8493,0.9111032615094784,0.6452372542093489,0.2658660073001295,437,0.1726456865180734,0.3657949257361403
results/models/65006995/comparison_ridge_censored_evo2_all_sources.json,ciprofloxacin,ridge_censored_evo2,ridge_censored_amr,8493,0.9111032615094784,0.9172259507829977,-0.006122689273519369,437,-0.014618083945579799,0.0009269234867686004
results/models/65006995/comparison_ridge_censored_evo2_all_sources.json,ciprofloxacin,ridge_censored_evo2,ridge_round1,8493,0.9111032615094784,0.9172259507829977,-0.006122689273519369,437,-0.014618083945579799,0.0009269234867686004
results/models/65006995/comparison_ridge_censored_evo2_all_sources.json,gentamicin,ridge_censored_evo2,constant,9514,0.8844860206012193,0.8113306705907084,0.07315535001051082,484,0.03672577386120537,0.11338052568899414
results/models/65006995/comparison_ridge_censored_evo2_all_sources.json,gentamicin,ridge_censored_evo2,neighbor,9514,0.8844860206012193,0.7265083035526593,0.15797771704856,484,0.11538511034310933,0.2034555378018341
results/models/65006995/comparison_ridge_censored_evo2_all_sources.json,gentamicin,ridge_censored_evo2,ridge_censored_amr,9514,0.8844860206012193,0.9260037838974143,-0.04151776329619508,484,-0.062055915513365756,-0.02185169269329719
results/models/65006995/comparison_ridge_censored_evo2_all_sources.json,gentamicin,ridge_censored_evo2,ridge_round1,9514,0.8844860206012193,0.924427159974774,-0.039941139373554764,484,-0.06086863995275915,-0.02020902582699955
results/models/65006995/comparison_ridge_censored_evo2_human_clinical.json,ceftriaxone,ridge_censored_evo2,constant,2822,0.8954642097802976,0.7207654145995748,0.1746987951807229,188,0.06583757393657817,0.2789518544337296
results/models/65006995/comparison_ridge_censored_evo2_human_clinical.json,ceftriaxone,ridge_censored_evo2,neighbor,2822,0.8954642097802976,0.6920623671155209,0.20340184266477676,188,0.10179086722660179,0.3009742674163774
results/models/65006995/comparison_ridge_censored_evo2_human_clinical.json,ceftriaxone,ridge_censored_evo2,ridge_censored_amr,2822,0.8954642097802976,0.9177888022678952,-0.02232459248759745,188,-0.03774110428959751,-0.005268782033775602
results/models/65006995/comparison_ridge_censored_evo2_human_clinical.json,ceftriaxone,ridge_censored_evo2,ridge_round1,2822,0.8954642097802976,0.9195605953224664,-0.024096385542168676,188,-0.040700386239268437,-0.006865793135749323
results/models/65006995/comparison_ridge_censored_evo2_human_clinical.json,ciprofloxacin,ridge_censored_evo2,constant,3809,0.8844841165660279,0.5985823050669467,0.2859018114990811,218,0.07047618853895665,0.4702950173228482
results/models/65006995/comparison_ridge_censored_evo2_human_clinical.json,ciprofloxacin,ridge_censored_evo2,neighbor,3809,0.8844841165660279,0.5657652927277501,0.31871882383827776,218,0.13103548611964566,0.47121275382808486
results/models/65006995/comparison_ridge_censored_evo2_human_clinical.json,ciprofloxacin,ridge_censored_evo2,ridge_censored_amr,3809,0.8844841165660279,0.9128380152270937,-0.028353898661065895,218,-0.04894559185802615,-0.014558470866972905
results/models/65006995/comparison_ridge_censored_evo2_human_clinical.json,ciprofloxacin,ridge_censored_evo2,ridge_round1,3809,0.8844841165660279,0.9128380152270937,-0.028353898661065895,218,-0.04894559185802615,-0.014558470866972905
results/models/65006995/comparison_ridge_censored_evo2_human_clinical.json,gentamicin,ridge_censored_evo2,constant,3348,0.8817204301075269,0.8234767025089605,0.05824372759856631,209,-0.02218370877392685,0.13252602059181065
results/models/65006995/comparison_ridge_censored_evo2_human_clinical.json,gentamicin,ridge_censored_evo2,neighbor,3348,0.8817204301075269,0.8133213859020311,0.06839904420549582,209,-0.007763865615008282,0.13992387192524836
results/models/65006995/comparison_ridge_censored_evo2_human_clinical.json,gentamicin,ridge_censored_evo2,ridge_censored_amr,3348,0.8817204301075269,0.8850059737156512,-0.0032855436081242534,209,-0.016524420035018625,0.008526088079555716
results/models/65006995/comparison_ridge_censored_evo2_human_clinical.json,gentamicin,ridge_censored_evo2,ridge_round1,3348,0.8817204301075269,0.8850059737156512,-0.0032855436081242534,209,-0.016524420035018625,0.008526088079555716
results/models/65006995/comparison_ridge_censored_human_clinical.json,ceftriaxone,ridge_censored,constant,2822,0.9177888022678952,0.7207654145995748,0.19702338766832034,188,0.07851728135860354,0.30987376332386296
results/models/65006995/comparison_ridge_censored_human_clinical.json,ceftriaxone,ridge_censored,neighbor,2822,0.9177888022678952,0.6920623671155209,0.2257264351523742,188,0.11379952338602427,0.33091819679208445
results/models/65006995/comparison_ridge_censored_human_clinical.json,ceftriaxone,ridge_censored,ridge_round1,2822,0.9177888022678952,0.9195605953224664,-0.001771793054571226,188,-0.01111781822169015,0.005251363794553397
results/models/65006995/comparison_ridge_censored_human_clinical.json,ciprofloxacin,ridge_censored,constant,3809,0.9128380152270937,0.5985823050669467,0.31425571016014703,218,0.09161948543308832,0.4984144184433186
results/models/65006995/comparison_ridge_censored_human_clinical.json,ciprofloxacin,ridge_censored,neighbor,3809,0.9128380152270937,0.5657652927277501,0.3470727224993437,218,0.1541444443897165,0.5021086343231942
results/models/65006995/comparison_ridge_censored_human_clinical.json,ciprofloxacin,ridge_censored,ridge_round1,3809,0.9128380152270937,0.9128380152270937,0.0,218,0.0,0.0
results/models/65006995/comparison_ridge_censored_human_clinical.json,gentamicin,ridge_censored,constant,3348,0.8850059737156512,0.8234767025089605,0.061529271206690564,209,-0.02657863363354099,0.13768470565410132
results/models/65006995/comparison_ridge_censored_human_clinical.json,gentamicin,ridge_censored,neighbor,3348,0.8850059737156512,0.8133213859020311,0.07168458781362007,209,-0.011976884029209801,0.14570247448684612
results/models/65006995/comparison_ridge_censored_human_clinical.json,gentamicin,ridge_censored,ridge_round1,3348,0.8850059737156512,0.8850059737156512,0.0,209,0.0,0.0
results/models/65006996/comparison_ridge_censored_amr_evo2_acquired_human_clinical.json,ceftriaxone,ridge_censored_amr_evo2_acquired,constant,2822,0.9220411055988661,0.7207654145995748,0.2012756909992913,188,0.08339846570664373,0.3138796258276957
results/models/65006996/comparison_ridge_censored_amr_evo2_acquired_human_clinical.json,ceftriaxone,ridge_censored_amr_evo2_acquired,neighbor,2822,0.9220411055988661,0.6920623671155209,0.22997873848334516,188,0.11846488360014949,0.3358842432852987
results/models/65006996/comparison_ridge_censored_amr_evo2_acquired_human_clinical.json,ceftriaxone,ridge_censored_amr_evo2_acquired,ridge_censored_amr,2822,0.9220411055988661,0.9177888022678952,0.004252303330970942,188,0.0,0.010294984502934425
results/models/65006996/comparison_ridge_censored_amr_evo2_acquired_human_clinical.json,ceftriaxone,ridge_censored_amr_evo2_acquired,ridge_round1,2822,0.9220411055988661,0.9195605953224664,0.0024805102763997165,188,-0.006547041088198642,0.009955095364483671
results/models/65006996/comparison_ridge_censored_amr_evo2_acquired_human_clinical.json,ciprofloxacin,ridge_censored_amr_evo2_acquired,constant,3809,0.9146757679180887,0.5985823050669467,0.31609346285114204,218,0.09423308756256392,0.4996843584460159
results/models/65006996/comparison_ridge_censored_amr_evo2_acquired_human_clinical.json,ciprofloxacin,ridge_censored_amr_evo2_acquired,neighbor,3809,0.9146757679180887,0.5657652927277501,0.3489104751903387,218,0.15790697673335585,0.5018615013267711
results/models/65006996/comparison_ridge_censored_amr_evo2_acquired_human_clinical.json,ciprofloxacin,ridge_censored_amr_evo2_acquired,ridge_censored_amr,3809,0.9146757679180887,0.9128380152270937,0.0018377526909950119,218,-0.004361326774070706,0.0074211732284115125
results/models/65006996/comparison_ridge_censored_amr_evo2_acquired_human_clinical.json,ciprofloxacin,ridge_censored_amr_evo2_acquired,ridge_round1,3809,0.9146757679180887,0.9128380152270937,0.0018377526909950119,218,-0.004361326774070706,0.0074211732284115125
results/models/65006996/comparison_ridge_censored_amr_evo2_acquired_human_clinical.json,gentamicin,ridge_censored_amr_evo2_acquired,constant,3348,0.9160692951015532,0.8234767025089605,0.09259259259259259,209,0.002585692410344276,0.17037210737372757
results/models/65006996/comparison_ridge_censored_amr_evo2_acquired_human_clinical.json,gentamicin,ridge_censored_amr_evo2_acquired,neighbor,3348,0.9160692951015532,0.8133213859020311,0.1027479091995221,209,0.019610030764169596,0.17848518585789278
results/models/65006996/comparison_ridge_censored_amr_evo2_acquired_human_clinical.json,gentamicin,ridge_censored_amr_evo2_acquired,ridge_censored_amr,3348,0.9160692951015532,0.8850059737156512,0.03106332138590203,209,0.01697524182602271,0.0394895954846613
results/models/65006996/comparison_ridge_censored_amr_evo2_acquired_human_clinical.json,gentamicin,ridge_censored_amr_evo2_acquired,ridge_round1,3348,0.9160692951015532,0.8850059737156512,0.03106332138590203,209,0.01697524182602271,0.0394895954846613
results/models/65006996/comparison_ridge_censored_amr_evo2_panel_human_clinical.json,ceftriaxone,ridge_censored_amr_evo2_panel,constant,2822,0.9160170092133239,0.7207654145995748,0.1952515946137491,188,0.07836818154742699,0.30861796748659454
results/models/65006996/comparison_ridge_censored_amr_evo2_panel_human_clinical.json,ceftriaxone,ridge_censored_amr_evo2_panel,neighbor,2822,0.9160170092133239,0.6920623671155209,0.22395464209780297,188,0.11281462991480791,0.3304220240789594
results/models/65006996/comparison_ridge_censored_amr_evo2_panel_human_clinical.json,ceftriaxone,ridge_censored_amr_evo2_panel,ridge_censored_amr,2822,0.9160170092133239,0.9177888022678952,-0.001771793054571226,188,-0.007406079264219775,0.004507063417318336
results/models/65006996/comparison_ridge_censored_amr_evo2_panel_human_clinical.json,ceftriaxone,ridge_censored_amr_evo2_panel,ridge_round1,2822,0.9160170092133239,0.9195605953224664,-0.003543586109142452,188,-0.00959787344806521,0.0014904802912803297
results/models/65006996/comparison_ridge_censored_amr_evo2_panel_human_clinical.json,ciprofloxacin,ridge_censored_amr_evo2_panel,constant,3809,0.906537148857968,0.5985823050669467,0.3079548437910213,218,0.08496954487364472,0.4934654813276936
results/models/65006996/comparison_ridge_censored_amr_evo2_panel_human_clinical.json,ciprofloxacin,ridge_censored_amr_evo2_panel,neighbor,3809,0.906537148857968,0.5657652927277501,0.34077185613021793,218,0.14680328233410425,0.4966666838632991
results/models/65006996/comparison_ridge_censored_amr_evo2_panel_human_clinical.json,ciprofloxacin,ridge_censored_amr_evo2_panel,ridge_censored_amr,3809,0.906537148857968,0.9128380152270937,-0.006300866369125755,218,-0.015071033358280765,-0.002293795116047746
results/models/65006996/comparison_ridge_censored_amr_evo2_panel_human_clinical.json,ciprofloxacin,ridge_censored_amr_evo2_panel,ridge_round1,3809,0.906537148857968,0.9128380152270937,-0.006300866369125755,218,-0.015071033358280765,-0.002293795116047746
results/models/65006996/comparison_ridge_censored_amr_evo2_panel_human_clinical.json,gentamicin,ridge_censored_amr_evo2_panel,constant,3348,0.8924731182795699,0.8234767025089605,0.06899641577060932,209,-0.024946281268861916,0.15164783583614438
results/models/65006996/comparison_ridge_censored_amr_evo2_panel_human_clinical.json,gentamicin,ridge_censored_amr_evo2_panel,neighbor,3348,0.8924731182795699,0.8133213859020311,0.07915173237753884,209,-0.009729641985167141,0.1600629766413504
results/models/65006996/comparison_ridge_censored_amr_evo2_panel_human_clinical.json,gentamicin,ridge_censored_amr_evo2_panel,ridge_censored_amr,3348,0.8924731182795699,0.8850059737156512,0.007467144563918757,209,-0.0032842898188672406,0.014983298034593646
results/models/65006996/comparison_ridge_censored_amr_evo2_panel_human_clinical.json,gentamicin,ridge_censored_amr_evo2_panel,ridge_round1,3348,0.8924731182795699,0.8850059737156512,0.007467144563918757,209,-0.0032842898188672406,0.014983298034593646
results/models/65006996/comparison_ridge_censored_human_clinical.json,ceftriaxone,ridge_censored,constant,2822,0.9177888022678952,0.7207654145995748,0.19702338766832034,188,0.07851728135860354,0.30987376332386296
results/models/65006996/comparison_ridge_censored_human_clinical.json,ceftriaxone,ridge_censored,neighbor,2822,0.9177888022678952,0.6920623671155209,0.2257264351523742,188,0.11379952338602427,0.33091819679208445
results/models/65006996/comparison_ridge_censored_human_clinical.json,ceftriaxone,ridge_censored,ridge_round1,2822,0.9177888022678952,0.9195605953224664,-0.001771793054571226,188,-0.01111781822169015,0.005251363794553397
results/models/65006996/comparison_ridge_censored_human_clinical.json,ciprofloxacin,ridge_censored,constant,3809,0.9128380152270937,0.5985823050669467,0.31425571016014703,218,0.09161948543308832,0.4984144184433186
results/models/65006996/comparison_ridge_censored_human_clinical.json,ciprofloxacin,ridge_censored,neighbor,3809,0.9128380152270937,0.5657652927277501,0.3470727224993437,218,0.1541444443897165,0.5021086343231942
results/models/65006996/comparison_ridge_censored_human_clinical.json,ciprofloxacin,ridge_censored,ridge_round1,3809,0.9128380152270937,0.9128380152270937,0.0,218,0.0,0.0
results/models/65006996/comparison_ridge_censored_human_clinical.json,gentamicin,ridge_censored,constant,3348,0.8850059737156512,0.8234767025089605,0.061529271206690564,209,-0.02657863363354099,0.13768470565410132
results/models/65006996/comparison_ridge_censored_human_clinical.json,gentamicin,ridge_censored,neighbor,3348,0.8850059737156512,0.8133213859020311,0.07168458781362007,209,-0.011976884029209801,0.14570247448684612
results/models/65006996/comparison_ridge_censored_human_clinical.json,gentamicin,ridge_censored,ridge_round1,3348,0.8850059737156512,0.8850059737156512,0.0,209,0.0,0.0
results/models/65006996/comparison_xgboost_aft_amr_evo2_acquired_human_clinical.json,ceftriaxone,xgboost_aft_amr_evo2_acquired,constant,2822,0.9156626506024096,0.7207654145995748,0.19489723600283487,188,0.07649365386998501,0.30951500455124703
results/models/65006996/comparison_xgboost_aft_amr_evo2_acquired_human_clinical.json,ceftriaxone,xgboost_aft_amr_evo2_acquired,neighbor,2822,0.9156626506024096,0.6920623671155209,0.22360028348688873,188,0.10847976112126752,0.33187002295778506
results/models/65006996/comparison_xgboost_aft_amr_evo2_acquired_human_clinical.json,ceftriaxone,xgboost_aft_amr_evo2_acquired,ridge_round1,2822,0.9156626506024096,0.9195605953224664,-0.0038979447200566974,188,-0.016219428938596844,0.005981683450012068
results/models/65006996/comparison_xgboost_aft_amr_evo2_acquired_human_clinical.json,ceftriaxone,xgboost_aft_amr_evo2_acquired,xgboost_aft_amr,2822,0.9156626506024096,0.9287739192062368,-0.013111268603827072,188,-0.020833805530371712,-0.00528290820561058
results/models/65006996/comparison_xgboost_aft_amr_evo2_acquired_human_clinical.json,ciprofloxacin,xgboost_aft_amr_evo2_acquired,constant,3809,0.9196639537936466,0.5985823050669467,0.3210816487266999,218,0.09859421296490596,0.5081532538031347
results/models/65006996/comparison_xgboost_aft_amr_evo2_acquired_human_clinical.json,ciprofloxacin,xgboost_aft_amr_evo2_acquired,neighbor,3809,0.9196639537936466,0.5657652927277501,0.35389866106589657,218,0.16123304103801656,0.5110464098490366
results/models/65006996/comparison_xgboost_aft_amr_evo2_acquired_human_clinical.json,ciprofloxacin,xgboost_aft_amr_evo2_acquired,ridge_round1,3809,0.9196639537936466,0.9128380152270937,0.006825938566552901,218,-0.0018022861094602043,0.014051438897778684
results/models/65006996/comparison_xgboost_aft_amr_evo2_acquired_human_clinical.json,ciprofloxacin,xgboost_aft_amr_evo2_acquired,xgboost_aft_amr,3809,0.9196639537936466,0.9183512733000787,0.0013126804935678655,218,-0.004668770103714081,0.006804024028966418
results/models/65006996/comparison_xgboost_aft_amr_evo2_acquired_human_clinical.json,gentamicin,xgboost_aft_amr_evo2_acquired,constant,3348,0.9181600955794504,0.8234767025089605,0.09468339307048984,209,0.01641918998558923,0.16547903200348021
results/models/65006996/comparison_xgboost_aft_amr_evo2_acquired_human_clinical.json,gentamicin,xgboost_aft_amr_evo2_acquired,neighbor,3348,0.9181600955794504,0.8133213859020311,0.10483870967741936,209,0.03088367104201181,0.17281196460089412
results/models/65006996/comparison_xgboost_aft_amr_evo2_acquired_human_clinical.json,gentamicin,xgboost_aft_amr_evo2_acquired,ridge_round1,3348,0.9181600955794504,0.8850059737156512,0.033154121863799284,209,0.020077926000914376,0.04711003741273415
results/models/65006996/comparison_xgboost_aft_amr_evo2_acquired_human_clinical.json,gentamicin,xgboost_aft_amr_evo2_acquired,xgboost_aft_amr,3348,0.9181600955794504,0.8942652329749103,0.023894862604540025,209,0.00419429471739588,0.0393142032073532
results/models/65006996/comparison_xgboost_aft_amr_evo2_panel_human_clinical.json,ceftriaxone,xgboost_aft_amr_evo2_panel,constant,2822,0.9170800850460666,0.7207654145995748,0.19631467044649184,188,0.07787462931195584,0.32052181124385415
results/models/65006996/comparison_xgboost_aft_amr_evo2_panel_human_clinical.json,ceftriaxone,xgboost_aft_amr_evo2_panel,neighbor,2822,0.9170800850460666,0.6920623671155209,0.2250177179305457,188,0.11134655895862608,0.34151737901033163
results/models/65006996/comparison_xgboost_aft_amr_evo2_panel_human_clinical.json,ceftriaxone,xgboost_aft_amr_evo2_panel,ridge_round1,2822,0.9170800850460666,0.9195605953224664,-0.0024805102763997165,188,-0.04192810611215627,0.019559988853018594
results/models/65006996/comparison_xgboost_aft_amr_evo2_panel_human_clinical.json,ceftriaxone,xgboost_aft_amr_evo2_panel,xgboost_aft_amr,2822,0.9170800850460666,0.9287739192062368,-0.011693834160170093,188,-0.04069368112037927,0.004152485834956094
results/models/65006996/comparison_xgboost_aft_amr_evo2_panel_human_clinical.json,ciprofloxacin,xgboost_aft_amr_evo2_panel,constant,3809,0.8986610658965608,0.5985823050669467,0.3000787608296141,218,0.07546004923314344,0.48540061147807856
results/models/65006996/comparison_xgboost_aft_amr_evo2_panel_human_clinical.json,ciprofloxacin,xgboost_aft_amr_evo2_panel,neighbor,3809,0.8986610658965608,0.5657652927277501,0.3328957731688107,218,0.14013777214004317,0.4860820648741514
results/models/65006996/comparison_xgboost_aft_amr_evo2_panel_human_clinical.json,ciprofloxacin,xgboost_aft_amr_evo2_panel,ridge_round1,3809,0.8986610658965608,0.9128380152270937,-0.014176949330532948,218,-0.026073473146057104,-0.005952297957666056
results/models/65006996/comparison_xgboost_aft_amr_evo2_panel_human_clinical.json,ciprofloxacin,xgboost_aft_amr_evo2_panel,xgboost_aft_amr,3809,0.8986610658965608,0.9183512733000787,-0.019690207403517984,218,-0.029088125769415375,-0.01173040890435204
results/models/65006996/comparison_xgboost_aft_amr_evo2_panel_human_clinical.json,gentamicin,xgboost_aft_amr_evo2_panel,constant,3348,0.9047192353643967,0.8234767025089605,0.08124253285543608,209,-0.008407475597338078,0.16831495780822492
results/models/65006996/comparison_xgboost_aft_amr_evo2_panel_human_clinical.json,gentamicin,xgboost_aft_amr_evo2_panel,neighbor,3348,0.9047192353643967,0.8133213859020311,0.0913978494623656,209,0.004643646094202022,0.17492801734155
results/models/65006996/comparison_xgboost_aft_amr_evo2_panel_human_clinical.json,gentamicin,xgboost_aft_amr_evo2_panel,ridge_round1,3348,0.9047192353643967,0.8850059737156512,0.01971326164874552,209,-0.0025672164947283796,0.03525771922275734
results/models/65006996/comparison_xgboost_aft_amr_evo2_panel_human_clinical.json,gentamicin,xgboost_aft_amr_evo2_panel,xgboost_aft_amr,3348,0.9047192353643967,0.8942652329749103,0.01045400238948626,209,-0.024788175470368275,0.04197820967510071
results/models/65006996/comparison_xgboost_aft_human_clinical.json,ceftriaxone,xgboost_aft,constant,2822,0.9287739192062368,0.7207654145995748,0.20800850460666195,188,0.0888177463984741,0.3224009091076215
results/models/65006996/comparison_xgboost_aft_human_clinical.json,ceftriaxone,xgboost_aft,neighbor,2822,0.9287739192062368,0.6920623671155209,0.23671155209071582,188,0.123992673992674,0.3458762773722628
results/models/65006996/comparison_xgboost_aft_human_clinical.json,ceftriaxone,xgboost_aft,ridge_round1,2822,0.9287739192062368,0.9195605953224664,0.009213323883770375,188,-0.0028377965272682808,0.01750892141480635
results/models/65006996/comparison_xgboost_aft_human_clinical.json,ciprofloxacin,xgboost_aft,constant,3809,0.9183512733000787,0.5985823050669467,0.31976896823313206,218,0.0991975795843199,0.5054249599998527
results/models/65006996/comparison_xgboost_aft_human_clinical.json,ciprofloxacin,xgboost_aft,neighbor,3809,0.9183512733000787,0.5657652927277501,0.3525859805723287,218,0.1624536346831204,0.5075188447508426
results/models/65006996/comparison_xgboost_aft_human_clinical.json,ciprofloxacin,xgboost_aft,ridge_round1,3809,0.9183512733000787,0.9128380152270937,0.005513258072985036,218,-0.0013268309124789715,0.011577216080886361
results/models/65006996/comparison_xgboost_aft_human_clinical.json,gentamicin,xgboost_aft,constant,3348,0.8942652329749103,0.8234767025089605,0.07078853046594982,209,-0.006860492971604082,0.13340786116635844
results/models/65006996/comparison_xgboost_aft_human_clinical.json,gentamicin,xgboost_aft,neighbor,3348,0.8942652329749103,0.8133213859020311,0.08094384707287933,209,0.010199667204376074,0.13961572024092284
results/models/65006996/comparison_xgboost_aft_human_clinical.json,gentamicin,xgboost_aft,ridge_round1,3348,0.8942652329749103,0.8850059737156512,0.009259259259259259,209,-0.008672176013652848,0.02890932982917214
results/posthoc/family/65022960/scoring-65023163/comparison_ridge_censored_family_human_clinical.json,ceftriaxone,ridge_censored_family,constant,1505,0.7714285714285715,0.28970099667774085,0.48172757475083056,106,0.2068339149283328,0.678619842197094
results/posthoc/family/65022960/scoring-65023163/comparison_ridge_censored_family_human_clinical.json,ceftriaxone,ridge_censored_family,ridge_censored_allele,1505,0.7714285714285715,0.6797342192691029,0.09169435215946845,106,0.03384623185694328,0.14539232479865366
results/posthoc/family/65022960/scoring-65023163/comparison_ridge_censored_family_human_clinical.json,ciprofloxacin,ridge_censored_family,constant,1505,0.9036544850498339,0.4,0.5036544850498339,106,0.18821668820098983,0.7313393233100032
results/posthoc/family/65022960/scoring-65023163/comparison_ridge_censored_family_human_clinical.json,ciprofloxacin,ridge_censored_family,ridge_censored_allele,1505,0.9036544850498339,0.9315614617940199,-0.027906976744186046,106,-0.10457287052297923,0.016072816175932158
results/posthoc/family/65022960/scoring-65023163/comparison_ridge_censored_family_human_clinical.json,gentamicin,ridge_censored_family,constant,1505,0.8803986710963455,0.7833887043189369,0.09700996677740864,106,0.0025814871403106706,0.16688304119269054
results/posthoc/family/65022960/scoring-65023163/comparison_ridge_censored_family_human_clinical.json,gentamicin,ridge_censored_family,ridge_censored_allele,1505,0.8803986710963455,0.8870431893687708,-0.006644518272425249,106,-0.031121643932424777,0.03192347288949892
results/posthoc/family/65022960/scoring-65023163/comparison_xgboost_aft_family_human_clinical.json,ceftriaxone,xgboost_aft_family,constant,1505,0.8538205980066446,0.28970099667774085,0.5641196013289037,106,0.27820824001901734,0.7630967121162395
results/posthoc/family/65022960/scoring-65023163/comparison_xgboost_aft_family_human_clinical.json,ceftriaxone,xgboost_aft_family,xgboost_aft_allele,1505,0.8538205980066446,0.5966777408637873,0.2571428571428571,106,0.13770494508824407,0.3462041837304542
results/posthoc/family/65022960/scoring-65023163/comparison_xgboost_aft_family_human_clinical.json,ciprofloxacin,xgboost_aft_family,constant,1505,0.9382059800664452,0.4,0.5382059800664452,106,0.29316000133656656,0.7157675494666093
results/posthoc/family/65022960/scoring-65023163/comparison_xgboost_aft_family_human_clinical.json,ciprofloxacin,xgboost_aft_family,xgboost_aft_allele,1505,0.9382059800664452,0.932890365448505,0.0053156146179402,106,-0.004041019955654102,0.012295586691431798
results/posthoc/family/65022960/scoring-65023163/comparison_xgboost_aft_family_human_clinical.json,gentamicin,xgboost_aft_family,constant,1505,0.9009966777408638,0.7833887043189369,0.11760797342192691,106,0.03854956773509501,0.18182993477111117
results/posthoc/family/65022960/scoring-65023163/comparison_xgboost_aft_family_human_clinical.json,gentamicin,xgboost_aft_family,xgboost_aft_allele,1505,0.9009966777408638,0.8764119601328904,0.02458471760797342,106,0.014103158925879232,0.0480846774193548
