manifest,drug,fold,selected,fits,not_converged,n_train,n_test,n_features,messages
results/external/predictions/65019273/manifest_constant_all_sources.json,ceftriaxone,full_development,"{""dilution_log2"": -2}",,,7097,1505,,[]
results/external/predictions/65019273/manifest_constant_all_sources.json,ciprofloxacin,full_development,"{""dilution_log2"": -6}",,,8493,1505,,[]
results/external/predictions/65019273/manifest_constant_all_sources.json,gentamicin,full_development,"{""dilution_log2"": 0}",,,9514,1505,,[]
results/external/predictions/65019273/manifest_constant_human_clinical.json,ceftriaxone,full_development,"{""dilution_log2"": -4}",,,2822,1505,,[]
results/external/predictions/65019273/manifest_constant_human_clinical.json,ciprofloxacin,full_development,"{""dilution_log2"": -6}",,,3809,1505,,[]
results/external/predictions/65019273/manifest_constant_human_clinical.json,gentamicin,full_development,"{""dilution_log2"": 0}",,,3348,1505,,[]
results/external/predictions/65019273/manifest_neighbor_all_sources.json,ceftriaxone,full_development,{},,,7097,1505,,[]
results/external/predictions/65019273/manifest_neighbor_all_sources.json,ciprofloxacin,full_development,{},,,8493,1505,,[]
results/external/predictions/65019273/manifest_neighbor_all_sources.json,gentamicin,full_development,{},,,9514,1505,,[]
results/external/predictions/65019273/manifest_neighbor_human_clinical.json,ceftriaxone,full_development,{},,,2822,1505,,[]
results/external/predictions/65019273/manifest_neighbor_human_clinical.json,ciprofloxacin,full_development,{},,,3809,1505,,[]
results/external/predictions/65019273/manifest_neighbor_human_clinical.json,gentamicin,full_development,{},,,3348,1505,,[]
results/external/predictions/65019273/manifest_ridge_censored_amr_all_sources.json,ceftriaxone,full_development,"{""layer"": null, ""penalty"": 0.01}",36,0,7097,1505,222,[]
results/external/predictions/65019273/manifest_ridge_censored_amr_all_sources.json,ciprofloxacin,full_development,"{""layer"": null, ""penalty"": 1.0}",36,0,8493,1505,262,[]
results/external/predictions/65019273/manifest_ridge_censored_amr_all_sources.json,gentamicin,full_development,"{""layer"": null, ""penalty"": 1.0}",36,0,9514,1505,259,[]
results/external/predictions/65019273/manifest_ridge_censored_amr_evo2_all_sources.json,ceftriaxone,full_development,"{""layer"": ""blocks.12.mlp.l3"", ""penalty"": 0.1}",106,0,7097,1505,459,[]
results/external/predictions/65019273/manifest_ridge_censored_amr_evo2_all_sources.json,ciprofloxacin,full_development,"{""layer"": ""blocks.17.mlp.l3"", ""penalty"": 1.0}",106,6,8493,1505,499,"[""STOP: TOTAL NO. OF ITERATIONS REACHED LIMIT""]"
results/external/predictions/65019273/manifest_ridge_censored_amr_evo2_all_sources.json,gentamicin,full_development,"{""layer"": ""blocks.12.mlp.l3"", ""penalty"": 1.0}",106,10,9514,1505,496,"[""STOP: TOTAL NO. OF ITERATIONS REACHED LIMIT""]"
results/external/predictions/65019273/manifest_ridge_censored_amr_evo2_human_clinical.json,ceftriaxone,full_development,"{""layer"": ""blocks.12.mlp.l3"", ""penalty"": 0.01}",106,0,2822,1505,353,[]
results/external/predictions/65019273/manifest_ridge_censored_amr_evo2_human_clinical.json,ciprofloxacin,full_development,"{""layer"": ""blocks.12.mlp.l3"", ""penalty"": 0.01}",106,0,3809,1505,385,[]
results/external/predictions/65019273/manifest_ridge_censored_amr_evo2_human_clinical.json,gentamicin,full_development,"{""layer"": ""blocks.12.mlp.l3"", ""penalty"": 1.0}",106,7,3348,1505,379,"[""STOP: TOTAL NO. OF ITERATIONS REACHED LIMIT""]"
results/external/predictions/65019273/manifest_ridge_censored_amr_human_clinical.json,ceftriaxone,full_development,"{""layer"": null, ""penalty"": 0.01}",36,0,2822,1505,116,[]
results/external/predictions/65019273/manifest_ridge_censored_amr_human_clinical.json,ciprofloxacin,full_development,"{""layer"": null, ""penalty"": 0.1}",36,0,3809,1505,148,[]
results/external/predictions/65019273/manifest_ridge_censored_amr_human_clinical.json,gentamicin,full_development,"{""layer"": null, ""penalty"": 0.1}",36,0,3348,1505,142,[]
results/external/predictions/65019273/manifest_ridge_censored_evo2_all_sources.json,ceftriaxone,full_development,"{""layer"": ""blocks.12.mlp.l3"", ""penalty"": 0.001}",106,0,7097,1505,237,[]
results/external/predictions/65019273/manifest_ridge_censored_evo2_all_sources.json,ciprofloxacin,full_development,"{""layer"": ""blocks.12.mlp.l3"", ""penalty"": 0.001}",106,0,8493,1505,237,[]
results/external/predictions/65019273/manifest_ridge_censored_evo2_all_sources.json,gentamicin,full_development,"{""layer"": ""blocks.17.mlp.l3"", ""penalty"": 1.0}",106,3,9514,1505,237,"[""STOP: TOTAL NO. OF ITERATIONS REACHED LIMIT""]"
results/external/predictions/65019273/manifest_ridge_censored_evo2_human_clinical.json,ceftriaxone,full_development,"{""layer"": ""blocks.17.mlp.l3"", ""penalty"": 0.01}",106,0,2822,1505,237,[]
results/external/predictions/65019273/manifest_ridge_censored_evo2_human_clinical.json,ciprofloxacin,full_development,"{""layer"": ""blocks.17.mlp.l3"", ""penalty"": 0.01}",106,0,3809,1505,237,[]
results/external/predictions/65019273/manifest_ridge_censored_evo2_human_clinical.json,gentamicin,full_development,"{""layer"": ""blocks.17.mlp.l3"", ""penalty"": 0.1}",106,0,3348,1505,237,[]
results/external/predictions/65019273/manifest_xgboost_aft_amr_all_sources.json,ceftriaxone,full_development,"{""aft_scale"": 1.0, ""layer"": null, ""max_depth"": 4, ""n_trees"": 300}",,,7097,1505,222,[]
results/external/predictions/65019273/manifest_xgboost_aft_amr_all_sources.json,ciprofloxacin,full_development,"{""aft_scale"": 1.0, ""layer"": null, ""max_depth"": 3, ""n_trees"": 300}",,,8493,1505,262,[]
results/external/predictions/65019273/manifest_xgboost_aft_amr_all_sources.json,gentamicin,full_development,"{""aft_scale"": 1.0, ""layer"": null, ""max_depth"": 3, ""n_trees"": 300}",,,9514,1505,259,[]
results/external/predictions/65019273/manifest_xgboost_aft_amr_evo2_all_sources.json,ceftriaxone,full_development,"{""aft_scale"": 1.0, ""layer"": ""blocks.17.mlp.l3"", ""max_depth"": 4, ""n_trees"": 300}",,,7097,1505,459,[]
results/external/predictions/65019273/manifest_xgboost_aft_amr_evo2_all_sources.json,ciprofloxacin,full_development,"{""aft_scale"": 1.0, ""layer"": ""blocks.12.mlp.l3"", ""max_depth"": 4, ""n_trees"": 300}",,,8493,1505,499,[]
results/external/predictions/65019273/manifest_xgboost_aft_amr_evo2_all_sources.json,gentamicin,full_development,"{""aft_scale"": 1.0, ""layer"": ""blocks.17.mlp.l3"", ""max_depth"": 3, ""n_trees"": 300}",,,9514,1505,496,[]
results/external/predictions/65019273/manifest_xgboost_aft_amr_evo2_human_clinical.json,ceftriaxone,full_development,"{""aft_scale"": 1.0, ""layer"": ""blocks.17.mlp.l3"", ""max_depth"": 3, ""n_trees"": 300}",,,2822,1505,353,[]
results/external/predictions/65019273/manifest_xgboost_aft_amr_evo2_human_clinical.json,ciprofloxacin,full_development,"{""aft_scale"": 1.0, ""layer"": ""blocks.12.mlp.l3"", ""max_depth"": 4, ""n_trees"": 300}",,,3809,1505,385,[]
results/external/predictions/65019273/manifest_xgboost_aft_amr_evo2_human_clinical.json,gentamicin,full_development,"{""aft_scale"": 1.0, ""layer"": ""blocks.17.mlp.l3"", ""max_depth"": 3, ""n_trees"": 300}",,,3348,1505,379,[]
results/external/predictions/65019273/manifest_xgboost_aft_amr_human_clinical.json,ceftriaxone,full_development,"{""aft_scale"": 1.0, ""layer"": null, ""max_depth"": 4, ""n_trees"": 100}",,,2822,1505,116,[]
results/external/predictions/65019273/manifest_xgboost_aft_amr_human_clinical.json,ciprofloxacin,full_development,"{""aft_scale"": 1.0, ""layer"": null, ""max_depth"": 2, ""n_trees"": 300}",,,3809,1505,148,[]
results/external/predictions/65019273/manifest_xgboost_aft_amr_human_clinical.json,gentamicin,full_development,"{""aft_scale"": 1.0, ""layer"": null, ""max_depth"": 3, ""n_trees"": 300}",,,3348,1505,142,[]
results/external/predictions/65019273/manifest_xgboost_aft_evo2_all_sources.json,ceftriaxone,full_development,"{""aft_scale"": 1.0, ""layer"": ""blocks.17.mlp.l3"", ""max_depth"": 4, ""n_trees"": 300}",,,7097,1505,237,[]
results/external/predictions/65019273/manifest_xgboost_aft_evo2_all_sources.json,ciprofloxacin,full_development,"{""aft_scale"": 1.0, ""layer"": ""blocks.12.mlp.l3"", ""max_depth"": 3, ""n_trees"": 300}",,,8493,1505,237,[]
results/external/predictions/65019273/manifest_xgboost_aft_evo2_all_sources.json,gentamicin,full_development,"{""aft_scale"": 1.0, ""layer"": ""blocks.17.mlp.l3"", ""max_depth"": 4, ""n_trees"": 300}",,,9514,1505,237,[]
results/external/predictions/65019273/manifest_xgboost_aft_evo2_human_clinical.json,ceftriaxone,full_development,"{""aft_scale"": 1.0, ""layer"": ""blocks.12.mlp.l3"", ""max_depth"": 3, ""n_trees"": 300}",,,2822,1505,237,[]
results/external/predictions/65019273/manifest_xgboost_aft_evo2_human_clinical.json,ciprofloxacin,full_development,"{""aft_scale"": 1.0, ""layer"": ""blocks.12.mlp.l3"", ""max_depth"": 4, ""n_trees"": 300}",,,3809,1505,237,[]
results/external/predictions/65019273/manifest_xgboost_aft_evo2_human_clinical.json,gentamicin,full_development,"{""aft_scale"": 1.0, ""layer"": ""blocks.17.mlp.l3"", ""max_depth"": 4, ""n_trees"": 300}",,,3348,1505,237,[]
results/models/64960056/amrfinder_manifest_all_sources.json,ceftriaxone,0,{},,,5727,1370,194,[]
results/models/64960056/amrfinder_manifest_all_sources.json,ceftriaxone,1,{},,,5450,1647,198,[]
results/models/64960056/amrfinder_manifest_all_sources.json,ceftriaxone,2,{},,,5740,1357,206,[]
results/models/64960056/amrfinder_manifest_all_sources.json,ceftriaxone,3,{},,,5773,1324,194,[]
results/models/64960056/amrfinder_manifest_all_sources.json,ceftriaxone,4,{},,,5698,1399,198,[]
results/models/64960056/amrfinder_manifest_all_sources.json,ciprofloxacin,0,{},,,6893,1600,230,[]
results/models/64960056/amrfinder_manifest_all_sources.json,ciprofloxacin,1,{},,,6436,2057,225,[]
results/models/64960056/amrfinder_manifest_all_sources.json,ciprofloxacin,2,{},,,6889,1604,239,[]
results/models/64960056/amrfinder_manifest_all_sources.json,ciprofloxacin,3,{},,,6943,1550,225,[]
results/models/64960056/amrfinder_manifest_all_sources.json,ciprofloxacin,4,{},,,6811,1682,235,[]
results/models/64960056/amrfinder_manifest_all_sources.json,gentamicin,0,{},,,7764,1750,230,[]
results/models/64960056/amrfinder_manifest_all_sources.json,gentamicin,1,{},,,7358,2156,224,[]
results/models/64960056/amrfinder_manifest_all_sources.json,gentamicin,2,{},,,7553,1961,240,[]
results/models/64960056/amrfinder_manifest_all_sources.json,gentamicin,3,{},,,7659,1855,226,[]
results/models/64960056/amrfinder_manifest_all_sources.json,gentamicin,4,{},,,7722,1792,231,[]
results/models/64960056/amrfinder_manifest_human_clinical.json,ceftriaxone,0,{},,,2368,454,105,[]
results/models/64960056/amrfinder_manifest_human_clinical.json,ceftriaxone,1,{},,,2017,805,101,[]
results/models/64960056/amrfinder_manifest_human_clinical.json,ceftriaxone,2,{},,,2293,529,104,[]
results/models/64960056/amrfinder_manifest_human_clinical.json,ceftriaxone,3,{},,,2330,492,105,[]
results/models/64960056/amrfinder_manifest_human_clinical.json,ceftriaxone,4,{},,,2280,542,110,[]
results/models/64960056/amrfinder_manifest_human_clinical.json,ciprofloxacin,0,{},,,3217,592,131,[]
results/models/64960056/amrfinder_manifest_human_clinical.json,ciprofloxacin,1,{},,,2651,1158,123,[]
results/models/64960056/amrfinder_manifest_human_clinical.json,ciprofloxacin,2,{},,,3106,703,137,[]
results/models/64960056/amrfinder_manifest_human_clinical.json,ciprofloxacin,3,{},,,3176,633,132,[]
results/models/64960056/amrfinder_manifest_human_clinical.json,ciprofloxacin,4,{},,,3086,723,139,[]
results/models/64960056/amrfinder_manifest_human_clinical.json,gentamicin,0,{},,,2821,527,129,[]
results/models/64960056/amrfinder_manifest_human_clinical.json,gentamicin,1,{},,,2362,986,120,[]
results/models/64960056/amrfinder_manifest_human_clinical.json,gentamicin,2,{},,,2731,617,133,[]
results/models/64960056/amrfinder_manifest_human_clinical.json,gentamicin,3,{},,,2767,581,129,[]
results/models/64960056/amrfinder_manifest_human_clinical.json,gentamicin,4,{},,,2711,637,134,[]
results/models/64965891/manifest_ridge_censored_all_sources.json,ceftriaxone,0,"{""penalty"": 0.1}",,,5727,1370,194,[]
results/models/64965891/manifest_ridge_censored_all_sources.json,ceftriaxone,1,"{""penalty"": 0.01}",,,5450,1647,198,[]
results/models/64965891/manifest_ridge_censored_all_sources.json,ceftriaxone,2,"{""penalty"": 0.1}",,,5740,1357,206,[]
results/models/64965891/manifest_ridge_censored_all_sources.json,ceftriaxone,3,"{""penalty"": 0.01}",,,5773,1324,194,[]
results/models/64965891/manifest_ridge_censored_all_sources.json,ceftriaxone,4,"{""penalty"": 0.1}",,,5698,1399,198,[]
results/models/64965891/manifest_ridge_censored_all_sources.json,ciprofloxacin,0,"{""penalty"": 1.0}",,,6893,1600,230,[]
results/models/64965891/manifest_ridge_censored_all_sources.json,ciprofloxacin,1,"{""penalty"": 1.0}",,,6436,2057,225,[]
results/models/64965891/manifest_ridge_censored_all_sources.json,ciprofloxacin,2,"{""penalty"": 1.0}",,,6889,1604,239,[]
results/models/64965891/manifest_ridge_censored_all_sources.json,ciprofloxacin,3,"{""penalty"": 1.0}",,,6943,1550,225,[]
results/models/64965891/manifest_ridge_censored_all_sources.json,ciprofloxacin,4,"{""penalty"": 1.0}",,,6811,1682,235,[]
results/models/64965891/manifest_ridge_censored_all_sources.json,gentamicin,0,"{""penalty"": 1.0}",,,7764,1750,230,[]
results/models/64965891/manifest_ridge_censored_all_sources.json,gentamicin,1,"{""penalty"": 1.0}",,,7358,2156,224,[]
results/models/64965891/manifest_ridge_censored_all_sources.json,gentamicin,2,"{""penalty"": 1.0}",,,7553,1961,240,[]
results/models/64965891/manifest_ridge_censored_all_sources.json,gentamicin,3,"{""penalty"": 0.1}",,,7659,1855,226,[]
results/models/64965891/manifest_ridge_censored_all_sources.json,gentamicin,4,"{""penalty"": 1.0}",,,7722,1792,231,[]
results/models/64965891/manifest_ridge_censored_human_clinical.json,ceftriaxone,0,"{""penalty"": 0.01}",,,2368,454,105,[]
results/models/64965891/manifest_ridge_censored_human_clinical.json,ceftriaxone,1,"{""penalty"": 0.1}",,,2017,805,101,[]
results/models/64965891/manifest_ridge_censored_human_clinical.json,ceftriaxone,2,"{""penalty"": 0.01}",,,2293,529,104,[]
results/models/64965891/manifest_ridge_censored_human_clinical.json,ceftriaxone,3,"{""penalty"": 0.1}",,,2330,492,105,[]
results/models/64965891/manifest_ridge_censored_human_clinical.json,ceftriaxone,4,"{""penalty"": 0.001}",,,2280,542,110,[]
results/models/64965891/manifest_ridge_censored_human_clinical.json,ciprofloxacin,0,"{""penalty"": 0.1}",,,3217,592,131,[]
results/models/64965891/manifest_ridge_censored_human_clinical.json,ciprofloxacin,1,"{""penalty"": 1.0}",,,2651,1158,123,[]
results/models/64965891/manifest_ridge_censored_human_clinical.json,ciprofloxacin,2,"{""penalty"": 1.0}",,,3106,703,137,[]
results/models/64965891/manifest_ridge_censored_human_clinical.json,ciprofloxacin,3,"{""penalty"": 0.1}",,,3176,633,132,[]
results/models/64965891/manifest_ridge_censored_human_clinical.json,ciprofloxacin,4,"{""penalty"": 1.0}",,,3086,723,139,[]
results/models/64965891/manifest_ridge_censored_human_clinical.json,gentamicin,0,"{""penalty"": 1.0}",,,2821,527,129,[]
results/models/64965891/manifest_ridge_censored_human_clinical.json,gentamicin,1,"{""penalty"": 0.1}",,,2362,986,120,[]
results/models/64965891/manifest_ridge_censored_human_clinical.json,gentamicin,2,"{""penalty"": 0.1}",,,2731,617,133,[]
results/models/64965891/manifest_ridge_censored_human_clinical.json,gentamicin,3,"{""penalty"": 0.1}",,,2767,581,129,[]
results/models/64965891/manifest_ridge_censored_human_clinical.json,gentamicin,4,"{""penalty"": 1.0}",,,2711,637,134,[]
results/models/64965891/manifest_xgboost_aft_all_sources.json,ceftriaxone,0,"{""aft_scale"": 1.0, ""max_depth"": 4, ""n_trees"": 300}",,,5727,1370,194,[]
results/models/64965891/manifest_xgboost_aft_all_sources.json,ceftriaxone,1,"{""aft_scale"": 1.0, ""max_depth"": 4, ""n_trees"": 300}",,,5450,1647,198,[]
results/models/64965891/manifest_xgboost_aft_all_sources.json,ceftriaxone,2,"{""aft_scale"": 1.0, ""max_depth"": 3, ""n_trees"": 300}",,,5740,1357,206,[]
results/models/64965891/manifest_xgboost_aft_all_sources.json,ceftriaxone,3,"{""aft_scale"": 1.0, ""max_depth"": 4, ""n_trees"": 300}",,,5773,1324,194,[]
results/models/64965891/manifest_xgboost_aft_all_sources.json,ceftriaxone,4,"{""aft_scale"": 1.0, ""max_depth"": 4, ""n_trees"": 300}",,,5698,1399,198,[]
results/models/64965891/manifest_xgboost_aft_all_sources.json,ciprofloxacin,0,"{""aft_scale"": 1.0, ""max_depth"": 3, ""n_trees"": 300}",,,6893,1600,230,[]
results/models/64965891/manifest_xgboost_aft_all_sources.json,ciprofloxacin,1,"{""aft_scale"": 1.0, ""max_depth"": 4, ""n_trees"": 300}",,,6436,2057,225,[]
results/models/64965891/manifest_xgboost_aft_all_sources.json,ciprofloxacin,2,"{""aft_scale"": 1.0, ""max_depth"": 4, ""n_trees"": 300}",,,6889,1604,239,[]
results/models/64965891/manifest_xgboost_aft_all_sources.json,ciprofloxacin,3,"{""aft_scale"": 1.0, ""max_depth"": 4, ""n_trees"": 300}",,,6943,1550,225,[]
results/models/64965891/manifest_xgboost_aft_all_sources.json,ciprofloxacin,4,"{""aft_scale"": 1.0, ""max_depth"": 3, ""n_trees"": 300}",,,6811,1682,235,[]
results/models/64965891/manifest_xgboost_aft_all_sources.json,gentamicin,0,"{""aft_scale"": 1.0, ""max_depth"": 4, ""n_trees"": 100}",,,7764,1750,230,[]
results/models/64965891/manifest_xgboost_aft_all_sources.json,gentamicin,1,"{""aft_scale"": 1.0, ""max_depth"": 2, ""n_trees"": 300}",,,7358,2156,224,[]
results/models/64965891/manifest_xgboost_aft_all_sources.json,gentamicin,2,"{""aft_scale"": 1.0, ""max_depth"": 2, ""n_trees"": 300}",,,7553,1961,240,[]
results/models/64965891/manifest_xgboost_aft_all_sources.json,gentamicin,3,"{""aft_scale"": 1.0, ""max_depth"": 3, ""n_trees"": 300}",,,7659,1855,226,[]
results/models/64965891/manifest_xgboost_aft_all_sources.json,gentamicin,4,"{""aft_scale"": 1.0, ""max_depth"": 3, ""n_trees"": 300}",,,7722,1792,231,[]
results/models/64965891/manifest_xgboost_aft_human_clinical.json,ceftriaxone,0,"{""aft_scale"": 1.0, ""max_depth"": 4, ""n_trees"": 100}",,,2368,454,105,[]
results/models/64965891/manifest_xgboost_aft_human_clinical.json,ceftriaxone,1,"{""aft_scale"": 1.0, ""max_depth"": 2, ""n_trees"": 300}",,,2017,805,101,[]
results/models/64965891/manifest_xgboost_aft_human_clinical.json,ceftriaxone,2,"{""aft_scale"": 1.0, ""max_depth"": 2, ""n_trees"": 300}",,,2293,529,104,[]
results/models/64965891/manifest_xgboost_aft_human_clinical.json,ceftriaxone,3,"{""aft_scale"": 1.0, ""max_depth"": 4, ""n_trees"": 100}",,,2330,492,105,[]
results/models/64965891/manifest_xgboost_aft_human_clinical.json,ceftriaxone,4,"{""aft_scale"": 1.0, ""max_depth"": 3, ""n_trees"": 100}",,,2280,542,110,[]
results/models/64965891/manifest_xgboost_aft_human_clinical.json,ciprofloxacin,0,"{""aft_scale"": 1.0, ""max_depth"": 2, ""n_trees"": 300}",,,3217,592,131,[]
results/models/64965891/manifest_xgboost_aft_human_clinical.json,ciprofloxacin,1,"{""aft_scale"": 1.0, ""max_depth"": 4, ""n_trees"": 300}",,,2651,1158,123,[]
results/models/64965891/manifest_xgboost_aft_human_clinical.json,ciprofloxacin,2,"{""aft_scale"": 1.0, ""max_depth"": 2, ""n_trees"": 300}",,,3106,703,137,[]
results/models/64965891/manifest_xgboost_aft_human_clinical.json,ciprofloxacin,3,"{""aft_scale"": 1.0, ""max_depth"": 2, ""n_trees"": 300}",,,3176,633,132,[]
results/models/64965891/manifest_xgboost_aft_human_clinical.json,ciprofloxacin,4,"{""aft_scale"": 1.0, ""max_depth"": 2, ""n_trees"": 300}",,,3086,723,139,[]
results/models/64965891/manifest_xgboost_aft_human_clinical.json,gentamicin,0,"{""aft_scale"": 1.0, ""max_depth"": 3, ""n_trees"": 300}",,,2821,527,129,[]
results/models/64965891/manifest_xgboost_aft_human_clinical.json,gentamicin,1,"{""aft_scale"": 1.0, ""max_depth"": 3, ""n_trees"": 100}",,,2362,986,120,[]
results/models/64965891/manifest_xgboost_aft_human_clinical.json,gentamicin,2,"{""aft_scale"": 1.0, ""max_depth"": 2, ""n_trees"": 300}",,,2731,617,133,[]
results/models/64965891/manifest_xgboost_aft_human_clinical.json,gentamicin,3,"{""aft_scale"": 1.0, ""max_depth"": 4, ""n_trees"": 300}",,,2767,581,129,[]
results/models/64965891/manifest_xgboost_aft_human_clinical.json,gentamicin,4,"{""aft_scale"": 1.0, ""max_depth"": 2, ""n_trees"": 300}",,,2711,637,134,[]
results/models/64983779/manifest_ridge_censored_all_sources.json,ceftriaxone,0,"{""layer"": null, ""penalty"": 0.1}",,,5727,1370,194,[]
results/models/64983779/manifest_ridge_censored_all_sources.json,ceftriaxone,1,"{""layer"": null, ""penalty"": 0.01}",,,5450,1647,198,[]
results/models/64983779/manifest_ridge_censored_all_sources.json,ceftriaxone,2,"{""layer"": null, ""penalty"": 0.1}",,,5740,1357,206,[]
results/models/64983779/manifest_ridge_censored_all_sources.json,ceftriaxone,3,"{""layer"": null, ""penalty"": 0.01}",,,5773,1324,194,[]
results/models/64983779/manifest_ridge_censored_all_sources.json,ceftriaxone,4,"{""layer"": null, ""penalty"": 0.1}",,,5698,1399,198,[]
results/models/64983779/manifest_ridge_censored_all_sources.json,ciprofloxacin,0,"{""layer"": null, ""penalty"": 1.0}",,,6893,1600,230,[]
results/models/64983779/manifest_ridge_censored_all_sources.json,ciprofloxacin,1,"{""layer"": null, ""penalty"": 1.0}",,,6436,2057,225,[]
results/models/64983779/manifest_ridge_censored_all_sources.json,ciprofloxacin,2,"{""layer"": null, ""penalty"": 1.0}",,,6889,1604,239,[]
results/models/64983779/manifest_ridge_censored_all_sources.json,ciprofloxacin,3,"{""layer"": null, ""penalty"": 1.0}",,,6943,1550,225,[]
results/models/64983779/manifest_ridge_censored_all_sources.json,ciprofloxacin,4,"{""layer"": null, ""penalty"": 1.0}",,,6811,1682,235,[]
results/models/64983779/manifest_ridge_censored_all_sources.json,gentamicin,0,"{""layer"": null, ""penalty"": 1.0}",,,7764,1750,230,[]
results/models/64983779/manifest_ridge_censored_all_sources.json,gentamicin,1,"{""layer"": null, ""penalty"": 1.0}",,,7358,2156,224,[]
results/models/64983779/manifest_ridge_censored_all_sources.json,gentamicin,2,"{""layer"": null, ""penalty"": 1.0}",,,7553,1961,240,[]
results/models/64983779/manifest_ridge_censored_all_sources.json,gentamicin,3,"{""layer"": null, ""penalty"": 0.1}",,,7659,1855,226,[]
results/models/64983779/manifest_ridge_censored_all_sources.json,gentamicin,4,"{""layer"": null, ""penalty"": 1.0}",,,7722,1792,231,[]
results/models/64983779/manifest_ridge_censored_amr_evo2_all_sources.json,ceftriaxone,0,"{""layer"": ""blocks.12.mlp.l3"", ""penalty"": 0.1}",,,5727,1370,431,[]
results/models/64983779/manifest_ridge_censored_amr_evo2_all_sources.json,ceftriaxone,1,"{""layer"": ""blocks.12.mlp.l3"", ""penalty"": 0.1}",,,5450,1647,435,[]
results/models/64983779/manifest_ridge_censored_amr_evo2_all_sources.json,ceftriaxone,2,"{""layer"": ""blocks.17.mlp.l3"", ""penalty"": 0.1}",,,5740,1357,443,[]
results/models/64983779/manifest_ridge_censored_amr_evo2_all_sources.json,ceftriaxone,3,"{""layer"": ""blocks.12.mlp.l3"", ""penalty"": 0.1}",,,5773,1324,431,[]
results/models/64983779/manifest_ridge_censored_amr_evo2_all_sources.json,ceftriaxone,4,"{""layer"": ""blocks.12.mlp.l3"", ""penalty"": 0.1}",,,5698,1399,435,[]
results/models/64983779/manifest_ridge_censored_amr_evo2_all_sources.json,ciprofloxacin,0,"{""layer"": ""blocks.17.mlp.l3"", ""penalty"": 1.0}",,,6893,1600,467,[]
results/models/64983779/manifest_ridge_censored_amr_evo2_all_sources.json,ciprofloxacin,1,"{""layer"": ""blocks.17.mlp.l3"", ""penalty"": 1.0}",,,6436,2057,462,[]
results/models/64983779/manifest_ridge_censored_amr_evo2_all_sources.json,ciprofloxacin,2,"{""layer"": ""blocks.17.mlp.l3"", ""penalty"": 0.1}",,,6889,1604,476,[]
results/models/64983779/manifest_ridge_censored_amr_evo2_all_sources.json,ciprofloxacin,3,"{""layer"": ""blocks.17.mlp.l3"", ""penalty"": 1.0}",,,6943,1550,462,[]
results/models/64983779/manifest_ridge_censored_amr_evo2_all_sources.json,ciprofloxacin,4,"{""layer"": ""blocks.17.mlp.l3"", ""penalty"": 0.1}",,,6811,1682,472,[]
results/models/64983779/manifest_ridge_censored_amr_evo2_all_sources.json,gentamicin,0,"{""layer"": ""blocks.6.mlp.l3"", ""penalty"": 1.0}",,,7764,1750,467,[]
results/models/64983779/manifest_ridge_censored_amr_evo2_all_sources.json,gentamicin,1,"{""layer"": ""blocks.6.mlp.l3"", ""penalty"": 1.0}",,,7358,2156,461,[]
results/models/64983779/manifest_ridge_censored_amr_evo2_all_sources.json,gentamicin,2,"{""layer"": ""blocks.17.mlp.l3"", ""penalty"": 1.0}",,,7553,1961,477,[]
results/models/64983779/manifest_ridge_censored_amr_evo2_all_sources.json,gentamicin,3,"{""layer"": ""blocks.17.mlp.l3"", ""penalty"": 1.0}",,,7659,1855,463,[]
results/models/64983779/manifest_ridge_censored_amr_evo2_all_sources.json,gentamicin,4,"{""layer"": ""blocks.17.mlp.l3"", ""penalty"": 1.0}",,,7722,1792,468,[]
results/models/64983779/manifest_ridge_censored_amr_evo2_human_clinical.json,ceftriaxone,0,"{""layer"": ""blocks.17.mlp.l3"", ""penalty"": 0.1}",,,2368,454,342,[]
results/models/64983779/manifest_ridge_censored_amr_evo2_human_clinical.json,ceftriaxone,1,"{""layer"": ""blocks.12.mlp.l3"", ""penalty"": 0.1}",,,2017,805,338,[]
results/models/64983779/manifest_ridge_censored_amr_evo2_human_clinical.json,ceftriaxone,2,"{""layer"": ""blocks.17.mlp.l3"", ""penalty"": 0.1}",,,2293,529,341,[]
results/models/64983779/manifest_ridge_censored_amr_evo2_human_clinical.json,ceftriaxone,3,"{""layer"": ""blocks.17.mlp.l3"", ""penalty"": 0.1}",,,2330,492,342,[]
results/models/64983779/manifest_ridge_censored_amr_evo2_human_clinical.json,ceftriaxone,4,"{""layer"": ""blocks.17.mlp.l3"", ""penalty"": 0.1}",,,2280,542,347,[]
results/models/64983779/manifest_ridge_censored_amr_evo2_human_clinical.json,ciprofloxacin,0,"{""layer"": ""blocks.17.mlp.l3"", ""penalty"": 0.1}",,,3217,592,368,[]
results/models/64983779/manifest_ridge_censored_amr_evo2_human_clinical.json,ciprofloxacin,1,"{""layer"": ""blocks.12.mlp.l3"", ""penalty"": 1.0}",,,2651,1158,360,[]
results/models/64983779/manifest_ridge_censored_amr_evo2_human_clinical.json,ciprofloxacin,2,"{""layer"": ""blocks.17.mlp.l3"", ""penalty"": 0.1}",,,3106,703,374,[]
results/models/64983779/manifest_ridge_censored_amr_evo2_human_clinical.json,ciprofloxacin,3,"{""layer"": ""blocks.17.mlp.l3"", ""penalty"": 0.1}",,,3176,633,369,[]
results/models/64983779/manifest_ridge_censored_amr_evo2_human_clinical.json,ciprofloxacin,4,"{""layer"": ""blocks.12.mlp.l3"", ""penalty"": 0.1}",,,3086,723,376,[]
results/models/64983779/manifest_ridge_censored_amr_evo2_human_clinical.json,gentamicin,0,"{""layer"": ""blocks.12.mlp.l3"", ""penalty"": 1.0}",,,2821,527,366,[]
results/models/64983779/manifest_ridge_censored_amr_evo2_human_clinical.json,gentamicin,1,"{""layer"": ""blocks.12.mlp.l3"", ""penalty"": 0.1}",,,2362,986,357,[]
results/models/64983779/manifest_ridge_censored_amr_evo2_human_clinical.json,gentamicin,2,"{""layer"": ""blocks.17.mlp.l3"", ""penalty"": 1.0}",,,2731,617,370,[]
results/models/64983779/manifest_ridge_censored_amr_evo2_human_clinical.json,gentamicin,3,"{""layer"": ""blocks.17.mlp.l3"", ""penalty"": 1.0}",,,2767,581,366,[]
results/models/64983779/manifest_ridge_censored_amr_evo2_human_clinical.json,gentamicin,4,"{""layer"": ""blocks.17.mlp.l3"", ""penalty"": 1.0}",,,2711,637,371,[]
results/models/64983779/manifest_ridge_censored_evo2_all_sources.json,ceftriaxone,0,"{""layer"": ""blocks.17.mlp.l3"", ""penalty"": 0.1}",,,5727,1370,237,[]
results/models/64983779/manifest_ridge_censored_evo2_all_sources.json,ceftriaxone,1,"{""layer"": ""blocks.17.mlp.l3"", ""penalty"": 0.01}",,,5450,1647,237,[]
results/models/64983779/manifest_ridge_censored_evo2_all_sources.json,ceftriaxone,2,"{""layer"": ""blocks.17.mlp.l3"", ""penalty"": 0.01}",,,5740,1357,237,[]
results/models/64983779/manifest_ridge_censored_evo2_all_sources.json,ceftriaxone,3,"{""layer"": ""blocks.17.mlp.l3"", ""penalty"": 0.01}",,,5773,1324,237,[]
results/models/64983779/manifest_ridge_censored_evo2_all_sources.json,ceftriaxone,4,"{""layer"": ""blocks.12.mlp.l3"", ""penalty"": 0.001}",,,5698,1399,237,[]
results/models/64983779/manifest_ridge_censored_evo2_all_sources.json,ciprofloxacin,0,"{""layer"": ""blocks.17.mlp.l3"", ""penalty"": 0.01}",,,6893,1600,237,[]
results/models/64983779/manifest_ridge_censored_evo2_all_sources.json,ciprofloxacin,1,"{""layer"": ""blocks.12.mlp.l3"", ""penalty"": 0.001}",,,6436,2057,237,[]
results/models/64983779/manifest_ridge_censored_evo2_all_sources.json,ciprofloxacin,2,"{""layer"": ""blocks.12.mlp.l3"", ""penalty"": 0.001}",,,6889,1604,237,[]
results/models/64983779/manifest_ridge_censored_evo2_all_sources.json,ciprofloxacin,3,"{""layer"": ""blocks.12.mlp.l3"", ""penalty"": 0.001}",,,6943,1550,237,[]
results/models/64983779/manifest_ridge_censored_evo2_all_sources.json,ciprofloxacin,4,"{""layer"": ""blocks.12.mlp.l3"", ""penalty"": 0.001}",,,6811,1682,237,[]
results/models/64983779/manifest_ridge_censored_evo2_all_sources.json,gentamicin,0,"{""layer"": ""blocks.17.mlp.l3"", ""penalty"": 1.0}",,,7764,1750,237,[]
results/models/64983779/manifest_ridge_censored_evo2_all_sources.json,gentamicin,1,"{""layer"": ""blocks.17.mlp.l3"", ""penalty"": 1.0}",,,7358,2156,237,[]
results/models/64983779/manifest_ridge_censored_evo2_all_sources.json,gentamicin,2,"{""layer"": ""blocks.17.mlp.l3"", ""penalty"": 1.0}",,,7553,1961,237,[]
results/models/64983779/manifest_ridge_censored_evo2_all_sources.json,gentamicin,3,"{""layer"": ""blocks.17.mlp.l3"", ""penalty"": 1.0}",,,7659,1855,237,[]
results/models/64983779/manifest_ridge_censored_evo2_all_sources.json,gentamicin,4,"{""layer"": ""blocks.17.mlp.l3"", ""penalty"": 1.0}",,,7722,1792,237,[]
results/models/64983779/manifest_ridge_censored_evo2_human_clinical.json,ceftriaxone,0,"{""layer"": ""blocks.12.mlp.l3"", ""penalty"": 0.001}",,,2368,454,237,[]
results/models/64983779/manifest_ridge_censored_evo2_human_clinical.json,ceftriaxone,1,"{""layer"": ""blocks.12.mlp.l3"", ""penalty"": 0.001}",,,2017,805,237,[]
results/models/64983779/manifest_ridge_censored_evo2_human_clinical.json,ceftriaxone,2,"{""layer"": ""blocks.17.mlp.l3"", ""penalty"": 0.01}",,,2293,529,237,[]
results/models/64983779/manifest_ridge_censored_evo2_human_clinical.json,ceftriaxone,3,"{""layer"": ""blocks.17.mlp.l3"", ""penalty"": 0.01}",,,2330,492,237,[]
results/models/64983779/manifest_ridge_censored_evo2_human_clinical.json,ceftriaxone,4,"{""layer"": ""blocks.17.mlp.l3"", ""penalty"": 0.01}",,,2280,542,237,[]
results/models/64983779/manifest_ridge_censored_evo2_human_clinical.json,ciprofloxacin,0,"{""layer"": ""blocks.17.mlp.l3"", ""penalty"": 0.01}",,,3217,592,237,[]
results/models/64983779/manifest_ridge_censored_evo2_human_clinical.json,ciprofloxacin,1,"{""layer"": ""blocks.17.mlp.l3"", ""penalty"": 0.01}",,,2651,1158,237,[]
results/models/64983779/manifest_ridge_censored_evo2_human_clinical.json,ciprofloxacin,2,"{""layer"": ""blocks.17.mlp.l3"", ""penalty"": 0.01}",,,3106,703,237,[]
results/models/64983779/manifest_ridge_censored_evo2_human_clinical.json,ciprofloxacin,3,"{""layer"": ""blocks.17.mlp.l3"", ""penalty"": 0.01}",,,3176,633,237,[]
results/models/64983779/manifest_ridge_censored_evo2_human_clinical.json,ciprofloxacin,4,"{""layer"": ""blocks.17.mlp.l3"", ""penalty"": 0.1}",,,3086,723,237,[]
results/models/64983779/manifest_ridge_censored_evo2_human_clinical.json,gentamicin,0,"{""layer"": ""blocks.12.mlp.l3"", ""penalty"": 0.001}",,,2821,527,237,[]
results/models/64983779/manifest_ridge_censored_evo2_human_clinical.json,gentamicin,1,"{""layer"": ""blocks.12.mlp.l3"", ""penalty"": 0.001}",,,2362,986,237,[]
results/models/64983779/manifest_ridge_censored_evo2_human_clinical.json,gentamicin,2,"{""layer"": ""blocks.17.mlp.l3"", ""penalty"": 0.1}",,,2731,617,237,[]
results/models/64983779/manifest_ridge_censored_evo2_human_clinical.json,gentamicin,3,"{""layer"": ""blocks.17.mlp.l3"", ""penalty"": 0.1}",,,2767,581,237,[]
results/models/64983779/manifest_ridge_censored_evo2_human_clinical.json,gentamicin,4,"{""layer"": ""blocks.17.mlp.l3"", ""penalty"": 0.1}",,,2711,637,237,[]
results/models/64983779/manifest_ridge_censored_human_clinical.json,ceftriaxone,0,"{""layer"": null, ""penalty"": 0.01}",,,2368,454,105,[]
results/models/64983779/manifest_ridge_censored_human_clinical.json,ceftriaxone,1,"{""layer"": null, ""penalty"": 0.1}",,,2017,805,101,[]
results/models/64983779/manifest_ridge_censored_human_clinical.json,ceftriaxone,2,"{""layer"": null, ""penalty"": 0.01}",,,2293,529,104,[]
results/models/64983779/manifest_ridge_censored_human_clinical.json,ceftriaxone,3,"{""layer"": null, ""penalty"": 0.1}",,,2330,492,105,[]
results/models/64983779/manifest_ridge_censored_human_clinical.json,ceftriaxone,4,"{""layer"": null, ""penalty"": 0.001}",,,2280,542,110,[]
results/models/64983779/manifest_ridge_censored_human_clinical.json,ciprofloxacin,0,"{""layer"": null, ""penalty"": 0.1}",,,3217,592,131,[]
results/models/64983779/manifest_ridge_censored_human_clinical.json,ciprofloxacin,1,"{""layer"": null, ""penalty"": 1.0}",,,2651,1158,123,[]
results/models/64983779/manifest_ridge_censored_human_clinical.json,ciprofloxacin,2,"{""layer"": null, ""penalty"": 1.0}",,,3106,703,137,[]
results/models/64983779/manifest_ridge_censored_human_clinical.json,ciprofloxacin,3,"{""layer"": null, ""penalty"": 0.1}",,,3176,633,132,[]
results/models/64983779/manifest_ridge_censored_human_clinical.json,ciprofloxacin,4,"{""layer"": null, ""penalty"": 1.0}",,,3086,723,139,[]
results/models/64983779/manifest_ridge_censored_human_clinical.json,gentamicin,0,"{""layer"": null, ""penalty"": 1.0}",,,2821,527,129,[]
results/models/64983779/manifest_ridge_censored_human_clinical.json,gentamicin,1,"{""layer"": null, ""penalty"": 0.1}",,,2362,986,120,[]
results/models/64983779/manifest_ridge_censored_human_clinical.json,gentamicin,2,"{""layer"": null, ""penalty"": 0.1}",,,2731,617,133,[]
results/models/64983779/manifest_ridge_censored_human_clinical.json,gentamicin,3,"{""layer"": null, ""penalty"": 0.1}",,,2767,581,129,[]
results/models/64983779/manifest_ridge_censored_human_clinical.json,gentamicin,4,"{""layer"": null, ""penalty"": 1.0}",,,2711,637,134,[]
results/models/64983779/manifest_xgboost_aft_all_sources.json,ceftriaxone,0,"{""aft_scale"": 1.0, ""layer"": null, ""max_depth"": 4, ""n_trees"": 300}",,,5727,1370,194,[]
results/models/64983779/manifest_xgboost_aft_all_sources.json,ceftriaxone,1,"{""aft_scale"": 1.0, ""layer"": null, ""max_depth"": 4, ""n_trees"": 300}",,,5450,1647,198,[]
results/models/64983779/manifest_xgboost_aft_all_sources.json,ceftriaxone,2,"{""aft_scale"": 1.0, ""layer"": null, ""max_depth"": 3, ""n_trees"": 300}",,,5740,1357,206,[]
results/models/64983779/manifest_xgboost_aft_all_sources.json,ceftriaxone,3,"{""aft_scale"": 1.0, ""layer"": null, ""max_depth"": 4, ""n_trees"": 300}",,,5773,1324,194,[]
results/models/64983779/manifest_xgboost_aft_all_sources.json,ceftriaxone,4,"{""aft_scale"": 1.0, ""layer"": null, ""max_depth"": 4, ""n_trees"": 300}",,,5698,1399,198,[]
results/models/64983779/manifest_xgboost_aft_all_sources.json,ciprofloxacin,0,"{""aft_scale"": 1.0, ""layer"": null, ""max_depth"": 3, ""n_trees"": 300}",,,6893,1600,230,[]
results/models/64983779/manifest_xgboost_aft_all_sources.json,ciprofloxacin,1,"{""aft_scale"": 1.0, ""layer"": null, ""max_depth"": 4, ""n_trees"": 300}",,,6436,2057,225,[]
results/models/64983779/manifest_xgboost_aft_all_sources.json,ciprofloxacin,2,"{""aft_scale"": 1.0, ""layer"": null, ""max_depth"": 4, ""n_trees"": 300}",,,6889,1604,239,[]
results/models/64983779/manifest_xgboost_aft_all_sources.json,ciprofloxacin,3,"{""aft_scale"": 1.0, ""layer"": null, ""max_depth"": 4, ""n_trees"": 300}",,,6943,1550,225,[]
results/models/64983779/manifest_xgboost_aft_all_sources.json,ciprofloxacin,4,"{""aft_scale"": 1.0, ""layer"": null, ""max_depth"": 3, ""n_trees"": 300}",,,6811,1682,235,[]
results/models/64983779/manifest_xgboost_aft_all_sources.json,gentamicin,0,"{""aft_scale"": 1.0, ""layer"": null, ""max_depth"": 4, ""n_trees"": 100}",,,7764,1750,230,[]
results/models/64983779/manifest_xgboost_aft_all_sources.json,gentamicin,1,"{""aft_scale"": 1.0, ""layer"": null, ""max_depth"": 2, ""n_trees"": 300}",,,7358,2156,224,[]
results/models/64983779/manifest_xgboost_aft_all_sources.json,gentamicin,2,"{""aft_scale"": 1.0, ""layer"": null, ""max_depth"": 2, ""n_trees"": 300}",,,7553,1961,240,[]
results/models/64983779/manifest_xgboost_aft_all_sources.json,gentamicin,3,"{""aft_scale"": 1.0, ""layer"": null, ""max_depth"": 3, ""n_trees"": 300}",,,7659,1855,226,[]
results/models/64983779/manifest_xgboost_aft_all_sources.json,gentamicin,4,"{""aft_scale"": 1.0, ""layer"": null, ""max_depth"": 3, ""n_trees"": 300}",,,7722,1792,231,[]
results/models/64983779/manifest_xgboost_aft_amr_evo2_all_sources.json,ceftriaxone,0,"{""aft_scale"": 1.0, ""layer"": ""blocks.12.mlp.l3"", ""max_depth"": 4, ""n_trees"": 300}",,,5727,1370,431,[]
results/models/64983779/manifest_xgboost_aft_amr_evo2_all_sources.json,ceftriaxone,1,"{""aft_scale"": 1.0, ""layer"": ""blocks.12.mlp.l3"", ""max_depth"": 4, ""n_trees"": 300}",,,5450,1647,435,[]
results/models/64983779/manifest_xgboost_aft_amr_evo2_all_sources.json,ceftriaxone,2,"{""aft_scale"": 1.0, ""layer"": ""blocks.17.mlp.l3"", ""max_depth"": 4, ""n_trees"": 300}",,,5740,1357,443,[]
results/models/64983779/manifest_xgboost_aft_amr_evo2_all_sources.json,ceftriaxone,3,"{""aft_scale"": 1.0, ""layer"": ""blocks.12.mlp.l3"", ""max_depth"": 3, ""n_trees"": 300}",,,5773,1324,431,[]
results/models/64983779/manifest_xgboost_aft_amr_evo2_all_sources.json,ceftriaxone,4,"{""aft_scale"": 1.0, ""layer"": ""blocks.17.mlp.l3"", ""max_depth"": 3, ""n_trees"": 300}",,,5698,1399,435,[]
results/models/64983779/manifest_xgboost_aft_amr_evo2_all_sources.json,ciprofloxacin,0,"{""aft_scale"": 1.0, ""layer"": ""blocks.17.mlp.l3"", ""max_depth"": 4, ""n_trees"": 300}",,,6893,1600,467,[]
results/models/64983779/manifest_xgboost_aft_amr_evo2_all_sources.json,ciprofloxacin,1,"{""aft_scale"": 1.0, ""layer"": ""blocks.6.mlp.l3"", ""max_depth"": 4, ""n_trees"": 100}",,,6436,2057,462,[]
results/models/64983779/manifest_xgboost_aft_amr_evo2_all_sources.json,ciprofloxacin,2,"{""aft_scale"": 1.0, ""layer"": ""blocks.6.mlp.l3"", ""max_depth"": 3, ""n_trees"": 100}",,,6889,1604,476,[]
results/models/64983779/manifest_xgboost_aft_amr_evo2_all_sources.json,ciprofloxacin,3,"{""aft_scale"": 1.0, ""layer"": ""blocks.12.mlp.l3"", ""max_depth"": 2, ""n_trees"": 300}",,,6943,1550,462,[]
results/models/64983779/manifest_xgboost_aft_amr_evo2_all_sources.json,ciprofloxacin,4,"{""aft_scale"": 1.0, ""layer"": ""blocks.17.mlp.l3"", ""max_depth"": 2, ""n_trees"": 300}",,,6811,1682,472,[]
results/models/64983779/manifest_xgboost_aft_amr_evo2_all_sources.json,gentamicin,0,"{""aft_scale"": 1.0, ""layer"": ""blocks.12.mlp.l3"", ""max_depth"": 3, ""n_trees"": 300}",,,7764,1750,467,[]
results/models/64983779/manifest_xgboost_aft_amr_evo2_all_sources.json,gentamicin,1,"{""aft_scale"": 1.0, ""layer"": ""blocks.6.mlp.l3"", ""max_depth"": 3, ""n_trees"": 300}",,,7358,2156,461,[]
results/models/64983779/manifest_xgboost_aft_amr_evo2_all_sources.json,gentamicin,2,"{""aft_scale"": 1.0, ""layer"": ""blocks.17.mlp.l3"", ""max_depth"": 3, ""n_trees"": 300}",,,7553,1961,477,[]
results/models/64983779/manifest_xgboost_aft_amr_evo2_all_sources.json,gentamicin,3,"{""aft_scale"": 1.0, ""layer"": ""blocks.6.mlp.l3"", ""max_depth"": 3, ""n_trees"": 300}",,,7659,1855,463,[]
results/models/64983779/manifest_xgboost_aft_amr_evo2_all_sources.json,gentamicin,4,"{""aft_scale"": 1.0, ""layer"": ""blocks.17.mlp.l3"", ""max_depth"": 3, ""n_trees"": 300}",,,7722,1792,468,[]
results/models/64983779/manifest_xgboost_aft_amr_evo2_human_clinical.json,ceftriaxone,0,"{""aft_scale"": 1.0, ""layer"": ""blocks.12.mlp.l3"", ""max_depth"": 2, ""n_trees"": 300}",,,2368,454,342,[]
results/models/64983779/manifest_xgboost_aft_amr_evo2_human_clinical.json,ceftriaxone,1,"{""aft_scale"": 1.0, ""layer"": ""blocks.12.mlp.l3"", ""max_depth"": 2, ""n_trees"": 300}",,,2017,805,338,[]
results/models/64983779/manifest_xgboost_aft_amr_evo2_human_clinical.json,ceftriaxone,2,"{""aft_scale"": 1.0, ""layer"": ""blocks.12.mlp.l3"", ""max_depth"": 4, ""n_trees"": 300}",,,2293,529,341,[]
results/models/64983779/manifest_xgboost_aft_amr_evo2_human_clinical.json,ceftriaxone,3,"{""aft_scale"": 1.0, ""layer"": ""blocks.17.mlp.l3"", ""max_depth"": 3, ""n_trees"": 300}",,,2330,492,342,[]
results/models/64983779/manifest_xgboost_aft_amr_evo2_human_clinical.json,ceftriaxone,4,"{""aft_scale"": 1.0, ""layer"": ""blocks.12.mlp.l3"", ""max_depth"": 4, ""n_trees"": 300}",,,2280,542,347,[]
results/models/64983779/manifest_xgboost_aft_amr_evo2_human_clinical.json,ciprofloxacin,0,"{""aft_scale"": 1.0, ""layer"": ""blocks.12.mlp.l3"", ""max_depth"": 2, ""n_trees"": 300}",,,3217,592,368,[]
results/models/64983779/manifest_xgboost_aft_amr_evo2_human_clinical.json,ciprofloxacin,1,"{""aft_scale"": 1.0, ""layer"": ""blocks.6.mlp.l3"", ""max_depth"": 3, ""n_trees"": 300}",,,2651,1158,360,[]
results/models/64983779/manifest_xgboost_aft_amr_evo2_human_clinical.json,ciprofloxacin,2,"{""aft_scale"": 1.0, ""layer"": ""blocks.6.mlp.l3"", ""max_depth"": 2, ""n_trees"": 300}",,,3106,703,374,[]
results/models/64983779/manifest_xgboost_aft_amr_evo2_human_clinical.json,ciprofloxacin,3,"{""aft_scale"": 1.0, ""layer"": ""blocks.12.mlp.l3"", ""max_depth"": 2, ""n_trees"": 300}",,,3176,633,369,[]
results/models/64983779/manifest_xgboost_aft_amr_evo2_human_clinical.json,ciprofloxacin,4,"{""aft_scale"": 1.0, ""layer"": ""blocks.17.mlp.l3"", ""max_depth"": 2, ""n_trees"": 300}",,,3086,723,376,[]
results/models/64983779/manifest_xgboost_aft_amr_evo2_human_clinical.json,gentamicin,0,"{""aft_scale"": 1.0, ""layer"": ""blocks.12.mlp.l3"", ""max_depth"": 2, ""n_trees"": 300}",,,2821,527,366,[]
results/models/64983779/manifest_xgboost_aft_amr_evo2_human_clinical.json,gentamicin,1,"{""aft_scale"": 1.0, ""layer"": ""blocks.12.mlp.l3"", ""max_depth"": 2, ""n_trees"": 300}",,,2362,986,357,[]
results/models/64983779/manifest_xgboost_aft_amr_evo2_human_clinical.json,gentamicin,2,"{""aft_scale"": 1.0, ""layer"": ""blocks.6.mlp.l3"", ""max_depth"": 2, ""n_trees"": 300}",,,2731,617,370,[]
results/models/64983779/manifest_xgboost_aft_amr_evo2_human_clinical.json,gentamicin,3,"{""aft_scale"": 1.0, ""layer"": ""blocks.12.mlp.l3"", ""max_depth"": 3, ""n_trees"": 300}",,,2767,581,366,[]
results/models/64983779/manifest_xgboost_aft_amr_evo2_human_clinical.json,gentamicin,4,"{""aft_scale"": 1.0, ""layer"": ""blocks.6.mlp.l3"", ""max_depth"": 3, ""n_trees"": 300}",,,2711,637,371,[]
results/models/64983779/manifest_xgboost_aft_evo2_all_sources.json,ceftriaxone,0,"{""aft_scale"": 1.0, ""layer"": ""blocks.12.mlp.l3"", ""max_depth"": 4, ""n_trees"": 300}",,,5727,1370,237,[]
results/models/64983779/manifest_xgboost_aft_evo2_all_sources.json,ceftriaxone,1,"{""aft_scale"": 1.0, ""layer"": ""blocks.6.mlp.l3"", ""max_depth"": 4, ""n_trees"": 300}",,,5450,1647,237,[]
results/models/64983779/manifest_xgboost_aft_evo2_all_sources.json,ceftriaxone,2,"{""aft_scale"": 1.0, ""layer"": ""blocks.17.mlp.l3"", ""max_depth"": 4, ""n_trees"": 300}",,,5740,1357,237,[]
results/models/64983779/manifest_xgboost_aft_evo2_all_sources.json,ceftriaxone,3,"{""aft_scale"": 1.0, ""layer"": ""blocks.17.mlp.l3"", ""max_depth"": 4, ""n_trees"": 300}",,,5773,1324,237,[]
results/models/64983779/manifest_xgboost_aft_evo2_all_sources.json,ceftriaxone,4,"{""aft_scale"": 1.0, ""layer"": ""blocks.12.mlp.l3"", ""max_depth"": 4, ""n_trees"": 300}",,,5698,1399,237,[]
results/models/64983779/manifest_xgboost_aft_evo2_all_sources.json,ciprofloxacin,0,"{""aft_scale"": 1.0, ""layer"": ""blocks.12.mlp.l3"", ""max_depth"": 4, ""n_trees"": 100}",,,6893,1600,237,[]
results/models/64983779/manifest_xgboost_aft_evo2_all_sources.json,ciprofloxacin,1,"{""aft_scale"": 1.0, ""layer"": ""blocks.12.mlp.l3"", ""max_depth"": 4, ""n_trees"": 100}",,,6436,2057,237,[]
results/models/64983779/manifest_xgboost_aft_evo2_all_sources.json,ciprofloxacin,2,"{""aft_scale"": 1.0, ""layer"": ""blocks.6.mlp.l3"", ""max_depth"": 4, ""n_trees"": 100}",,,6889,1604,237,[]
results/models/64983779/manifest_xgboost_aft_evo2_all_sources.json,ciprofloxacin,3,"{""aft_scale"": 1.0, ""layer"": ""blocks.12.mlp.l3"", ""max_depth"": 3, ""n_trees"": 300}",,,6943,1550,237,[]
results/models/64983779/manifest_xgboost_aft_evo2_all_sources.json,ciprofloxacin,4,"{""aft_scale"": 1.0, ""layer"": ""blocks.12.mlp.l3"", ""max_depth"": 3, ""n_trees"": 100}",,,6811,1682,237,[]
results/models/64983779/manifest_xgboost_aft_evo2_all_sources.json,gentamicin,0,"{""aft_scale"": 1.0, ""layer"": ""blocks.17.mlp.l3"", ""max_depth"": 4, ""n_trees"": 300}",,,7764,1750,237,[]
results/models/64983779/manifest_xgboost_aft_evo2_all_sources.json,gentamicin,1,"{""aft_scale"": 1.0, ""layer"": ""blocks.17.mlp.l3"", ""max_depth"": 4, ""n_trees"": 100}",,,7358,2156,237,[]
results/models/64983779/manifest_xgboost_aft_evo2_all_sources.json,gentamicin,2,"{""aft_scale"": 1.0, ""layer"": ""blocks.17.mlp.l3"", ""max_depth"": 4, ""n_trees"": 300}",,,7553,1961,237,[]
results/models/64983779/manifest_xgboost_aft_evo2_all_sources.json,gentamicin,3,"{""aft_scale"": 1.0, ""layer"": ""blocks.17.mlp.l3"", ""max_depth"": 4, ""n_trees"": 300}",,,7659,1855,237,[]
results/models/64983779/manifest_xgboost_aft_evo2_all_sources.json,gentamicin,4,"{""aft_scale"": 1.0, ""layer"": ""blocks.17.mlp.l3"", ""max_depth"": 4, ""n_trees"": 300}",,,7722,1792,237,[]
results/models/64983779/manifest_xgboost_aft_evo2_human_clinical.json,ceftriaxone,0,"{""aft_scale"": 1.0, ""layer"": ""blocks.12.mlp.l3"", ""max_depth"": 4, ""n_trees"": 300}",,,2368,454,237,[]
results/models/64983779/manifest_xgboost_aft_evo2_human_clinical.json,ceftriaxone,1,"{""aft_scale"": 1.0, ""layer"": ""blocks.17.mlp.l3"", ""max_depth"": 4, ""n_trees"": 300}",,,2017,805,237,[]
results/models/64983779/manifest_xgboost_aft_evo2_human_clinical.json,ceftriaxone,2,"{""aft_scale"": 1.0, ""layer"": ""blocks.12.mlp.l3"", ""max_depth"": 2, ""n_trees"": 300}",,,2293,529,237,[]
results/models/64983779/manifest_xgboost_aft_evo2_human_clinical.json,ceftriaxone,3,"{""aft_scale"": 1.0, ""layer"": ""blocks.12.mlp.l3"", ""max_depth"": 2, ""n_trees"": 300}",,,2330,492,237,[]
results/models/64983779/manifest_xgboost_aft_evo2_human_clinical.json,ceftriaxone,4,"{""aft_scale"": 1.0, ""layer"": ""blocks.6.mlp.l3"", ""max_depth"": 4, ""n_trees"": 300}",,,2280,542,237,[]
results/models/64983779/manifest_xgboost_aft_evo2_human_clinical.json,ciprofloxacin,0,"{""aft_scale"": 1.0, ""layer"": ""blocks.12.mlp.l3"", ""max_depth"": 4, ""n_trees"": 100}",,,3217,592,237,[]
results/models/64983779/manifest_xgboost_aft_evo2_human_clinical.json,ciprofloxacin,1,"{""aft_scale"": 1.0, ""layer"": ""blocks.6.mlp.l3"", ""max_depth"": 2, ""n_trees"": 300}",,,2651,1158,237,[]
results/models/64983779/manifest_xgboost_aft_evo2_human_clinical.json,ciprofloxacin,2,"{""aft_scale"": 1.0, ""layer"": ""blocks.12.mlp.l3"", ""max_depth"": 4, ""n_trees"": 300}",,,3106,703,237,[]
results/models/64983779/manifest_xgboost_aft_evo2_human_clinical.json,ciprofloxacin,3,"{""aft_scale"": 1.0, ""layer"": ""blocks.17.mlp.l3"", ""max_depth"": 4, ""n_trees"": 300}",,,3176,633,237,[]
results/models/64983779/manifest_xgboost_aft_evo2_human_clinical.json,ciprofloxacin,4,"{""aft_scale"": 1.0, ""layer"": ""blocks.12.mlp.l3"", ""max_depth"": 4, ""n_trees"": 300}",,,3086,723,237,[]
results/models/64983779/manifest_xgboost_aft_evo2_human_clinical.json,gentamicin,0,"{""aft_scale"": 1.0, ""layer"": ""blocks.17.mlp.l3"", ""max_depth"": 4, ""n_trees"": 300}",,,2821,527,237,[]
results/models/64983779/manifest_xgboost_aft_evo2_human_clinical.json,gentamicin,1,"{""aft_scale"": 1.0, ""layer"": ""blocks.12.mlp.l3"", ""max_depth"": 3, ""n_trees"": 300}",,,2362,986,237,[]
results/models/64983779/manifest_xgboost_aft_evo2_human_clinical.json,gentamicin,2,"{""aft_scale"": 1.0, ""layer"": ""blocks.17.mlp.l3"", ""max_depth"": 3, ""n_trees"": 300}",,,2731,617,237,[]
results/models/64983779/manifest_xgboost_aft_evo2_human_clinical.json,gentamicin,3,"{""aft_scale"": 1.0, ""layer"": ""blocks.17.mlp.l3"", ""max_depth"": 4, ""n_trees"": 300}",,,2767,581,237,[]
results/models/64983779/manifest_xgboost_aft_evo2_human_clinical.json,gentamicin,4,"{""aft_scale"": 1.0, ""layer"": ""blocks.17.mlp.l3"", ""max_depth"": 4, ""n_trees"": 300}",,,2711,637,237,[]
results/models/64983779/manifest_xgboost_aft_human_clinical.json,ceftriaxone,0,"{""aft_scale"": 1.0, ""layer"": null, ""max_depth"": 4, ""n_trees"": 100}",,,2368,454,105,[]
results/models/64983779/manifest_xgboost_aft_human_clinical.json,ceftriaxone,1,"{""aft_scale"": 1.0, ""layer"": null, ""max_depth"": 2, ""n_trees"": 300}",,,2017,805,101,[]
results/models/64983779/manifest_xgboost_aft_human_clinical.json,ceftriaxone,2,"{""aft_scale"": 1.0, ""layer"": null, ""max_depth"": 2, ""n_trees"": 300}",,,2293,529,104,[]
results/models/64983779/manifest_xgboost_aft_human_clinical.json,ceftriaxone,3,"{""aft_scale"": 1.0, ""layer"": null, ""max_depth"": 4, ""n_trees"": 100}",,,2330,492,105,[]
results/models/64983779/manifest_xgboost_aft_human_clinical.json,ceftriaxone,4,"{""aft_scale"": 1.0, ""layer"": null, ""max_depth"": 3, ""n_trees"": 100}",,,2280,542,110,[]
results/models/64983779/manifest_xgboost_aft_human_clinical.json,ciprofloxacin,0,"{""aft_scale"": 1.0, ""layer"": null, ""max_depth"": 2, ""n_trees"": 300}",,,3217,592,131,[]
results/models/64983779/manifest_xgboost_aft_human_clinical.json,ciprofloxacin,1,"{""aft_scale"": 1.0, ""layer"": null, ""max_depth"": 4, ""n_trees"": 300}",,,2651,1158,123,[]
results/models/64983779/manifest_xgboost_aft_human_clinical.json,ciprofloxacin,2,"{""aft_scale"": 1.0, ""layer"": null, ""max_depth"": 2, ""n_trees"": 300}",,,3106,703,137,[]
results/models/64983779/manifest_xgboost_aft_human_clinical.json,ciprofloxacin,3,"{""aft_scale"": 1.0, ""layer"": null, ""max_depth"": 2, ""n_trees"": 300}",,,3176,633,132,[]
results/models/64983779/manifest_xgboost_aft_human_clinical.json,ciprofloxacin,4,"{""aft_scale"": 1.0, ""layer"": null, ""max_depth"": 2, ""n_trees"": 300}",,,3086,723,139,[]
results/models/64983779/manifest_xgboost_aft_human_clinical.json,gentamicin,0,"{""aft_scale"": 1.0, ""layer"": null, ""max_depth"": 3, ""n_trees"": 300}",,,2821,527,129,[]
results/models/64983779/manifest_xgboost_aft_human_clinical.json,gentamicin,1,"{""aft_scale"": 1.0, ""layer"": null, ""max_depth"": 3, ""n_trees"": 100}",,,2362,986,120,[]
results/models/64983779/manifest_xgboost_aft_human_clinical.json,gentamicin,2,"{""aft_scale"": 1.0, ""layer"": null, ""max_depth"": 2, ""n_trees"": 300}",,,2731,617,133,[]
results/models/64983779/manifest_xgboost_aft_human_clinical.json,gentamicin,3,"{""aft_scale"": 1.0, ""layer"": null, ""max_depth"": 4, ""n_trees"": 300}",,,2767,581,129,[]
results/models/64983779/manifest_xgboost_aft_human_clinical.json,gentamicin,4,"{""aft_scale"": 1.0, ""layer"": null, ""max_depth"": 2, ""n_trees"": 300}",,,2711,637,134,[]
results/models/65006995/manifest_ridge_censored_all_sources.json,ceftriaxone,0,"{""layer"": null, ""penalty"": 0.1}",29,0,5727,1370,194,[]
results/models/65006995/manifest_ridge_censored_all_sources.json,ceftriaxone,1,"{""layer"": null, ""penalty"": 0.01}",29,0,5450,1647,198,[]
results/models/65006995/manifest_ridge_censored_all_sources.json,ceftriaxone,2,"{""layer"": null, ""penalty"": 0.1}",29,0,5740,1357,206,[]
results/models/65006995/manifest_ridge_censored_all_sources.json,ceftriaxone,3,"{""layer"": null, ""penalty"": 0.01}",29,0,5773,1324,194,[]
results/models/65006995/manifest_ridge_censored_all_sources.json,ceftriaxone,4,"{""layer"": null, ""penalty"": 0.1}",29,0,5698,1399,198,[]
results/models/65006995/manifest_ridge_censored_all_sources.json,ciprofloxacin,0,"{""layer"": null, ""penalty"": 1.0}",29,0,6893,1600,230,[]
results/models/65006995/manifest_ridge_censored_all_sources.json,ciprofloxacin,1,"{""layer"": null, ""penalty"": 1.0}",29,0,6436,2057,225,[]
results/models/65006995/manifest_ridge_censored_all_sources.json,ciprofloxacin,2,"{""layer"": null, ""penalty"": 1.0}",29,0,6889,1604,239,[]
results/models/65006995/manifest_ridge_censored_all_sources.json,ciprofloxacin,3,"{""layer"": null, ""penalty"": 1.0}",29,0,6943,1550,225,[]
results/models/65006995/manifest_ridge_censored_all_sources.json,ciprofloxacin,4,"{""layer"": null, ""penalty"": 1.0}",29,0,6811,1682,235,[]
results/models/65006995/manifest_ridge_censored_all_sources.json,gentamicin,0,"{""layer"": null, ""penalty"": 1.0}",29,0,7764,1750,230,[]
results/models/65006995/manifest_ridge_censored_all_sources.json,gentamicin,1,"{""layer"": null, ""penalty"": 1.0}",29,0,7358,2156,224,[]
results/models/65006995/manifest_ridge_censored_all_sources.json,gentamicin,2,"{""layer"": null, ""penalty"": 1.0}",29,0,7553,1961,240,[]
results/models/65006995/manifest_ridge_censored_all_sources.json,gentamicin,3,"{""layer"": null, ""penalty"": 1.0}",29,0,7659,1855,226,[]
results/models/65006995/manifest_ridge_censored_all_sources.json,gentamicin,4,"{""layer"": null, ""penalty"": 1.0}",29,0,7722,1792,231,[]
results/models/65006995/manifest_ridge_censored_amr_evo2_all_sources.json,ceftriaxone,0,"{""layer"": ""blocks.12.mlp.l3"", ""penalty"": 0.1}",85,1,5727,1370,431,"[""STOP: TOTAL NO. OF ITERATIONS REACHED LIMIT""]"
results/models/65006995/manifest_ridge_censored_amr_evo2_all_sources.json,ceftriaxone,1,"{""layer"": ""blocks.12.mlp.l3"", ""penalty"": 0.1}",85,1,5450,1647,435,"[""STOP: TOTAL NO. OF ITERATIONS REACHED LIMIT""]"
results/models/65006995/manifest_ridge_censored_amr_evo2_all_sources.json,ceftriaxone,2,"{""layer"": ""blocks.17.mlp.l3"", ""penalty"": 0.1}",85,1,5740,1357,443,"[""STOP: TOTAL NO. OF ITERATIONS REACHED LIMIT""]"
results/models/65006995/manifest_ridge_censored_amr_evo2_all_sources.json,ceftriaxone,3,"{""layer"": ""blocks.12.mlp.l3"", ""penalty"": 0.1}",85,0,5773,1324,431,[]
results/models/65006995/manifest_ridge_censored_amr_evo2_all_sources.json,ceftriaxone,4,"{""layer"": ""blocks.12.mlp.l3"", ""penalty"": 0.1}",85,0,5698,1399,435,[]
results/models/65006995/manifest_ridge_censored_amr_evo2_all_sources.json,ciprofloxacin,0,"{""layer"": ""blocks.17.mlp.l3"", ""penalty"": 1.0}",85,3,6893,1600,467,"[""STOP: TOTAL NO. OF ITERATIONS REACHED LIMIT""]"
results/models/65006995/manifest_ridge_censored_amr_evo2_all_sources.json,ciprofloxacin,1,"{""layer"": ""blocks.17.mlp.l3"", ""penalty"": 1.0}",85,4,6436,2057,462,"[""STOP: TOTAL NO. OF ITERATIONS REACHED LIMIT""]"
results/models/65006995/manifest_ridge_censored_amr_evo2_all_sources.json,ciprofloxacin,2,"{""layer"": ""blocks.17.mlp.l3"", ""penalty"": 0.1}",85,2,6889,1604,476,"[""STOP: TOTAL NO. OF ITERATIONS REACHED LIMIT""]"
results/models/65006995/manifest_ridge_censored_amr_evo2_all_sources.json,ciprofloxacin,3,"{""layer"": ""blocks.17.mlp.l3"", ""penalty"": 1.0}",85,4,6943,1550,462,"[""STOP: TOTAL NO. OF ITERATIONS REACHED LIMIT""]"
results/models/65006995/manifest_ridge_censored_amr_evo2_all_sources.json,ciprofloxacin,4,"{""layer"": ""blocks.17.mlp.l3"", ""penalty"": 0.1}",85,1,6811,1682,472,"[""STOP: TOTAL NO. OF ITERATIONS REACHED LIMIT""]"
results/models/65006995/manifest_ridge_censored_amr_evo2_all_sources.json,gentamicin,0,"{""layer"": ""blocks.6.mlp.l3"", ""penalty"": 1.0}",85,8,7764,1750,467,"[""STOP: TOTAL NO. OF ITERATIONS REACHED LIMIT""]"
results/models/65006995/manifest_ridge_censored_amr_evo2_all_sources.json,gentamicin,1,"{""layer"": ""blocks.6.mlp.l3"", ""penalty"": 1.0}",85,8,7358,2156,461,"[""STOP: TOTAL NO. OF ITERATIONS REACHED LIMIT""]"
results/models/65006995/manifest_ridge_censored_amr_evo2_all_sources.json,gentamicin,2,"{""layer"": ""blocks.17.mlp.l3"", ""penalty"": 1.0}",85,8,7553,1961,477,"[""STOP: TOTAL NO. OF ITERATIONS REACHED LIMIT""]"
results/models/65006995/manifest_ridge_censored_amr_evo2_all_sources.json,gentamicin,3,"{""layer"": ""blocks.17.mlp.l3"", ""penalty"": 1.0}",85,8,7659,1855,463,"[""STOP: TOTAL NO. OF ITERATIONS REACHED LIMIT""]"
results/models/65006995/manifest_ridge_censored_amr_evo2_all_sources.json,gentamicin,4,"{""layer"": ""blocks.17.mlp.l3"", ""penalty"": 1.0}",85,8,7722,1792,468,"[""STOP: TOTAL NO. OF ITERATIONS REACHED LIMIT""]"
results/models/65006995/manifest_ridge_censored_amr_evo2_human_clinical.json,ceftriaxone,0,"{""layer"": ""blocks.17.mlp.l3"", ""penalty"": 0.1}",85,0,2368,454,342,[]
results/models/65006995/manifest_ridge_censored_amr_evo2_human_clinical.json,ceftriaxone,1,"{""layer"": ""blocks.12.mlp.l3"", ""penalty"": 0.1}",85,0,2017,805,338,[]
results/models/65006995/manifest_ridge_censored_amr_evo2_human_clinical.json,ceftriaxone,2,"{""layer"": ""blocks.17.mlp.l3"", ""penalty"": 0.1}",85,0,2293,529,341,[]
results/models/65006995/manifest_ridge_censored_amr_evo2_human_clinical.json,ceftriaxone,3,"{""layer"": ""blocks.17.mlp.l3"", ""penalty"": 0.1}",85,0,2330,492,342,[]
results/models/65006995/manifest_ridge_censored_amr_evo2_human_clinical.json,ceftriaxone,4,"{""layer"": ""blocks.17.mlp.l3"", ""penalty"": 0.1}",85,0,2280,542,347,[]
results/models/65006995/manifest_ridge_censored_amr_evo2_human_clinical.json,ciprofloxacin,0,"{""layer"": ""blocks.17.mlp.l3"", ""penalty"": 0.1}",85,0,3217,592,368,[]
results/models/65006995/manifest_ridge_censored_amr_evo2_human_clinical.json,ciprofloxacin,1,"{""layer"": ""blocks.12.mlp.l3"", ""penalty"": 1.0}",85,0,2651,1158,360,[]
results/models/65006995/manifest_ridge_censored_amr_evo2_human_clinical.json,ciprofloxacin,2,"{""layer"": ""blocks.17.mlp.l3"", ""penalty"": 0.1}",85,0,3106,703,374,[]
results/models/65006995/manifest_ridge_censored_amr_evo2_human_clinical.json,ciprofloxacin,3,"{""layer"": ""blocks.17.mlp.l3"", ""penalty"": 0.1}",85,0,3176,633,369,[]
results/models/65006995/manifest_ridge_censored_amr_evo2_human_clinical.json,ciprofloxacin,4,"{""layer"": ""blocks.12.mlp.l3"", ""penalty"": 0.1}",85,0,3086,723,376,[]
results/models/65006995/manifest_ridge_censored_amr_evo2_human_clinical.json,gentamicin,0,"{""layer"": ""blocks.12.mlp.l3"", ""penalty"": 1.0}",85,3,2821,527,366,"[""STOP: TOTAL NO. OF ITERATIONS REACHED LIMIT""]"
results/models/65006995/manifest_ridge_censored_amr_evo2_human_clinical.json,gentamicin,1,"{""layer"": ""blocks.12.mlp.l3"", ""penalty"": 0.1}",85,2,2362,986,357,"[""STOP: TOTAL NO. OF ITERATIONS REACHED LIMIT""]"
results/models/65006995/manifest_ridge_censored_amr_evo2_human_clinical.json,gentamicin,2,"{""layer"": ""blocks.17.mlp.l3"", ""penalty"": 1.0}",85,6,2731,617,370,"[""STOP: TOTAL NO. OF ITERATIONS REACHED LIMIT""]"
results/models/65006995/manifest_ridge_censored_amr_evo2_human_clinical.json,gentamicin,3,"{""layer"": ""blocks.17.mlp.l3"", ""penalty"": 1.0}",85,6,2767,581,366,"[""STOP: TOTAL NO. OF ITERATIONS REACHED LIMIT""]"
results/models/65006995/manifest_ridge_censored_amr_evo2_human_clinical.json,gentamicin,4,"{""layer"": ""blocks.17.mlp.l3"", ""penalty"": 1.0}",85,3,2711,637,371,"[""STOP: TOTAL NO. OF ITERATIONS REACHED LIMIT""]"
results/models/65006995/manifest_ridge_censored_evo2_all_sources.json,ceftriaxone,0,"{""layer"": ""blocks.17.mlp.l3"", ""penalty"": 0.1}",85,0,5727,1370,237,[]
results/models/65006995/manifest_ridge_censored_evo2_all_sources.json,ceftriaxone,1,"{""layer"": ""blocks.17.mlp.l3"", ""penalty"": 0.01}",85,0,5450,1647,237,[]
results/models/65006995/manifest_ridge_censored_evo2_all_sources.json,ceftriaxone,2,"{""layer"": ""blocks.17.mlp.l3"", ""penalty"": 0.01}",85,0,5740,1357,237,[]
results/models/65006995/manifest_ridge_censored_evo2_all_sources.json,ceftriaxone,3,"{""layer"": ""blocks.17.mlp.l3"", ""penalty"": 0.01}",85,0,5773,1324,237,[]
results/models/65006995/manifest_ridge_censored_evo2_all_sources.json,ceftriaxone,4,"{""layer"": ""blocks.12.mlp.l3"", ""penalty"": 0.001}",85,0,5698,1399,237,[]
results/models/65006995/manifest_ridge_censored_evo2_all_sources.json,ciprofloxacin,0,"{""layer"": ""blocks.17.mlp.l3"", ""penalty"": 0.01}",85,0,6893,1600,237,[]
results/models/65006995/manifest_ridge_censored_evo2_all_sources.json,ciprofloxacin,1,"{""layer"": ""blocks.12.mlp.l3"", ""penalty"": 0.001}",85,0,6436,2057,237,[]
results/models/65006995/manifest_ridge_censored_evo2_all_sources.json,ciprofloxacin,2,"{""layer"": ""blocks.12.mlp.l3"", ""penalty"": 0.001}",85,0,6889,1604,237,[]
results/models/65006995/manifest_ridge_censored_evo2_all_sources.json,ciprofloxacin,3,"{""layer"": ""blocks.12.mlp.l3"", ""penalty"": 0.001}",85,0,6943,1550,237,[]
results/models/65006995/manifest_ridge_censored_evo2_all_sources.json,ciprofloxacin,4,"{""layer"": ""blocks.12.mlp.l3"", ""penalty"": 0.001}",85,0,6811,1682,237,[]
results/models/65006995/manifest_ridge_censored_evo2_all_sources.json,gentamicin,0,"{""layer"": ""blocks.17.mlp.l3"", ""penalty"": 1.0}",85,0,7764,1750,237,[]
results/models/65006995/manifest_ridge_censored_evo2_all_sources.json,gentamicin,1,"{""layer"": ""blocks.17.mlp.l3"", ""penalty"": 1.0}",85,5,7358,2156,237,"[""STOP: TOTAL NO. OF ITERATIONS REACHED LIMIT""]"
results/models/65006995/manifest_ridge_censored_evo2_all_sources.json,gentamicin,2,"{""layer"": ""blocks.17.mlp.l3"", ""penalty"": 1.0}",85,4,7553,1961,237,"[""STOP: TOTAL NO. OF ITERATIONS REACHED LIMIT""]"
results/models/65006995/manifest_ridge_censored_evo2_all_sources.json,gentamicin,3,"{""layer"": ""blocks.17.mlp.l3"", ""penalty"": 1.0}",85,3,7659,1855,237,"[""STOP: TOTAL NO. OF ITERATIONS REACHED LIMIT""]"
results/models/65006995/manifest_ridge_censored_evo2_all_sources.json,gentamicin,4,"{""layer"": ""blocks.17.mlp.l3"", ""penalty"": 1.0}",85,3,7722,1792,237,"[""STOP: TOTAL NO. OF ITERATIONS REACHED LIMIT""]"
results/models/65006995/manifest_ridge_censored_evo2_human_clinical.json,ceftriaxone,0,"{""layer"": ""blocks.12.mlp.l3"", ""penalty"": 0.001}",85,0,2368,454,237,[]
results/models/65006995/manifest_ridge_censored_evo2_human_clinical.json,ceftriaxone,1,"{""layer"": ""blocks.12.mlp.l3"", ""penalty"": 0.001}",85,0,2017,805,237,[]
results/models/65006995/manifest_ridge_censored_evo2_human_clinical.json,ceftriaxone,2,"{""layer"": ""blocks.17.mlp.l3"", ""penalty"": 0.01}",85,0,2293,529,237,[]
results/models/65006995/manifest_ridge_censored_evo2_human_clinical.json,ceftriaxone,3,"{""layer"": ""blocks.17.mlp.l3"", ""penalty"": 0.01}",85,0,2330,492,237,[]
results/models/65006995/manifest_ridge_censored_evo2_human_clinical.json,ceftriaxone,4,"{""layer"": ""blocks.17.mlp.l3"", ""penalty"": 0.01}",85,0,2280,542,237,[]
results/models/65006995/manifest_ridge_censored_evo2_human_clinical.json,ciprofloxacin,0,"{""layer"": ""blocks.17.mlp.l3"", ""penalty"": 0.01}",85,0,3217,592,237,[]
results/models/65006995/manifest_ridge_censored_evo2_human_clinical.json,ciprofloxacin,1,"{""layer"": ""blocks.17.mlp.l3"", ""penalty"": 0.01}",85,0,2651,1158,237,[]
results/models/65006995/manifest_ridge_censored_evo2_human_clinical.json,ciprofloxacin,2,"{""layer"": ""blocks.17.mlp.l3"", ""penalty"": 0.01}",85,0,3106,703,237,[]
results/models/65006995/manifest_ridge_censored_evo2_human_clinical.json,ciprofloxacin,3,"{""layer"": ""blocks.17.mlp.l3"", ""penalty"": 0.01}",85,0,3176,633,237,[]
results/models/65006995/manifest_ridge_censored_evo2_human_clinical.json,ciprofloxacin,4,"{""layer"": ""blocks.17.mlp.l3"", ""penalty"": 0.1}",85,0,3086,723,237,[]
results/models/65006995/manifest_ridge_censored_evo2_human_clinical.json,gentamicin,0,"{""layer"": ""blocks.12.mlp.l3"", ""penalty"": 0.001}",85,0,2821,527,237,[]
results/models/65006995/manifest_ridge_censored_evo2_human_clinical.json,gentamicin,1,"{""layer"": ""blocks.12.mlp.l3"", ""penalty"": 0.001}",85,0,2362,986,237,[]
results/models/65006995/manifest_ridge_censored_evo2_human_clinical.json,gentamicin,2,"{""layer"": ""blocks.17.mlp.l3"", ""penalty"": 0.1}",85,0,2731,617,237,[]
results/models/65006995/manifest_ridge_censored_evo2_human_clinical.json,gentamicin,3,"{""layer"": ""blocks.17.mlp.l3"", ""penalty"": 0.1}",85,0,2767,581,237,[]
results/models/65006995/manifest_ridge_censored_evo2_human_clinical.json,gentamicin,4,"{""layer"": ""blocks.17.mlp.l3"", ""penalty"": 0.1}",85,0,2711,637,237,[]
results/models/65006995/manifest_ridge_censored_human_clinical.json,ceftriaxone,0,"{""layer"": null, ""penalty"": 0.01}",29,0,2368,454,105,[]
results/models/65006995/manifest_ridge_censored_human_clinical.json,ceftriaxone,1,"{""layer"": null, ""penalty"": 0.1}",29,0,2017,805,101,[]
results/models/65006995/manifest_ridge_censored_human_clinical.json,ceftriaxone,2,"{""layer"": null, ""penalty"": 0.01}",29,0,2293,529,104,[]
results/models/65006995/manifest_ridge_censored_human_clinical.json,ceftriaxone,3,"{""layer"": null, ""penalty"": 0.1}",29,0,2330,492,105,[]
results/models/65006995/manifest_ridge_censored_human_clinical.json,ceftriaxone,4,"{""layer"": null, ""penalty"": 0.001}",29,0,2280,542,110,[]
results/models/65006995/manifest_ridge_censored_human_clinical.json,ciprofloxacin,0,"{""layer"": null, ""penalty"": 0.1}",29,0,3217,592,131,[]
results/models/65006995/manifest_ridge_censored_human_clinical.json,ciprofloxacin,1,"{""layer"": null, ""penalty"": 1.0}",29,0,2651,1158,123,[]
results/models/65006995/manifest_ridge_censored_human_clinical.json,ciprofloxacin,2,"{""layer"": null, ""penalty"": 1.0}",29,0,3106,703,137,[]
results/models/65006995/manifest_ridge_censored_human_clinical.json,ciprofloxacin,3,"{""layer"": null, ""penalty"": 0.1}",29,0,3176,633,132,[]
results/models/65006995/manifest_ridge_censored_human_clinical.json,ciprofloxacin,4,"{""layer"": null, ""penalty"": 1.0}",29,0,3086,723,139,[]
results/models/65006995/manifest_ridge_censored_human_clinical.json,gentamicin,0,"{""layer"": null, ""penalty"": 1.0}",29,0,2821,527,129,[]
results/models/65006995/manifest_ridge_censored_human_clinical.json,gentamicin,1,"{""layer"": null, ""penalty"": 0.1}",29,0,2362,986,120,[]
results/models/65006995/manifest_ridge_censored_human_clinical.json,gentamicin,2,"{""layer"": null, ""penalty"": 0.1}",29,0,2731,617,133,[]
results/models/65006995/manifest_ridge_censored_human_clinical.json,gentamicin,3,"{""layer"": null, ""penalty"": 0.1}",29,0,2767,581,129,[]
results/models/65006995/manifest_ridge_censored_human_clinical.json,gentamicin,4,"{""layer"": null, ""penalty"": 1.0}",29,0,2711,637,134,[]
results/models/65006996/manifest_ridge_censored_amr_evo2_acquired_human_clinical.json,ceftriaxone,0,"{""layer"": ""blocks.6.mlp.l3"", ""penalty"": 0.01}",85,0,2368,454,138,[]
results/models/65006996/manifest_ridge_censored_amr_evo2_acquired_human_clinical.json,ceftriaxone,1,"{""layer"": ""blocks.12.mlp.l3"", ""penalty"": 0.1}",85,0,2017,805,134,[]
results/models/65006996/manifest_ridge_censored_amr_evo2_acquired_human_clinical.json,ceftriaxone,2,"{""layer"": ""blocks.17.mlp.l3"", ""penalty"": 0.1}",85,0,2293,529,137,[]
results/models/65006996/manifest_ridge_censored_amr_evo2_acquired_human_clinical.json,ceftriaxone,3,"{""layer"": ""blocks.17.mlp.l3"", ""penalty"": 0.1}",85,0,2330,492,138,[]
results/models/65006996/manifest_ridge_censored_amr_evo2_acquired_human_clinical.json,ceftriaxone,4,"{""layer"": ""blocks.17.mlp.l3"", ""penalty"": 0.01}",85,0,2280,542,143,[]
results/models/65006996/manifest_ridge_censored_amr_evo2_acquired_human_clinical.json,ciprofloxacin,0,"{""layer"": ""blocks.17.mlp.l3"", ""penalty"": 0.01}",85,0,3217,592,164,[]
results/models/65006996/manifest_ridge_censored_amr_evo2_acquired_human_clinical.json,ciprofloxacin,1,"{""layer"": ""blocks.12.mlp.l3"", ""penalty"": 0.1}",85,0,2651,1158,156,[]
results/models/65006996/manifest_ridge_censored_amr_evo2_acquired_human_clinical.json,ciprofloxacin,2,"{""layer"": ""blocks.17.mlp.l3"", ""penalty"": 0.1}",85,0,3106,703,170,[]
results/models/65006996/manifest_ridge_censored_amr_evo2_acquired_human_clinical.json,ciprofloxacin,3,"{""layer"": ""blocks.6.mlp.l3"", ""penalty"": 0.1}",85,0,3176,633,165,[]
results/models/65006996/manifest_ridge_censored_amr_evo2_acquired_human_clinical.json,ciprofloxacin,4,"{""layer"": ""blocks.17.mlp.l3"", ""penalty"": 0.1}",85,0,3086,723,172,[]
results/models/65006996/manifest_ridge_censored_amr_evo2_acquired_human_clinical.json,gentamicin,0,"{""layer"": ""blocks.12.mlp.l3"", ""penalty"": 1.0}",85,0,2821,527,162,[]
results/models/65006996/manifest_ridge_censored_amr_evo2_acquired_human_clinical.json,gentamicin,1,"{""layer"": ""blocks.12.mlp.l3"", ""penalty"": 0.1}",85,0,2362,986,153,[]
results/models/65006996/manifest_ridge_censored_amr_evo2_acquired_human_clinical.json,gentamicin,2,"{""layer"": ""blocks.17.mlp.l3"", ""penalty"": 0.1}",85,0,2731,617,166,[]
results/models/65006996/manifest_ridge_censored_amr_evo2_acquired_human_clinical.json,gentamicin,3,"{""layer"": ""blocks.17.mlp.l3"", ""penalty"": 0.1}",85,0,2767,581,162,[]
results/models/65006996/manifest_ridge_censored_amr_evo2_acquired_human_clinical.json,gentamicin,4,"{""layer"": ""blocks.17.mlp.l3"", ""penalty"": 1.0}",85,0,2711,637,167,[]
results/models/65006996/manifest_ridge_censored_amr_evo2_panel_human_clinical.json,ceftriaxone,0,"{""layer"": ""blocks.6.mlp.l3"", ""penalty"": 0.001}",85,0,2368,454,309,[]
results/models/65006996/manifest_ridge_censored_amr_evo2_panel_human_clinical.json,ceftriaxone,1,"{""layer"": ""blocks.17.mlp.l3"", ""penalty"": 0.1}",85,0,2017,805,305,[]
results/models/65006996/manifest_ridge_censored_amr_evo2_panel_human_clinical.json,ceftriaxone,2,"{""layer"": ""blocks.6.mlp.l3"", ""penalty"": 0.1}",85,0,2293,529,308,[]
results/models/65006996/manifest_ridge_censored_amr_evo2_panel_human_clinical.json,ceftriaxone,3,"{""layer"": ""blocks.17.mlp.l3"", ""penalty"": 0.1}",85,0,2330,492,309,[]
results/models/65006996/manifest_ridge_censored_amr_evo2_panel_human_clinical.json,ceftriaxone,4,"{""layer"": ""blocks.6.mlp.l3"", ""penalty"": 0.001}",85,0,2280,542,314,[]
results/models/65006996/manifest_ridge_censored_amr_evo2_panel_human_clinical.json,ciprofloxacin,0,"{""layer"": ""blocks.17.mlp.l3"", ""penalty"": 0.1}",85,0,3217,592,335,[]
results/models/65006996/manifest_ridge_censored_amr_evo2_panel_human_clinical.json,ciprofloxacin,1,"{""layer"": ""blocks.12.mlp.l3"", ""penalty"": 1.0}",85,0,2651,1158,327,[]
results/models/65006996/manifest_ridge_censored_amr_evo2_panel_human_clinical.json,ciprofloxacin,2,"{""layer"": ""blocks.17.mlp.l3"", ""penalty"": 0.1}",85,0,3106,703,341,[]
results/models/65006996/manifest_ridge_censored_amr_evo2_panel_human_clinical.json,ciprofloxacin,3,"{""layer"": ""blocks.6.mlp.l3"", ""penalty"": 0.1}",85,0,3176,633,336,[]
results/models/65006996/manifest_ridge_censored_amr_evo2_panel_human_clinical.json,ciprofloxacin,4,"{""layer"": ""blocks.6.mlp.l3"", ""penalty"": 1.0}",85,0,3086,723,343,[]
results/models/65006996/manifest_ridge_censored_amr_evo2_panel_human_clinical.json,gentamicin,0,"{""layer"": ""blocks.6.mlp.l3"", ""penalty"": 1.0}",85,0,2821,527,333,[]
results/models/65006996/manifest_ridge_censored_amr_evo2_panel_human_clinical.json,gentamicin,1,"{""layer"": ""blocks.12.mlp.l3"", ""penalty"": 0.1}",85,0,2362,986,324,[]
results/models/65006996/manifest_ridge_censored_amr_evo2_panel_human_clinical.json,gentamicin,2,"{""layer"": ""blocks.17.mlp.l3"", ""penalty"": 0.1}",85,0,2731,617,337,[]
results/models/65006996/manifest_ridge_censored_amr_evo2_panel_human_clinical.json,gentamicin,3,"{""layer"": ""blocks.17.mlp.l3"", ""penalty"": 1.0}",85,0,2767,581,333,[]
results/models/65006996/manifest_ridge_censored_amr_evo2_panel_human_clinical.json,gentamicin,4,"{""layer"": ""blocks.6.mlp.l3"", ""penalty"": 1.0}",85,0,2711,637,338,[]
results/models/65006996/manifest_ridge_censored_human_clinical.json,ceftriaxone,0,"{""layer"": null, ""penalty"": 0.01}",29,0,2368,454,105,[]
results/models/65006996/manifest_ridge_censored_human_clinical.json,ceftriaxone,1,"{""layer"": null, ""penalty"": 0.1}",29,0,2017,805,101,[]
results/models/65006996/manifest_ridge_censored_human_clinical.json,ceftriaxone,2,"{""layer"": null, ""penalty"": 0.01}",29,0,2293,529,104,[]
results/models/65006996/manifest_ridge_censored_human_clinical.json,ceftriaxone,3,"{""layer"": null, ""penalty"": 0.1}",29,0,2330,492,105,[]
results/models/65006996/manifest_ridge_censored_human_clinical.json,ceftriaxone,4,"{""layer"": null, ""penalty"": 0.001}",29,0,2280,542,110,[]
results/models/65006996/manifest_ridge_censored_human_clinical.json,ciprofloxacin,0,"{""layer"": null, ""penalty"": 0.1}",29,0,3217,592,131,[]
results/models/65006996/manifest_ridge_censored_human_clinical.json,ciprofloxacin,1,"{""layer"": null, ""penalty"": 1.0}",29,0,2651,1158,123,[]
results/models/65006996/manifest_ridge_censored_human_clinical.json,ciprofloxacin,2,"{""layer"": null, ""penalty"": 1.0}",29,0,3106,703,137,[]
results/models/65006996/manifest_ridge_censored_human_clinical.json,ciprofloxacin,3,"{""layer"": null, ""penalty"": 0.1}",29,0,3176,633,132,[]
results/models/65006996/manifest_ridge_censored_human_clinical.json,ciprofloxacin,4,"{""layer"": null, ""penalty"": 1.0}",29,0,3086,723,139,[]
results/models/65006996/manifest_ridge_censored_human_clinical.json,gentamicin,0,"{""layer"": null, ""penalty"": 1.0}",29,0,2821,527,129,[]
results/models/65006996/manifest_ridge_censored_human_clinical.json,gentamicin,1,"{""layer"": null, ""penalty"": 0.1}",29,0,2362,986,120,[]
results/models/65006996/manifest_ridge_censored_human_clinical.json,gentamicin,2,"{""layer"": null, ""penalty"": 0.1}",29,0,2731,617,133,[]
results/models/65006996/manifest_ridge_censored_human_clinical.json,gentamicin,3,"{""layer"": null, ""penalty"": 0.1}",29,0,2767,581,129,[]
results/models/65006996/manifest_ridge_censored_human_clinical.json,gentamicin,4,"{""layer"": null, ""penalty"": 1.0}",29,0,2711,637,134,[]
results/models/65006996/manifest_xgboost_aft_amr_evo2_acquired_human_clinical.json,ceftriaxone,0,"{""aft_scale"": 1.0, ""layer"": ""blocks.12.mlp.l3"", ""max_depth"": 3, ""n_trees"": 300}",,,2368,454,138,[]
results/models/65006996/manifest_xgboost_aft_amr_evo2_acquired_human_clinical.json,ceftriaxone,1,"{""aft_scale"": 1.0, ""layer"": ""blocks.12.mlp.l3"", ""max_depth"": 2, ""n_trees"": 300}",,,2017,805,134,[]
results/models/65006996/manifest_xgboost_aft_amr_evo2_acquired_human_clinical.json,ceftriaxone,2,"{""aft_scale"": 1.0, ""layer"": ""blocks.12.mlp.l3"", ""max_depth"": 4, ""n_trees"": 100}",,,2293,529,137,[]
results/models/65006996/manifest_xgboost_aft_amr_evo2_acquired_human_clinical.json,ceftriaxone,3,"{""aft_scale"": 1.0, ""layer"": ""blocks.17.mlp.l3"", ""max_depth"": 3, ""n_trees"": 300}",,,2330,492,138,[]
results/models/65006996/manifest_xgboost_aft_amr_evo2_acquired_human_clinical.json,ceftriaxone,4,"{""aft_scale"": 1.0, ""layer"": ""blocks.17.mlp.l3"", ""max_depth"": 4, ""n_trees"": 300}",,,2280,542,143,[]
results/models/65006996/manifest_xgboost_aft_amr_evo2_acquired_human_clinical.json,ciprofloxacin,0,"{""aft_scale"": 1.0, ""layer"": ""blocks.12.mlp.l3"", ""max_depth"": 2, ""n_trees"": 300}",,,3217,592,164,[]
results/models/65006996/manifest_xgboost_aft_amr_evo2_acquired_human_clinical.json,ciprofloxacin,1,"{""aft_scale"": 1.0, ""layer"": ""blocks.12.mlp.l3"", ""max_depth"": 3, ""n_trees"": 300}",,,2651,1158,156,[]
results/models/65006996/manifest_xgboost_aft_amr_evo2_acquired_human_clinical.json,ciprofloxacin,2,"{""aft_scale"": 1.0, ""layer"": ""blocks.12.mlp.l3"", ""max_depth"": 2, ""n_trees"": 300}",,,3106,703,170,[]
results/models/65006996/manifest_xgboost_aft_amr_evo2_acquired_human_clinical.json,ciprofloxacin,3,"{""aft_scale"": 1.0, ""layer"": ""blocks.17.mlp.l3"", ""max_depth"": 2, ""n_trees"": 300}",,,3176,633,165,[]
results/models/65006996/manifest_xgboost_aft_amr_evo2_acquired_human_clinical.json,ciprofloxacin,4,"{""aft_scale"": 1.0, ""layer"": ""blocks.12.mlp.l3"", ""max_depth"": 2, ""n_trees"": 300}",,,3086,723,172,[]
results/models/65006996/manifest_xgboost_aft_amr_evo2_acquired_human_clinical.json,gentamicin,0,"{""aft_scale"": 1.0, ""layer"": ""blocks.17.mlp.l3"", ""max_depth"": 3, ""n_trees"": 300}",,,2821,527,162,[]
results/models/65006996/manifest_xgboost_aft_amr_evo2_acquired_human_clinical.json,gentamicin,1,"{""aft_scale"": 1.0, ""layer"": ""blocks.17.mlp.l3"", ""max_depth"": 4, ""n_trees"": 300}",,,2362,986,153,[]
results/models/65006996/manifest_xgboost_aft_amr_evo2_acquired_human_clinical.json,gentamicin,2,"{""aft_scale"": 1.0, ""layer"": ""blocks.17.mlp.l3"", ""max_depth"": 2, ""n_trees"": 300}",,,2731,617,166,[]
results/models/65006996/manifest_xgboost_aft_amr_evo2_acquired_human_clinical.json,gentamicin,3,"{""aft_scale"": 1.0, ""layer"": ""blocks.12.mlp.l3"", ""max_depth"": 2, ""n_trees"": 300}",,,2767,581,162,[]
results/models/65006996/manifest_xgboost_aft_amr_evo2_acquired_human_clinical.json,gentamicin,4,"{""aft_scale"": 1.0, ""layer"": ""blocks.17.mlp.l3"", ""max_depth"": 4, ""n_trees"": 100}",,,2711,637,167,[]
results/models/65006996/manifest_xgboost_aft_amr_evo2_panel_human_clinical.json,ceftriaxone,0,"{""aft_scale"": 1.0, ""layer"": ""blocks.17.mlp.l3"", ""max_depth"": 4, ""n_trees"": 100}",,,2368,454,309,[]
results/models/65006996/manifest_xgboost_aft_amr_evo2_panel_human_clinical.json,ceftriaxone,1,"{""aft_scale"": 1.0, ""layer"": ""blocks.12.mlp.l3"", ""max_depth"": 2, ""n_trees"": 300}",,,2017,805,305,[]
results/models/65006996/manifest_xgboost_aft_amr_evo2_panel_human_clinical.json,ceftriaxone,2,"{""aft_scale"": 1.0, ""layer"": ""blocks.6.mlp.l3"", ""max_depth"": 3, ""n_trees"": 100}",,,2293,529,308,[]
results/models/65006996/manifest_xgboost_aft_amr_evo2_panel_human_clinical.json,ceftriaxone,3,"{""aft_scale"": 1.0, ""layer"": ""blocks.17.mlp.l3"", ""max_depth"": 4, ""n_trees"": 100}",,,2330,492,309,[]
results/models/65006996/manifest_xgboost_aft_amr_evo2_panel_human_clinical.json,ceftriaxone,4,"{""aft_scale"": 1.0, ""layer"": ""blocks.6.mlp.l3"", ""max_depth"": 2, ""n_trees"": 300}",,,2280,542,314,[]
results/models/65006996/manifest_xgboost_aft_amr_evo2_panel_human_clinical.json,ciprofloxacin,0,"{""aft_scale"": 1.0, ""layer"": ""blocks.6.mlp.l3"", ""max_depth"": 4, ""n_trees"": 300}",,,3217,592,335,[]
results/models/65006996/manifest_xgboost_aft_amr_evo2_panel_human_clinical.json,ciprofloxacin,1,"{""aft_scale"": 1.0, ""layer"": ""blocks.6.mlp.l3"", ""max_depth"": 2, ""n_trees"": 300}",,,2651,1158,327,[]
results/models/65006996/manifest_xgboost_aft_amr_evo2_panel_human_clinical.json,ciprofloxacin,2,"{""aft_scale"": 1.0, ""layer"": ""blocks.6.mlp.l3"", ""max_depth"": 4, ""n_trees"": 300}",,,3106,703,341,[]
results/models/65006996/manifest_xgboost_aft_amr_evo2_panel_human_clinical.json,ciprofloxacin,3,"{""aft_scale"": 1.0, ""layer"": ""blocks.12.mlp.l3"", ""max_depth"": 4, ""n_trees"": 100}",,,3176,633,336,[]
results/models/65006996/manifest_xgboost_aft_amr_evo2_panel_human_clinical.json,ciprofloxacin,4,"{""aft_scale"": 1.0, ""layer"": ""blocks.6.mlp.l3"", ""max_depth"": 2, ""n_trees"": 300}",,,3086,723,343,[]
results/models/65006996/manifest_xgboost_aft_amr_evo2_panel_human_clinical.json,gentamicin,0,"{""aft_scale"": 1.0, ""layer"": ""blocks.12.mlp.l3"", ""max_depth"": 2, ""n_trees"": 300}",,,2821,527,333,[]
results/models/65006996/manifest_xgboost_aft_amr_evo2_panel_human_clinical.json,gentamicin,1,"{""aft_scale"": 1.0, ""layer"": ""blocks.12.mlp.l3"", ""max_depth"": 2, ""n_trees"": 300}",,,2362,986,324,[]
results/models/65006996/manifest_xgboost_aft_amr_evo2_panel_human_clinical.json,gentamicin,2,"{""aft_scale"": 1.0, ""layer"": ""blocks.17.mlp.l3"", ""max_depth"": 2, ""n_trees"": 300}",,,2731,617,337,[]
results/models/65006996/manifest_xgboost_aft_amr_evo2_panel_human_clinical.json,gentamicin,3,"{""aft_scale"": 1.0, ""layer"": ""blocks.17.mlp.l3"", ""max_depth"": 2, ""n_trees"": 300}",,,2767,581,333,[]
results/models/65006996/manifest_xgboost_aft_amr_evo2_panel_human_clinical.json,gentamicin,4,"{""aft_scale"": 1.0, ""layer"": ""blocks.6.mlp.l3"", ""max_depth"": 3, ""n_trees"": 300}",,,2711,637,338,[]
results/models/65006996/manifest_xgboost_aft_human_clinical.json,ceftriaxone,0,"{""aft_scale"": 1.0, ""layer"": null, ""max_depth"": 4, ""n_trees"": 100}",,,2368,454,105,[]
results/models/65006996/manifest_xgboost_aft_human_clinical.json,ceftriaxone,1,"{""aft_scale"": 1.0, ""layer"": null, ""max_depth"": 2, ""n_trees"": 300}",,,2017,805,101,[]
results/models/65006996/manifest_xgboost_aft_human_clinical.json,ceftriaxone,2,"{""aft_scale"": 1.0, ""layer"": null, ""max_depth"": 2, ""n_trees"": 300}",,,2293,529,104,[]
results/models/65006996/manifest_xgboost_aft_human_clinical.json,ceftriaxone,3,"{""aft_scale"": 1.0, ""layer"": null, ""max_depth"": 4, ""n_trees"": 100}",,,2330,492,105,[]
results/models/65006996/manifest_xgboost_aft_human_clinical.json,ceftriaxone,4,"{""aft_scale"": 1.0, ""layer"": null, ""max_depth"": 3, ""n_trees"": 100}",,,2280,542,110,[]
results/models/65006996/manifest_xgboost_aft_human_clinical.json,ciprofloxacin,0,"{""aft_scale"": 1.0, ""layer"": null, ""max_depth"": 2, ""n_trees"": 300}",,,3217,592,131,[]
results/models/65006996/manifest_xgboost_aft_human_clinical.json,ciprofloxacin,1,"{""aft_scale"": 1.0, ""layer"": null, ""max_depth"": 4, ""n_trees"": 300}",,,2651,1158,123,[]
results/models/65006996/manifest_xgboost_aft_human_clinical.json,ciprofloxacin,2,"{""aft_scale"": 1.0, ""layer"": null, ""max_depth"": 2, ""n_trees"": 300}",,,3106,703,137,[]
results/models/65006996/manifest_xgboost_aft_human_clinical.json,ciprofloxacin,3,"{""aft_scale"": 1.0, ""layer"": null, ""max_depth"": 2, ""n_trees"": 300}",,,3176,633,132,[]
results/models/65006996/manifest_xgboost_aft_human_clinical.json,ciprofloxacin,4,"{""aft_scale"": 1.0, ""layer"": null, ""max_depth"": 2, ""n_trees"": 300}",,,3086,723,139,[]
results/models/65006996/manifest_xgboost_aft_human_clinical.json,gentamicin,0,"{""aft_scale"": 1.0, ""layer"": null, ""max_depth"": 3, ""n_trees"": 300}",,,2821,527,129,[]
results/models/65006996/manifest_xgboost_aft_human_clinical.json,gentamicin,1,"{""aft_scale"": 1.0, ""layer"": null, ""max_depth"": 3, ""n_trees"": 100}",,,2362,986,120,[]
results/models/65006996/manifest_xgboost_aft_human_clinical.json,gentamicin,2,"{""aft_scale"": 1.0, ""layer"": null, ""max_depth"": 2, ""n_trees"": 300}",,,2731,617,133,[]
results/models/65006996/manifest_xgboost_aft_human_clinical.json,gentamicin,3,"{""aft_scale"": 1.0, ""layer"": null, ""max_depth"": 4, ""n_trees"": 300}",,,2767,581,129,[]
results/models/65006996/manifest_xgboost_aft_human_clinical.json,gentamicin,4,"{""aft_scale"": 1.0, ""layer"": null, ""max_depth"": 2, ""n_trees"": 300}",,,2711,637,134,[]
results/posthoc/family/65022960/dev_manifest_ridge_censored_family_human_clinical.json,ceftriaxone,0,"{""layer"": null, ""penalty"": 0.01}",29,0,2368,454,186,[]
results/posthoc/family/65022960/dev_manifest_ridge_censored_family_human_clinical.json,ceftriaxone,1,"{""layer"": null, ""penalty"": 0.1}",29,0,2017,805,183,[]
results/posthoc/family/65022960/dev_manifest_ridge_censored_family_human_clinical.json,ceftriaxone,2,"{""layer"": null, ""penalty"": 1.0}",29,0,2293,529,187,[]
results/posthoc/family/65022960/dev_manifest_ridge_censored_family_human_clinical.json,ceftriaxone,3,"{""layer"": null, ""penalty"": 0.1}",29,0,2330,492,188,[]
results/posthoc/family/65022960/dev_manifest_ridge_censored_family_human_clinical.json,ceftriaxone,4,"{""layer"": null, ""penalty"": 0.01}",29,0,2280,542,192,[]
results/posthoc/family/65022960/dev_manifest_ridge_censored_family_human_clinical.json,ciprofloxacin,0,"{""layer"": null, ""penalty"": 0.1}",29,0,3217,592,215,[]
results/posthoc/family/65022960/dev_manifest_ridge_censored_family_human_clinical.json,ciprofloxacin,1,"{""layer"": null, ""penalty"": 1.0}",29,0,2651,1158,208,[]
results/posthoc/family/65022960/dev_manifest_ridge_censored_family_human_clinical.json,ciprofloxacin,2,"{""layer"": null, ""penalty"": 0.1}",29,0,3106,703,224,[]
results/posthoc/family/65022960/dev_manifest_ridge_censored_family_human_clinical.json,ciprofloxacin,3,"{""layer"": null, ""penalty"": 1.0}",29,0,3176,633,217,[]
results/posthoc/family/65022960/dev_manifest_ridge_censored_family_human_clinical.json,ciprofloxacin,4,"{""layer"": null, ""penalty"": 0.1}",29,0,3086,723,225,[]
results/posthoc/family/65022960/dev_manifest_ridge_censored_family_human_clinical.json,gentamicin,0,"{""layer"": null, ""penalty"": 1.0}",29,0,2821,527,216,[]
results/posthoc/family/65022960/dev_manifest_ridge_censored_family_human_clinical.json,gentamicin,1,"{""layer"": null, ""penalty"": 0.1}",29,0,2362,986,210,[]
results/posthoc/family/65022960/dev_manifest_ridge_censored_family_human_clinical.json,gentamicin,2,"{""layer"": null, ""penalty"": 1.0}",29,0,2731,617,223,[]
results/posthoc/family/65022960/dev_manifest_ridge_censored_family_human_clinical.json,gentamicin,3,"{""layer"": null, ""penalty"": 0.1}",29,0,2767,581,218,[]
results/posthoc/family/65022960/dev_manifest_ridge_censored_family_human_clinical.json,gentamicin,4,"{""layer"": null, ""penalty"": 1.0}",29,0,2711,637,223,[]
results/posthoc/family/65022960/dev_manifest_xgboost_aft_family_human_clinical.json,ceftriaxone,0,"{""aft_scale"": 1.0, ""layer"": null, ""max_depth"": 3, ""n_trees"": 100}",,,2368,454,186,[]
results/posthoc/family/65022960/dev_manifest_xgboost_aft_family_human_clinical.json,ceftriaxone,1,"{""aft_scale"": 1.0, ""layer"": null, ""max_depth"": 2, ""n_trees"": 100}",,,2017,805,183,[]
results/posthoc/family/65022960/dev_manifest_xgboost_aft_family_human_clinical.json,ceftriaxone,2,"{""aft_scale"": 1.0, ""layer"": null, ""max_depth"": 2, ""n_trees"": 100}",,,2293,529,187,[]
results/posthoc/family/65022960/dev_manifest_xgboost_aft_family_human_clinical.json,ceftriaxone,3,"{""aft_scale"": 1.0, ""layer"": null, ""max_depth"": 3, ""n_trees"": 100}",,,2330,492,188,[]
results/posthoc/family/65022960/dev_manifest_xgboost_aft_family_human_clinical.json,ceftriaxone,4,"{""aft_scale"": 1.0, ""layer"": null, ""max_depth"": 3, ""n_trees"": 100}",,,2280,542,192,[]
results/posthoc/family/65022960/dev_manifest_xgboost_aft_family_human_clinical.json,ciprofloxacin,0,"{""aft_scale"": 1.0, ""layer"": null, ""max_depth"": 2, ""n_trees"": 300}",,,3217,592,215,[]
results/posthoc/family/65022960/dev_manifest_xgboost_aft_family_human_clinical.json,ciprofloxacin,1,"{""aft_scale"": 1.0, ""layer"": null, ""max_depth"": 3, ""n_trees"": 300}",,,2651,1158,208,[]
results/posthoc/family/65022960/dev_manifest_xgboost_aft_family_human_clinical.json,ciprofloxacin,2,"{""aft_scale"": 1.0, ""layer"": null, ""max_depth"": 3, ""n_trees"": 300}",,,3106,703,224,[]
results/posthoc/family/65022960/dev_manifest_xgboost_aft_family_human_clinical.json,ciprofloxacin,3,"{""aft_scale"": 1.0, ""layer"": null, ""max_depth"": 2, ""n_trees"": 300}",,,3176,633,217,[]
results/posthoc/family/65022960/dev_manifest_xgboost_aft_family_human_clinical.json,ciprofloxacin,4,"{""aft_scale"": 1.0, ""layer"": null, ""max_depth"": 2, ""n_trees"": 100}",,,3086,723,225,[]
results/posthoc/family/65022960/dev_manifest_xgboost_aft_family_human_clinical.json,gentamicin,0,"{""aft_scale"": 1.0, ""layer"": null, ""max_depth"": 2, ""n_trees"": 100}",,,2821,527,216,[]
results/posthoc/family/65022960/dev_manifest_xgboost_aft_family_human_clinical.json,gentamicin,1,"{""aft_scale"": 1.0, ""layer"": null, ""max_depth"": 4, ""n_trees"": 300}",,,2362,986,210,[]
results/posthoc/family/65022960/dev_manifest_xgboost_aft_family_human_clinical.json,gentamicin,2,"{""aft_scale"": 1.0, ""layer"": null, ""max_depth"": 4, ""n_trees"": 300}",,,2731,617,223,[]
results/posthoc/family/65022960/dev_manifest_xgboost_aft_family_human_clinical.json,gentamicin,3,"{""aft_scale"": 1.0, ""layer"": null, ""max_depth"": 3, ""n_trees"": 300}",,,2767,581,218,[]
results/posthoc/family/65022960/dev_manifest_xgboost_aft_family_human_clinical.json,gentamicin,4,"{""aft_scale"": 1.0, ""layer"": null, ""max_depth"": 2, ""n_trees"": 300}",,,2711,637,223,[]
results/posthoc/family/65022960/manifest_ridge_censored_family_human_clinical.json,ceftriaxone,full_development,"{""layer"": null, ""penalty"": 0.1}",36,0,2822,1505,201,[]
results/posthoc/family/65022960/manifest_ridge_censored_family_human_clinical.json,ciprofloxacin,full_development,"{""layer"": null, ""penalty"": 1.0}",36,0,3809,1505,236,[]
results/posthoc/family/65022960/manifest_ridge_censored_family_human_clinical.json,gentamicin,full_development,"{""layer"": null, ""penalty"": 0.1}",36,0,3348,1505,234,[]
results/posthoc/family/65022960/manifest_xgboost_aft_family_human_clinical.json,ceftriaxone,full_development,"{""aft_scale"": 1.0, ""layer"": null, ""max_depth"": 3, ""n_trees"": 100}",,,2822,1505,201,[]
results/posthoc/family/65022960/manifest_xgboost_aft_family_human_clinical.json,ciprofloxacin,full_development,"{""aft_scale"": 1.0, ""layer"": null, ""max_depth"": 2, ""n_trees"": 300}",,,3809,1505,236,[]
results/posthoc/family/65022960/manifest_xgboost_aft_family_human_clinical.json,gentamicin,full_development,"{""aft_scale"": 1.0, ""layer"": null, ""max_depth"": 3, ""n_trees"": 300}",,,3348,1505,234,[]
