evaluation,drug,model,baseline,source_excluded,share_excluded,n,ea_model,ea_baseline,difference,lineage_groups,ci_low,ci_high,skipped
results/comparisons/65016028/ridge_amr_all_sources.json,ceftriaxone,ridge_amr_all_sources,constant,PRJNA292663,0.3712836409750599,4462,0.8948901837740924,0.6494845360824743,0.2454056476916181,288,0.14350937439944966,0.3283393420430223,
results/comparisons/65016028/ridge_amr_all_sources.json,ceftriaxone,ridge_amr_all_sources,constant,PRJNA809394,0.29209525151472454,5024,0.9012738853503185,0.6996417197452229,0.20163216560509553,347,0.12309954241102326,0.290611103634794,
results/comparisons/65016028/ridge_amr_all_sources.json,ceftriaxone,ridge_amr_all_sources,constant,PRJNA966974,0.1513315485416373,6023,0.9393989706126515,0.7934584094305164,0.14594056118213514,381,0.07331364329268293,0.22353564139784063,
results/comparisons/65016028/ridge_amr_all_sources.json,ciprofloxacin,ridge_amr_all_sources,constant,PRJNA292663,0.31025550453314493,5858,0.898770911573916,0.6452714236940935,0.25349948787982246,329,0.09732447556138465,0.4115798774786754,
results/comparisons/65016028/ridge_amr_all_sources.json,ciprofloxacin,ridge_amr_all_sources,constant,PRJNA809394,0.24408336276933945,6420,0.9115264797507788,0.7406542056074766,0.1708722741433022,384,0.060379548981663055,0.30474076435360575,
results/comparisons/65016028/ridge_amr_all_sources.json,ciprofloxacin,ridge_amr_all_sources,constant,PRJNA966974,0.12645708230307312,7419,0.9091521768432403,0.7217953902143146,0.18735678662892574,414,0.05832298760741836,0.3281100519453196,
results/comparisons/65016028/ridge_amr_all_sources.json,gentamicin,ridge_amr_all_sources,constant,PRJNA292663,0.2769602690771495,6879,0.9113243203954063,0.8021514755051606,0.10917284489024567,384,0.06685283081501427,0.15154877884073997,
results/comparisons/65016028/ridge_amr_all_sources.json,gentamicin,ridge_amr_all_sources,constant,PRJNA809394,0.21788942610889217,7441,0.9079424808493483,0.7805402499664024,0.12740223088294583,446,0.09603594705176603,0.1601390380890897,
results/comparisons/65016028/ridge_amr_all_sources.json,gentamicin,ridge_amr_all_sources,constant,PRJNA966974,0.11288627286104688,8440,0.9247630331753555,0.8303317535545024,0.09443127962085308,462,0.06009264055015733,0.12768019804164013,
results/comparisons/65016028/ridge_amr_evo2_acquired_human_clinical.json,ceftriaxone,ridge_amr_evo2_acquired_human_clinical,ridge_amr,PRJNA809394,0.7345854004252304,749,0.7610146862483311,0.7436582109479306,0.017356475300400534,76,0.005475242688174279,0.05244869959436888,
results/comparisons/65016028/ridge_amr_evo2_acquired_human_clinical.json,ceftriaxone,ridge_amr_evo2_acquired_human_clinical,ridge_amr,PRJNA278886,0.17576187101346563,2326,0.9527085124677558,0.9531384350816853,-0.0004299226139294927,171,-0.004554209466902753,0.004225105822254706,
results/comparisons/65016028/ridge_amr_evo2_acquired_human_clinical.json,ciprofloxacin,ridge_amr_evo2_acquired_human_clinical,ridge_amr,PRJNA809394,0.544237332633237,1736,0.8859447004608295,0.8905529953917051,-0.004608294930875576,132,-0.017261654740808305,0.005875038826203149,
results/comparisons/65016028/ridge_amr_evo2_acquired_human_clinical.json,ciprofloxacin,ridge_amr_evo2_acquired_human_clinical,ridge_amr,PRJNA1297298,0.17406143344709898,3146,0.9278448823903369,0.9240305149396059,0.003814367450731087,196,-0.0007560819101381789,0.008289871379660321,
results/comparisons/65016028/ridge_amr_evo2_acquired_human_clinical.json,ciprofloxacin,ridge_amr_evo2_acquired_human_clinical,ridge_amr,PRJNA278886,0.13231819375164086,3305,0.9225416036308624,0.9201210287443268,0.002420574886535552,208,-0.003967238091062543,0.007737781986139934,
results/comparisons/65016028/ridge_amr_evo2_acquired_human_clinical.json,gentamicin,ridge_amr_evo2_acquired_human_clinical,ridge_amr,PRJNA809394,0.6191756272401434,1275,0.7992156862745098,0.7176470588235294,0.0815686274509804,116,0.048384500899903087,0.13115352399186309,
results/comparisons/65016028/ridge_amr_evo2_acquired_human_clinical.json,gentamicin,ridge_amr_evo2_acquired_human_clinical,ridge_amr,PRJNA278886,0.15053763440860216,2844,0.9113924050632911,0.8755274261603375,0.035864978902953586,196,0.018891247537159015,0.04666250526559177,
results/comparisons/65016028/ridge_amr_evo2_acquired_human_clinical.json,gentamicin,ridge_amr_evo2_acquired_human_clinical,ridge_amr,PRJNA1297298,0.1490442054958184,2849,0.9648999648999649,0.9648999648999649,0.0,190,-0.003126556621567317,0.0019962833990824157,
results/comparisons/65016028/ridge_amr_evo2_all_sources.json,ceftriaxone,ridge_amr_evo2_all_sources,ridge_amr,PRJNA292663,0.3712836409750599,4462,0.898700134468848,0.8948901837740924,0.003809950694755715,288,-0.004673193642013933,0.012312340029238821,
results/comparisons/65016028/ridge_amr_evo2_all_sources.json,ceftriaxone,ridge_amr_evo2_all_sources,ridge_amr,PRJNA809394,0.29209525151472454,5024,0.9068471337579618,0.9012738853503185,0.005573248407643312,347,-0.0009354571232467711,0.011614931378928071,
results/comparisons/65016028/ridge_amr_evo2_all_sources.json,ceftriaxone,ridge_amr_evo2_all_sources,ridge_amr,PRJNA966974,0.1513315485416373,6023,0.9397310310476507,0.9393989706126515,0.00033206043499916984,381,-0.004665409455843609,0.005298343878428209,
results/comparisons/65016028/ridge_amr_evo2_all_sources.json,ciprofloxacin,ridge_amr_evo2_all_sources,ridge_amr,PRJNA292663,0.31025550453314493,5858,0.9134516899965859,0.898770911573916,0.014680778422669852,329,0.0019113700953139556,0.024945281839317723,
results/comparisons/65016028/ridge_amr_evo2_all_sources.json,ciprofloxacin,ridge_amr_evo2_all_sources,ridge_amr,PRJNA809394,0.24408336276933945,6420,0.9188473520249221,0.9115264797507788,0.007320872274143302,384,0.0004957952751523712,0.012551463597530765,
results/comparisons/65016028/ridge_amr_evo2_all_sources.json,ciprofloxacin,ridge_amr_evo2_all_sources,ridge_amr,PRJNA966974,0.12645708230307312,7419,0.9235746057420138,0.9091521768432403,0.01442242889877342,414,0.005535540123907315,0.02160188927979523,
results/comparisons/65016028/ridge_amr_evo2_all_sources.json,gentamicin,ridge_amr_evo2_all_sources,ridge_amr,PRJNA292663,0.2769602690771495,6879,0.9169937490914377,0.9113243203954063,0.0056694286960314,384,-0.0030386046081519666,0.012900474590867286,
results/comparisons/65016028/ridge_amr_evo2_all_sources.json,gentamicin,ridge_amr_evo2_all_sources,ridge_amr,PRJNA809394,0.21788942610889217,7441,0.9121085875554361,0.9079424808493483,0.004166106706087891,446,-0.0038883027851836756,0.012280063758191153,
results/comparisons/65016028/ridge_amr_evo2_all_sources.json,gentamicin,ridge_amr_evo2_all_sources,ridge_amr,PRJNA966974,0.11288627286104688,8440,0.9290284360189573,0.9247630331753555,0.0042654028436018955,462,-0.002679020627201073,0.010549411632701707,
results/comparisons/65016028/ridge_amr_evo2_human_clinical.json,ceftriaxone,ridge_amr_evo2_human_clinical,ridge_amr,PRJNA809394,0.7345854004252304,749,0.7676902536715621,0.7436582109479306,0.02403204272363151,76,0.004291692213366033,0.05843256779465548,
results/comparisons/65016028/ridge_amr_evo2_human_clinical.json,ceftriaxone,ridge_amr_evo2_human_clinical,ridge_amr,PRJNA278886,0.17576187101346563,2326,0.9595872742906277,0.9531384350816853,0.006448839208942391,171,-0.00045223884812269424,0.014844782347779218,
results/comparisons/65016028/ridge_amr_evo2_human_clinical.json,ciprofloxacin,ridge_amr_evo2_human_clinical,ridge_amr,PRJNA809394,0.544237332633237,1736,0.8761520737327189,0.8905529953917051,-0.014400921658986175,132,-0.031636929764289605,-0.0018583931192471795,
results/comparisons/65016028/ridge_amr_evo2_human_clinical.json,ciprofloxacin,ridge_amr_evo2_human_clinical,ridge_amr,PRJNA1297298,0.17406143344709898,3146,0.9268912905276542,0.9240305149396059,0.002860775588048315,196,-0.0036036577442827445,0.01016248475515698,
results/comparisons/65016028/ridge_amr_evo2_human_clinical.json,ciprofloxacin,ridge_amr_evo2_human_clinical,ridge_amr,PRJNA278886,0.13231819375164086,3305,0.9180030257186081,0.9201210287443268,-0.002118003025718608,208,-0.011689654561480438,0.006079409912326055,
results/comparisons/65016028/ridge_amr_evo2_human_clinical.json,gentamicin,ridge_amr_evo2_human_clinical,ridge_amr,PRJNA809394,0.6191756272401434,1275,0.7905882352941176,0.7176470588235294,0.07294117647058823,116,0.03372392830076773,0.10893353174603172,
results/comparisons/65016028/ridge_amr_evo2_human_clinical.json,gentamicin,ridge_amr_evo2_human_clinical,ridge_amr,PRJNA278886,0.15053763440860216,2844,0.9071729957805907,0.8755274261603375,0.03164556962025317,196,0.011671713664695804,0.04523996153241215,
results/comparisons/65016028/ridge_amr_evo2_human_clinical.json,gentamicin,ridge_amr_evo2_human_clinical,ridge_amr,PRJNA1297298,0.1490442054958184,2849,0.9641979641979642,0.9648999648999649,-0.000702000702000702,190,-0.005662694746743953,0.002482277362460355,
results/comparisons/65016028/ridge_amr_human_clinical.json,ceftriaxone,ridge_amr_human_clinical,constant,PRJNA809394,0.7345854004252304,749,0.7436582109479306,0.13885180240320427,0.6048064085447263,76,0.4508972392638037,0.6624210540460641,
results/comparisons/65016028/ridge_amr_human_clinical.json,ceftriaxone,ridge_amr_human_clinical,constant,PRJNA278886,0.17576187101346563,2326,0.9531384350816853,0.858555460017197,0.09458297506448839,171,0.03228742592933675,0.16569701866799838,
results/comparisons/65016028/ridge_amr_human_clinical.json,ciprofloxacin,ridge_amr_human_clinical,constant,PRJNA809394,0.544237332633237,1736,0.8905529953917051,0.3957373271889401,0.49481566820276496,132,0.21577539854136069,0.6516265952449115,
results/comparisons/65016028/ridge_amr_human_clinical.json,ciprofloxacin,ridge_amr_human_clinical,constant,PRJNA1297298,0.17406143344709898,3146,0.9240305149396059,0.6258741258741258,0.29815638906548,196,0.08026210675765595,0.47487655597361184,
results/comparisons/65016028/ridge_amr_human_clinical.json,ciprofloxacin,ridge_amr_human_clinical,constant,PRJNA278886,0.13231819375164086,3305,0.9201210287443268,0.6532526475037822,0.2668683812405446,208,0.07312018627351581,0.4389799431787099,
results/comparisons/65016028/ridge_amr_human_clinical.json,gentamicin,ridge_amr_human_clinical,constant,PRJNA809394,0.6191756272401434,1275,0.7176470588235294,0.6627450980392157,0.054901960784313725,116,-0.14345276154929903,0.14791031553533082,
results/comparisons/65016028/ridge_amr_human_clinical.json,gentamicin,ridge_amr_human_clinical,constant,PRJNA278886,0.15053763440860216,2844,0.8755274261603375,0.8386075949367089,0.03691983122362869,196,-0.034980425465378176,0.10814804264709135,
results/comparisons/65016028/ridge_amr_human_clinical.json,gentamicin,ridge_amr_human_clinical,constant,PRJNA1297298,0.1490442054958184,2849,0.9648999648999649,0.855036855036855,0.10986310986310986,190,0.03347268239485864,0.19258419724105563,
results/comparisons/65016028/xgboost_amr_all_sources.json,ceftriaxone,xgboost_amr_all_sources,constant,PRJNA292663,0.3712836409750599,4462,0.9130434782608695,0.6494845360824743,0.2635589421783953,288,0.1620491331434273,0.34506024772193294,
results/comparisons/65016028/xgboost_amr_all_sources.json,ceftriaxone,xgboost_amr_all_sources,constant,PRJNA809394,0.29209525151472454,5024,0.92296974522293,0.6996417197452229,0.223328025477707,347,0.14585556411008238,0.3104107473920786,
results/comparisons/65016028/xgboost_amr_all_sources.json,ceftriaxone,xgboost_amr_all_sources,constant,PRJNA966974,0.1513315485416373,6023,0.9440478167026399,0.7934584094305164,0.15058940727212353,381,0.07863966701049921,0.22729175270809085,
results/comparisons/65016028/xgboost_amr_all_sources.json,ciprofloxacin,xgboost_amr_all_sources,constant,PRJNA292663,0.31025550453314493,5858,0.9190850119494708,0.6452714236940935,0.27381358825537727,329,0.1204609198887544,0.42603200294827676,
results/comparisons/65016028/xgboost_amr_all_sources.json,ciprofloxacin,xgboost_amr_all_sources,constant,PRJNA809394,0.24408336276933945,6420,0.9331775700934579,0.7406542056074766,0.1925233644859813,384,0.08589299420874762,0.32280409389253517,
results/comparisons/65016028/xgboost_amr_all_sources.json,ciprofloxacin,xgboost_amr_all_sources,constant,PRJNA966974,0.12645708230307312,7419,0.9269443321202319,0.7217953902143146,0.20514894190591723,414,0.08060011509903843,0.3407240230186457,
results/comparisons/65016028/xgboost_amr_all_sources.json,gentamicin,xgboost_amr_all_sources,constant,PRJNA292663,0.2769602690771495,6879,0.9229539177205989,0.8021514755051606,0.12080244221543829,384,0.07504932786837194,0.16410133737579075,
results/comparisons/65016028/xgboost_amr_all_sources.json,gentamicin,xgboost_amr_all_sources,constant,PRJNA809394,0.21788942610889217,7441,0.9160059131837118,0.7805402499664024,0.1354656632173095,446,0.10349412761446447,0.16783953821365344,
results/comparisons/65016028/xgboost_amr_all_sources.json,gentamicin,xgboost_amr_all_sources,constant,PRJNA966974,0.11288627286104688,8440,0.9311611374407583,0.8303317535545024,0.10082938388625592,462,0.06489934251513213,0.13517394697023874,
results/comparisons/65016028/xgboost_amr_evo2_acquired_human_clinical.json,ceftriaxone,xgboost_amr_evo2_acquired_human_clinical,xgboost_amr,PRJNA809394,0.7345854004252304,749,0.7757009345794392,0.7663551401869159,0.009345794392523364,76,-0.016129032258064516,0.045131738746604096,
results/comparisons/65016028/xgboost_amr_evo2_acquired_human_clinical.json,ceftriaxone,xgboost_amr_evo2_acquired_human_clinical,xgboost_amr,PRJNA278886,0.17576187101346563,2326,0.9411006018916594,0.9582975064488392,-0.017196904557179708,171,-0.02674996123201919,-0.0077951002227171495,
results/comparisons/65016028/xgboost_amr_evo2_acquired_human_clinical.json,ciprofloxacin,xgboost_amr_evo2_acquired_human_clinical,xgboost_amr,PRJNA809394,0.544237332633237,1736,0.8819124423963134,0.8974654377880185,-0.01555299539170507,132,-0.04109717145492433,-0.0030874481269207387,
results/comparisons/65016028/xgboost_amr_evo2_acquired_human_clinical.json,ciprofloxacin,xgboost_amr_evo2_acquired_human_clinical,xgboost_amr,PRJNA1297298,0.17406143344709898,3146,0.9411951684678957,0.9329307056579784,0.008264462809917356,196,0.0029504736968961874,0.015969851886250372,
results/comparisons/65016028/xgboost_amr_evo2_acquired_human_clinical.json,ciprofloxacin,xgboost_amr_evo2_acquired_human_clinical,xgboost_amr,PRJNA278886,0.13231819375164086,3305,0.9249621785173979,0.9219364599092285,0.0030257186081694403,208,-0.004624741948802642,0.009790804189811432,
results/comparisons/65016028/xgboost_amr_evo2_acquired_human_clinical.json,gentamicin,xgboost_amr_evo2_acquired_human_clinical,xgboost_amr,PRJNA809394,0.6191756272401434,1275,0.8047058823529412,0.7411764705882353,0.06352941176470588,116,0.0162452098540146,0.0982552179582842,
results/comparisons/65016028/xgboost_amr_evo2_acquired_human_clinical.json,gentamicin,xgboost_amr_evo2_acquired_human_clinical,xgboost_amr,PRJNA278886,0.15053763440860216,2844,0.9127988748241913,0.8857243319268636,0.02707454289732771,196,0.004734395686217426,0.046108808343630237,
results/comparisons/65016028/xgboost_amr_evo2_acquired_human_clinical.json,gentamicin,xgboost_amr_evo2_acquired_human_clinical,xgboost_amr,PRJNA1297298,0.1490442054958184,2849,0.965952965952966,0.9666549666549666,-0.000702000702000702,190,-0.0033336120401337797,0.001252679751179571,
results/comparisons/65016028/xgboost_amr_evo2_all_sources.json,ceftriaxone,xgboost_amr_evo2_all_sources,xgboost_amr,PRJNA292663,0.3712836409750599,4462,0.8841326759300762,0.9130434782608695,-0.028910802330793368,288,-0.04367439849563537,-0.013879109222872783,
results/comparisons/65016028/xgboost_amr_evo2_all_sources.json,ceftriaxone,xgboost_amr_evo2_all_sources,xgboost_amr,PRJNA809394,0.29209525151472454,5024,0.8990843949044586,0.92296974522293,-0.02388535031847134,347,-0.03236698881850919,-0.012606816145992232,
results/comparisons/65016028/xgboost_amr_evo2_all_sources.json,ceftriaxone,xgboost_amr_evo2_all_sources,xgboost_amr,PRJNA966974,0.1513315485416373,6023,0.9241241906026897,0.9440478167026399,-0.01992362609995019,381,-0.03004719419531639,-0.010607066619782595,
results/comparisons/65016028/xgboost_amr_evo2_all_sources.json,ciprofloxacin,xgboost_amr_evo2_all_sources,xgboost_amr,PRJNA292663,0.31025550453314493,5858,0.9209627859337658,0.9190850119494708,0.0018777739842949811,329,-0.005863687416510544,0.008142478715115219,
results/comparisons/65016028/xgboost_amr_evo2_all_sources.json,ciprofloxacin,xgboost_amr_evo2_all_sources,xgboost_amr,PRJNA809394,0.24408336276933945,6420,0.9339563862928348,0.9331775700934579,0.000778816199376947,384,-0.004987619757176707,0.0064761297115997745,
results/comparisons/65016028/xgboost_amr_evo2_all_sources.json,ciprofloxacin,xgboost_amr_evo2_all_sources,xgboost_amr,PRJNA966974,0.12645708230307312,7419,0.9284270117266478,0.9269443321202319,0.001482679606415959,414,-0.004811835963797773,0.006749277332573255,
results/comparisons/65016028/xgboost_amr_evo2_all_sources.json,gentamicin,xgboost_amr_evo2_all_sources,xgboost_amr,PRJNA292663,0.2769602690771495,6879,0.926006687018462,0.9229539177205989,0.0030527692978630614,384,-0.007246525146597365,0.011974083988107568,
results/comparisons/65016028/xgboost_amr_evo2_all_sources.json,gentamicin,xgboost_amr_evo2_all_sources,xgboost_amr,PRJNA809394,0.21788942610889217,7441,0.9200376293508937,0.9160059131837118,0.00403171616718183,446,-0.005922282609744463,0.015644518461685037,
results/comparisons/65016028/xgboost_amr_evo2_all_sources.json,gentamicin,xgboost_amr_evo2_all_sources,xgboost_amr,PRJNA966974,0.11288627286104688,8440,0.9355450236966825,0.9311611374407583,0.004383886255924171,462,-0.00402806625495374,0.013405201677832553,
results/comparisons/65016028/xgboost_amr_evo2_human_clinical.json,ceftriaxone,xgboost_amr_evo2_human_clinical,xgboost_amr,PRJNA809394,0.7345854004252304,749,0.7730307076101469,0.7663551401869159,0.006675567423230975,76,-0.015306904970577188,0.04370988342953222,
results/comparisons/65016028/xgboost_amr_evo2_human_clinical.json,ceftriaxone,xgboost_amr_evo2_human_clinical,xgboost_amr,PRJNA278886,0.17576187101346563,2326,0.938091143594153,0.9582975064488392,-0.020206362854686157,171,-0.029294416136584837,-0.009714811835652974,
results/comparisons/65016028/xgboost_amr_evo2_human_clinical.json,ciprofloxacin,xgboost_amr_evo2_human_clinical,xgboost_amr,PRJNA809394,0.544237332633237,1736,0.8652073732718893,0.8974654377880185,-0.03225806451612903,132,-0.07381333669571,-0.011084386664404481,
results/comparisons/65016028/xgboost_amr_evo2_human_clinical.json,ciprofloxacin,xgboost_amr_evo2_human_clinical,xgboost_amr,PRJNA1297298,0.17406143344709898,3146,0.9440559440559441,0.9329307056579784,0.01112523839796567,196,0.004914755238323141,0.019632597678221436,
results/comparisons/65016028/xgboost_amr_evo2_human_clinical.json,ciprofloxacin,xgboost_amr_evo2_human_clinical,xgboost_amr,PRJNA278886,0.13231819375164086,3305,0.9158850226928895,0.9219364599092285,-0.006051437216338881,208,-0.020749744221912798,0.005854411682333136,
results/comparisons/65016028/xgboost_amr_evo2_human_clinical.json,gentamicin,xgboost_amr_evo2_human_clinical,xgboost_amr,PRJNA809394,0.6191756272401434,1275,0.8062745098039216,0.7411764705882353,0.06509803921568627,116,0.006603020803647763,0.09548043708679968,
results/comparisons/65016028/xgboost_amr_evo2_human_clinical.json,gentamicin,xgboost_amr_evo2_human_clinical,xgboost_amr,PRJNA278886,0.15053763440860216,2844,0.9135021097046413,0.8857243319268636,0.027777777777777776,196,0.0024277744415494417,0.05241320524339391,
results/comparisons/65016028/xgboost_amr_evo2_human_clinical.json,gentamicin,xgboost_amr_evo2_human_clinical,xgboost_amr,PRJNA1297298,0.1490442054958184,2849,0.9648999648999649,0.9666549666549666,-0.001755001755001755,190,-0.008231002037636343,0.0021557618813059874,
results/comparisons/65016028/xgboost_amr_human_clinical.json,ceftriaxone,xgboost_amr_human_clinical,constant,PRJNA809394,0.7345854004252304,749,0.7663551401869159,0.13885180240320427,0.6275033377837116,76,0.4822444249561514,0.6870340410897313,
results/comparisons/65016028/xgboost_amr_human_clinical.json,ceftriaxone,xgboost_amr_human_clinical,constant,PRJNA278886,0.17576187101346563,2326,0.9582975064488392,0.858555460017197,0.0997420464316423,171,0.03755151255414056,0.17203966448043545,
results/comparisons/65016028/xgboost_amr_human_clinical.json,ciprofloxacin,xgboost_amr_human_clinical,constant,PRJNA809394,0.544237332633237,1736,0.8974654377880185,0.3957373271889401,0.5017281105990783,132,0.22899157736347622,0.6531013000933462,
results/comparisons/65016028/xgboost_amr_human_clinical.json,ciprofloxacin,xgboost_amr_human_clinical,constant,PRJNA1297298,0.17406143344709898,3146,0.9329307056579784,0.6258741258741258,0.30705657978385253,196,0.0853870690479238,0.4879719625846203,
results/comparisons/65016028/xgboost_amr_human_clinical.json,ciprofloxacin,xgboost_amr_human_clinical,constant,PRJNA278886,0.13231819375164086,3305,0.9219364599092285,0.6532526475037822,0.2686838124054463,208,0.07690938511326861,0.4411105662211386,
results/comparisons/65016028/xgboost_amr_human_clinical.json,gentamicin,xgboost_amr_human_clinical,constant,PRJNA809394,0.6191756272401434,1275,0.7411764705882353,0.6627450980392157,0.0784313725490196,116,-0.063031139369187,0.1409007950051784,
results/comparisons/65016028/xgboost_amr_human_clinical.json,gentamicin,xgboost_amr_human_clinical,constant,PRJNA278886,0.15053763440860216,2844,0.8857243319268636,0.8386075949367089,0.047116736990154715,196,-0.014172204952299282,0.10025398272052795,
results/comparisons/65016028/xgboost_amr_human_clinical.json,gentamicin,xgboost_amr_human_clinical,constant,PRJNA1297298,0.1490442054958184,2849,0.9666549666549666,0.855036855036855,0.11161811161811162,190,0.034199255959933145,0.19227987856468548,
results/external/evaluation/65020832/comparison_ridge_censored_amr_all_sources.json,ceftriaxone,ridge_censored_amr,constant,PRJDB10842,1.0,,,,,,,,too few rows remain
results/external/evaluation/65020832/comparison_ridge_censored_amr_all_sources.json,ceftriaxone,ridge_censored_amr,neighbor,PRJDB10842,1.0,,,,,,,,too few rows remain
results/external/evaluation/65020832/comparison_ridge_censored_amr_all_sources.json,ciprofloxacin,ridge_censored_amr,constant,PRJDB10842,1.0,,,,,,,,too few rows remain
results/external/evaluation/65020832/comparison_ridge_censored_amr_all_sources.json,ciprofloxacin,ridge_censored_amr,neighbor,PRJDB10842,1.0,,,,,,,,too few rows remain
results/external/evaluation/65020832/comparison_ridge_censored_amr_all_sources.json,gentamicin,ridge_censored_amr,constant,PRJDB10842,1.0,,,,,,,,too few rows remain
results/external/evaluation/65020832/comparison_ridge_censored_amr_all_sources.json,gentamicin,ridge_censored_amr,neighbor,PRJDB10842,1.0,,,,,,,,too few rows remain
results/external/evaluation/65020832/comparison_ridge_censored_amr_evo2_all_sources.json,ceftriaxone,ridge_censored_amr_evo2,constant,PRJDB10842,1.0,,,,,,,,too few rows remain
results/external/evaluation/65020832/comparison_ridge_censored_amr_evo2_all_sources.json,ceftriaxone,ridge_censored_amr_evo2,neighbor,PRJDB10842,1.0,,,,,,,,too few rows remain
results/external/evaluation/65020832/comparison_ridge_censored_amr_evo2_all_sources.json,ceftriaxone,ridge_censored_amr_evo2,ridge_amr,PRJDB10842,1.0,,,,,,,,too few rows remain
results/external/evaluation/65020832/comparison_ridge_censored_amr_evo2_all_sources.json,ciprofloxacin,ridge_censored_amr_evo2,constant,PRJDB10842,1.0,,,,,,,,too few rows remain
results/external/evaluation/65020832/comparison_ridge_censored_amr_evo2_all_sources.json,ciprofloxacin,ridge_censored_amr_evo2,neighbor,PRJDB10842,1.0,,,,,,,,too few rows remain
results/external/evaluation/65020832/comparison_ridge_censored_amr_evo2_all_sources.json,ciprofloxacin,ridge_censored_amr_evo2,ridge_amr,PRJDB10842,1.0,,,,,,,,too few rows remain
results/external/evaluation/65020832/comparison_ridge_censored_amr_evo2_all_sources.json,gentamicin,ridge_censored_amr_evo2,constant,PRJDB10842,1.0,,,,,,,,too few rows remain
results/external/evaluation/65020832/comparison_ridge_censored_amr_evo2_all_sources.json,gentamicin,ridge_censored_amr_evo2,neighbor,PRJDB10842,1.0,,,,,,,,too few rows remain
results/external/evaluation/65020832/comparison_ridge_censored_amr_evo2_all_sources.json,gentamicin,ridge_censored_amr_evo2,ridge_amr,PRJDB10842,1.0,,,,,,,,too few rows remain
results/external/evaluation/65020832/comparison_ridge_censored_amr_evo2_human_clinical.json,ceftriaxone,ridge_censored_amr_evo2,constant,PRJDB10842,1.0,,,,,,,,too few rows remain
results/external/evaluation/65020832/comparison_ridge_censored_amr_evo2_human_clinical.json,ceftriaxone,ridge_censored_amr_evo2,neighbor,PRJDB10842,1.0,,,,,,,,too few rows remain
results/external/evaluation/65020832/comparison_ridge_censored_amr_evo2_human_clinical.json,ceftriaxone,ridge_censored_amr_evo2,ridge_amr,PRJDB10842,1.0,,,,,,,,too few rows remain
results/external/evaluation/65020832/comparison_ridge_censored_amr_evo2_human_clinical.json,ciprofloxacin,ridge_censored_amr_evo2,constant,PRJDB10842,1.0,,,,,,,,too few rows remain
results/external/evaluation/65020832/comparison_ridge_censored_amr_evo2_human_clinical.json,ciprofloxacin,ridge_censored_amr_evo2,neighbor,PRJDB10842,1.0,,,,,,,,too few rows remain
results/external/evaluation/65020832/comparison_ridge_censored_amr_evo2_human_clinical.json,ciprofloxacin,ridge_censored_amr_evo2,ridge_amr,PRJDB10842,1.0,,,,,,,,too few rows remain
results/external/evaluation/65020832/comparison_ridge_censored_amr_evo2_human_clinical.json,gentamicin,ridge_censored_amr_evo2,constant,PRJDB10842,1.0,,,,,,,,too few rows remain
results/external/evaluation/65020832/comparison_ridge_censored_amr_evo2_human_clinical.json,gentamicin,ridge_censored_amr_evo2,neighbor,PRJDB10842,1.0,,,,,,,,too few rows remain
results/external/evaluation/65020832/comparison_ridge_censored_amr_evo2_human_clinical.json,gentamicin,ridge_censored_amr_evo2,ridge_amr,PRJDB10842,1.0,,,,,,,,too few rows remain
results/external/evaluation/65020832/comparison_ridge_censored_amr_human_clinical.json,ceftriaxone,ridge_censored_amr,constant,PRJDB10842,1.0,,,,,,,,too few rows remain
results/external/evaluation/65020832/comparison_ridge_censored_amr_human_clinical.json,ceftriaxone,ridge_censored_amr,neighbor,PRJDB10842,1.0,,,,,,,,too few rows remain
results/external/evaluation/65020832/comparison_ridge_censored_amr_human_clinical.json,ciprofloxacin,ridge_censored_amr,constant,PRJDB10842,1.0,,,,,,,,too few rows remain
results/external/evaluation/65020832/comparison_ridge_censored_amr_human_clinical.json,ciprofloxacin,ridge_censored_amr,neighbor,PRJDB10842,1.0,,,,,,,,too few rows remain
results/external/evaluation/65020832/comparison_ridge_censored_amr_human_clinical.json,gentamicin,ridge_censored_amr,constant,PRJDB10842,1.0,,,,,,,,too few rows remain
results/external/evaluation/65020832/comparison_ridge_censored_amr_human_clinical.json,gentamicin,ridge_censored_amr,neighbor,PRJDB10842,1.0,,,,,,,,too few rows remain
results/external/evaluation/65020832/comparison_ridge_censored_evo2_all_sources.json,ceftriaxone,ridge_censored_evo2,constant,PRJDB10842,1.0,,,,,,,,too few rows remain
results/external/evaluation/65020832/comparison_ridge_censored_evo2_all_sources.json,ceftriaxone,ridge_censored_evo2,neighbor,PRJDB10842,1.0,,,,,,,,too few rows remain
results/external/evaluation/65020832/comparison_ridge_censored_evo2_all_sources.json,ceftriaxone,ridge_censored_evo2,ridge_amr,PRJDB10842,1.0,,,,,,,,too few rows remain
results/external/evaluation/65020832/comparison_ridge_censored_evo2_all_sources.json,ciprofloxacin,ridge_censored_evo2,constant,PRJDB10842,1.0,,,,,,,,too few rows remain
results/external/evaluation/65020832/comparison_ridge_censored_evo2_all_sources.json,ciprofloxacin,ridge_censored_evo2,neighbor,PRJDB10842,1.0,,,,,,,,too few rows remain
results/external/evaluation/65020832/comparison_ridge_censored_evo2_all_sources.json,ciprofloxacin,ridge_censored_evo2,ridge_amr,PRJDB10842,1.0,,,,,,,,too few rows remain
results/external/evaluation/65020832/comparison_ridge_censored_evo2_all_sources.json,gentamicin,ridge_censored_evo2,constant,PRJDB10842,1.0,,,,,,,,too few rows remain
results/external/evaluation/65020832/comparison_ridge_censored_evo2_all_sources.json,gentamicin,ridge_censored_evo2,neighbor,PRJDB10842,1.0,,,,,,,,too few rows remain
results/external/evaluation/65020832/comparison_ridge_censored_evo2_all_sources.json,gentamicin,ridge_censored_evo2,ridge_amr,PRJDB10842,1.0,,,,,,,,too few rows remain
results/external/evaluation/65020832/comparison_ridge_censored_evo2_human_clinical.json,ceftriaxone,ridge_censored_evo2,constant,PRJDB10842,1.0,,,,,,,,too few rows remain
results/external/evaluation/65020832/comparison_ridge_censored_evo2_human_clinical.json,ceftriaxone,ridge_censored_evo2,neighbor,PRJDB10842,1.0,,,,,,,,too few rows remain
results/external/evaluation/65020832/comparison_ridge_censored_evo2_human_clinical.json,ceftriaxone,ridge_censored_evo2,ridge_amr,PRJDB10842,1.0,,,,,,,,too few rows remain
results/external/evaluation/65020832/comparison_ridge_censored_evo2_human_clinical.json,ciprofloxacin,ridge_censored_evo2,constant,PRJDB10842,1.0,,,,,,,,too few rows remain
results/external/evaluation/65020832/comparison_ridge_censored_evo2_human_clinical.json,ciprofloxacin,ridge_censored_evo2,neighbor,PRJDB10842,1.0,,,,,,,,too few rows remain
results/external/evaluation/65020832/comparison_ridge_censored_evo2_human_clinical.json,ciprofloxacin,ridge_censored_evo2,ridge_amr,PRJDB10842,1.0,,,,,,,,too few rows remain
results/external/evaluation/65020832/comparison_ridge_censored_evo2_human_clinical.json,gentamicin,ridge_censored_evo2,constant,PRJDB10842,1.0,,,,,,,,too few rows remain
results/external/evaluation/65020832/comparison_ridge_censored_evo2_human_clinical.json,gentamicin,ridge_censored_evo2,neighbor,PRJDB10842,1.0,,,,,,,,too few rows remain
results/external/evaluation/65020832/comparison_ridge_censored_evo2_human_clinical.json,gentamicin,ridge_censored_evo2,ridge_amr,PRJDB10842,1.0,,,,,,,,too few rows remain
results/external/evaluation/65020832/comparison_xgboost_aft_amr_all_sources.json,ceftriaxone,xgboost_aft_amr,constant,PRJDB10842,1.0,,,,,,,,too few rows remain
results/external/evaluation/65020832/comparison_xgboost_aft_amr_all_sources.json,ceftriaxone,xgboost_aft_amr,neighbor,PRJDB10842,1.0,,,,,,,,too few rows remain
results/external/evaluation/65020832/comparison_xgboost_aft_amr_all_sources.json,ciprofloxacin,xgboost_aft_amr,constant,PRJDB10842,1.0,,,,,,,,too few rows remain
results/external/evaluation/65020832/comparison_xgboost_aft_amr_all_sources.json,ciprofloxacin,xgboost_aft_amr,neighbor,PRJDB10842,1.0,,,,,,,,too few rows remain
results/external/evaluation/65020832/comparison_xgboost_aft_amr_all_sources.json,gentamicin,xgboost_aft_amr,constant,PRJDB10842,1.0,,,,,,,,too few rows remain
results/external/evaluation/65020832/comparison_xgboost_aft_amr_all_sources.json,gentamicin,xgboost_aft_amr,neighbor,PRJDB10842,1.0,,,,,,,,too few rows remain
results/external/evaluation/65020832/comparison_xgboost_aft_amr_evo2_all_sources.json,ceftriaxone,xgboost_aft_amr_evo2,constant,PRJDB10842,1.0,,,,,,,,too few rows remain
results/external/evaluation/65020832/comparison_xgboost_aft_amr_evo2_all_sources.json,ceftriaxone,xgboost_aft_amr_evo2,neighbor,PRJDB10842,1.0,,,,,,,,too few rows remain
results/external/evaluation/65020832/comparison_xgboost_aft_amr_evo2_all_sources.json,ceftriaxone,xgboost_aft_amr_evo2,xgboost_amr,PRJDB10842,1.0,,,,,,,,too few rows remain
results/external/evaluation/65020832/comparison_xgboost_aft_amr_evo2_all_sources.json,ciprofloxacin,xgboost_aft_amr_evo2,constant,PRJDB10842,1.0,,,,,,,,too few rows remain
results/external/evaluation/65020832/comparison_xgboost_aft_amr_evo2_all_sources.json,ciprofloxacin,xgboost_aft_amr_evo2,neighbor,PRJDB10842,1.0,,,,,,,,too few rows remain
results/external/evaluation/65020832/comparison_xgboost_aft_amr_evo2_all_sources.json,ciprofloxacin,xgboost_aft_amr_evo2,xgboost_amr,PRJDB10842,1.0,,,,,,,,too few rows remain
results/external/evaluation/65020832/comparison_xgboost_aft_amr_evo2_all_sources.json,gentamicin,xgboost_aft_amr_evo2,constant,PRJDB10842,1.0,,,,,,,,too few rows remain
results/external/evaluation/65020832/comparison_xgboost_aft_amr_evo2_all_sources.json,gentamicin,xgboost_aft_amr_evo2,neighbor,PRJDB10842,1.0,,,,,,,,too few rows remain
results/external/evaluation/65020832/comparison_xgboost_aft_amr_evo2_all_sources.json,gentamicin,xgboost_aft_amr_evo2,xgboost_amr,PRJDB10842,1.0,,,,,,,,too few rows remain
results/external/evaluation/65020832/comparison_xgboost_aft_amr_evo2_human_clinical.json,ceftriaxone,xgboost_aft_amr_evo2,constant,PRJDB10842,1.0,,,,,,,,too few rows remain
results/external/evaluation/65020832/comparison_xgboost_aft_amr_evo2_human_clinical.json,ceftriaxone,xgboost_aft_amr_evo2,neighbor,PRJDB10842,1.0,,,,,,,,too few rows remain
results/external/evaluation/65020832/comparison_xgboost_aft_amr_evo2_human_clinical.json,ceftriaxone,xgboost_aft_amr_evo2,xgboost_amr,PRJDB10842,1.0,,,,,,,,too few rows remain
results/external/evaluation/65020832/comparison_xgboost_aft_amr_evo2_human_clinical.json,ciprofloxacin,xgboost_aft_amr_evo2,constant,PRJDB10842,1.0,,,,,,,,too few rows remain
results/external/evaluation/65020832/comparison_xgboost_aft_amr_evo2_human_clinical.json,ciprofloxacin,xgboost_aft_amr_evo2,neighbor,PRJDB10842,1.0,,,,,,,,too few rows remain
results/external/evaluation/65020832/comparison_xgboost_aft_amr_evo2_human_clinical.json,ciprofloxacin,xgboost_aft_amr_evo2,xgboost_amr,PRJDB10842,1.0,,,,,,,,too few rows remain
results/external/evaluation/65020832/comparison_xgboost_aft_amr_evo2_human_clinical.json,gentamicin,xgboost_aft_amr_evo2,constant,PRJDB10842,1.0,,,,,,,,too few rows remain
results/external/evaluation/65020832/comparison_xgboost_aft_amr_evo2_human_clinical.json,gentamicin,xgboost_aft_amr_evo2,neighbor,PRJDB10842,1.0,,,,,,,,too few rows remain
results/external/evaluation/65020832/comparison_xgboost_aft_amr_evo2_human_clinical.json,gentamicin,xgboost_aft_amr_evo2,xgboost_amr,PRJDB10842,1.0,,,,,,,,too few rows remain
results/external/evaluation/65020832/comparison_xgboost_aft_amr_human_clinical.json,ceftriaxone,xgboost_aft_amr,constant,PRJDB10842,1.0,,,,,,,,too few rows remain
results/external/evaluation/65020832/comparison_xgboost_aft_amr_human_clinical.json,ceftriaxone,xgboost_aft_amr,neighbor,PRJDB10842,1.0,,,,,,,,too few rows remain
results/external/evaluation/65020832/comparison_xgboost_aft_amr_human_clinical.json,ciprofloxacin,xgboost_aft_amr,constant,PRJDB10842,1.0,,,,,,,,too few rows remain
results/external/evaluation/65020832/comparison_xgboost_aft_amr_human_clinical.json,ciprofloxacin,xgboost_aft_amr,neighbor,PRJDB10842,1.0,,,,,,,,too few rows remain
results/external/evaluation/65020832/comparison_xgboost_aft_amr_human_clinical.json,gentamicin,xgboost_aft_amr,constant,PRJDB10842,1.0,,,,,,,,too few rows remain
results/external/evaluation/65020832/comparison_xgboost_aft_amr_human_clinical.json,gentamicin,xgboost_aft_amr,neighbor,PRJDB10842,1.0,,,,,,,,too few rows remain
results/external/evaluation/65020832/comparison_xgboost_aft_evo2_all_sources.json,ceftriaxone,xgboost_aft_evo2,constant,PRJDB10842,1.0,,,,,,,,too few rows remain
results/external/evaluation/65020832/comparison_xgboost_aft_evo2_all_sources.json,ceftriaxone,xgboost_aft_evo2,neighbor,PRJDB10842,1.0,,,,,,,,too few rows remain
results/external/evaluation/65020832/comparison_xgboost_aft_evo2_all_sources.json,ceftriaxone,xgboost_aft_evo2,xgboost_amr,PRJDB10842,1.0,,,,,,,,too few rows remain
results/external/evaluation/65020832/comparison_xgboost_aft_evo2_all_sources.json,ciprofloxacin,xgboost_aft_evo2,constant,PRJDB10842,1.0,,,,,,,,too few rows remain
results/external/evaluation/65020832/comparison_xgboost_aft_evo2_all_sources.json,ciprofloxacin,xgboost_aft_evo2,neighbor,PRJDB10842,1.0,,,,,,,,too few rows remain
results/external/evaluation/65020832/comparison_xgboost_aft_evo2_all_sources.json,ciprofloxacin,xgboost_aft_evo2,xgboost_amr,PRJDB10842,1.0,,,,,,,,too few rows remain
results/external/evaluation/65020832/comparison_xgboost_aft_evo2_all_sources.json,gentamicin,xgboost_aft_evo2,constant,PRJDB10842,1.0,,,,,,,,too few rows remain
results/external/evaluation/65020832/comparison_xgboost_aft_evo2_all_sources.json,gentamicin,xgboost_aft_evo2,neighbor,PRJDB10842,1.0,,,,,,,,too few rows remain
results/external/evaluation/65020832/comparison_xgboost_aft_evo2_all_sources.json,gentamicin,xgboost_aft_evo2,xgboost_amr,PRJDB10842,1.0,,,,,,,,too few rows remain
results/external/evaluation/65020832/comparison_xgboost_aft_evo2_human_clinical.json,ceftriaxone,xgboost_aft_evo2,constant,PRJDB10842,1.0,,,,,,,,too few rows remain
results/external/evaluation/65020832/comparison_xgboost_aft_evo2_human_clinical.json,ceftriaxone,xgboost_aft_evo2,neighbor,PRJDB10842,1.0,,,,,,,,too few rows remain
results/external/evaluation/65020832/comparison_xgboost_aft_evo2_human_clinical.json,ceftriaxone,xgboost_aft_evo2,xgboost_amr,PRJDB10842,1.0,,,,,,,,too few rows remain
results/external/evaluation/65020832/comparison_xgboost_aft_evo2_human_clinical.json,ciprofloxacin,xgboost_aft_evo2,constant,PRJDB10842,1.0,,,,,,,,too few rows remain
results/external/evaluation/65020832/comparison_xgboost_aft_evo2_human_clinical.json,ciprofloxacin,xgboost_aft_evo2,neighbor,PRJDB10842,1.0,,,,,,,,too few rows remain
results/external/evaluation/65020832/comparison_xgboost_aft_evo2_human_clinical.json,ciprofloxacin,xgboost_aft_evo2,xgboost_amr,PRJDB10842,1.0,,,,,,,,too few rows remain
results/external/evaluation/65020832/comparison_xgboost_aft_evo2_human_clinical.json,gentamicin,xgboost_aft_evo2,constant,PRJDB10842,1.0,,,,,,,,too few rows remain
results/external/evaluation/65020832/comparison_xgboost_aft_evo2_human_clinical.json,gentamicin,xgboost_aft_evo2,neighbor,PRJDB10842,1.0,,,,,,,,too few rows remain
results/external/evaluation/65020832/comparison_xgboost_aft_evo2_human_clinical.json,gentamicin,xgboost_aft_evo2,xgboost_amr,PRJDB10842,1.0,,,,,,,,too few rows remain
results/posthoc/family/65022960/scoring-65023163/comparison_ridge_censored_family_human_clinical.json,ceftriaxone,ridge_censored_family,constant,PRJDB10842,1.0,,,,,,,,too few rows remain
results/posthoc/family/65022960/scoring-65023163/comparison_ridge_censored_family_human_clinical.json,ceftriaxone,ridge_censored_family,ridge_censored_allele,PRJDB10842,1.0,,,,,,,,too few rows remain
results/posthoc/family/65022960/scoring-65023163/comparison_ridge_censored_family_human_clinical.json,ciprofloxacin,ridge_censored_family,constant,PRJDB10842,1.0,,,,,,,,too few rows remain
results/posthoc/family/65022960/scoring-65023163/comparison_ridge_censored_family_human_clinical.json,ciprofloxacin,ridge_censored_family,ridge_censored_allele,PRJDB10842,1.0,,,,,,,,too few rows remain
results/posthoc/family/65022960/scoring-65023163/comparison_ridge_censored_family_human_clinical.json,gentamicin,ridge_censored_family,constant,PRJDB10842,1.0,,,,,,,,too few rows remain
results/posthoc/family/65022960/scoring-65023163/comparison_ridge_censored_family_human_clinical.json,gentamicin,ridge_censored_family,ridge_censored_allele,PRJDB10842,1.0,,,,,,,,too few rows remain
results/posthoc/family/65022960/scoring-65023163/comparison_xgboost_aft_family_human_clinical.json,ceftriaxone,xgboost_aft_family,constant,PRJDB10842,1.0,,,,,,,,too few rows remain
results/posthoc/family/65022960/scoring-65023163/comparison_xgboost_aft_family_human_clinical.json,ceftriaxone,xgboost_aft_family,xgboost_aft_allele,PRJDB10842,1.0,,,,,,,,too few rows remain
results/posthoc/family/65022960/scoring-65023163/comparison_xgboost_aft_family_human_clinical.json,ciprofloxacin,xgboost_aft_family,constant,PRJDB10842,1.0,,,,,,,,too few rows remain
results/posthoc/family/65022960/scoring-65023163/comparison_xgboost_aft_family_human_clinical.json,ciprofloxacin,xgboost_aft_family,xgboost_aft_allele,PRJDB10842,1.0,,,,,,,,too few rows remain
results/posthoc/family/65022960/scoring-65023163/comparison_xgboost_aft_family_human_clinical.json,gentamicin,xgboost_aft_family,constant,PRJDB10842,1.0,,,,,,,,too few rows remain
results/posthoc/family/65022960/scoring-65023163/comparison_xgboost_aft_family_human_clinical.json,gentamicin,xgboost_aft_family,xgboost_aft_allele,PRJDB10842,1.0,,,,,,,,too few rows remain
