target,model,n_test,n_right_censored,resistant_side_share,essential_agreement
blaCMY-2,ridge_censored:allele,78,22,0.18181818181818182,0.10256410256410256
blaCMY-2,ridge_censored:amr+evo2,78,22,0.18181818181818182,0.11538461538461539
blaCMY-2,ridge_censored:evo2,78,22,0.22727272727272727,0.1794871794871795
blaCMY-2,ridge_censored:family,78,22,0.7727272727272727,0.48717948717948717
blaCMY-2,xgboost_aft:allele,78,22,0.18181818181818182,0.10256410256410256
blaCMY-2,xgboost_aft:amr+evo2,78,22,0.3181818181818182,0.23076923076923078
blaCMY-2,xgboost_aft:evo2,78,22,0.5909090909090909,0.38461538461538464
blaCMY-2,xgboost_aft:family,78,22,0.7272727272727273,0.2564102564102564
blaCTX-M-14,ridge_censored:allele,47,37,0.05405405405405406,0.0425531914893617
blaCTX-M-14,ridge_censored:amr+evo2,47,37,0.1891891891891892,0.06382978723404255
blaCTX-M-14,ridge_censored:evo2,47,37,0.972972972972973,0.5106382978723404
blaCTX-M-14,ridge_censored:family,47,37,1.0,0.8936170212765957
blaCTX-M-14,xgboost_aft:allele,47,37,0.02702702702702703,0.06382978723404255
blaCTX-M-14,xgboost_aft:amr+evo2,47,37,0.6756756756756757,0.14893617021276595
blaCTX-M-14,xgboost_aft:evo2,47,37,1.0,0.44680851063829785
blaCTX-M-14,xgboost_aft:family,47,37,1.0,0.9361702127659575
blaCTX-M-15,ridge_censored:allele,410,361,0.08033240997229917,0.07560975609756097
blaCTX-M-15,ridge_censored:amr+evo2,410,361,0.23545706371191136,0.07560975609756097
blaCTX-M-15,ridge_censored:evo2,410,361,0.9224376731301939,0.6439024390243903
blaCTX-M-15,ridge_censored:family,410,361,0.9722991689750693,0.7634146341463415
blaCTX-M-15,xgboost_aft:allele,410,361,0.04155124653739612,0.02926829268292683
blaCTX-M-15,xgboost_aft:amr+evo2,410,361,0.6869806094182825,0.0975609756097561
blaCTX-M-15,xgboost_aft:evo2,410,361,0.8587257617728532,0.43902439024390244
blaCTX-M-15,xgboost_aft:family,410,361,1.0,0.9097560975609756
blaCTX-M-27,ridge_censored:allele,170,134,0.022388059701492536,0.047058823529411764
blaCTX-M-27,ridge_censored:amr+evo2,170,134,0.5746268656716418,0.13529411764705881
blaCTX-M-27,ridge_censored:evo2,170,134,0.9477611940298507,0.6470588235294118
blaCTX-M-27,ridge_censored:family,170,134,1.0,0.7764705882352941
blaCTX-M-27,xgboost_aft:allele,170,134,0.022388059701492536,0.041176470588235294
blaCTX-M-27,xgboost_aft:amr+evo2,170,134,0.7910447761194029,0.07058823529411765
blaCTX-M-27,xgboost_aft:evo2,170,134,0.9104477611940298,0.5764705882352941
blaCTX-M-27,xgboost_aft:family,170,134,1.0,0.9176470588235294
blaCTX-M-55,ridge_censored:allele,39,36,0.1111111111111111,0.05128205128205128
blaCTX-M-55,ridge_censored:amr+evo2,39,36,0.19444444444444445,0.10256410256410256
blaCTX-M-55,ridge_censored:evo2,39,36,1.0,0.8717948717948718
blaCTX-M-55,ridge_censored:family,39,36,1.0,0.7435897435897436
blaCTX-M-55,xgboost_aft:allele,39,36,0.05555555555555555,0.0
blaCTX-M-55,xgboost_aft:amr+evo2,39,36,0.8611111111111112,0.23076923076923078
blaCTX-M-55,xgboost_aft:evo2,39,36,1.0,0.7435897435897436
blaCTX-M-55,xgboost_aft:family,39,36,1.0,0.9487179487179487
blaOXA-1,ridge_censored:allele,218,174,0.9942528735632183,0.8623853211009175
blaOXA-1,ridge_censored:amr+evo2,218,174,0.9942528735632183,0.8577981651376146
blaOXA-1,ridge_censored:evo2,218,174,0.9942528735632183,0.8440366972477065
blaOXA-1,ridge_censored:family,218,174,0.9942528735632183,0.8577981651376146
blaOXA-1,xgboost_aft:allele,218,174,0.9942528735632183,0.8990825688073395
blaOXA-1,xgboost_aft:amr+evo2,218,174,0.9942528735632183,0.8807339449541285
blaOXA-1,xgboost_aft:evo2,218,174,0.9942528735632183,0.7477064220183486
blaOXA-1,xgboost_aft:family,218,174,0.9942528735632183,0.8807339449541285
