model,population,drug,n,ea,ci_low,ci_high,n_exact,ea_exact,mean_log_likelihood,evidence_tier,source
constant,all_sources,ceftriaxone,7097,0.7672255882767367,0.6932328375291195,0.8432860444795008,830,0.020481927710843374,,development,results/models/64960056/evaluation_constant_all_sources.json
constant,all_sources,ciprofloxacin,8493,0.747439067467326,0.6159806758858043,0.8643206154077637,1156,0.39792387543252594,,development,results/models/64960056/evaluation_constant_all_sources.json
constant,all_sources,gentamicin,9514,0.8113306705907084,0.7631573254610583,0.8581752685355771,5221,0.9185979697375981,,development,results/models/64960056/evaluation_constant_all_sources.json
constant,human_clinical,ceftriaxone,2822,0.7207654145995748,0.5830721001202113,0.8664195586112732,157,0.0,,development,results/models/64960056/evaluation_constant_human_clinical.json
constant,human_clinical,ciprofloxacin,3809,0.5985823050669467,0.40843601829330745,0.8263645471811671,647,0.4806800618238022,,development,results/models/64960056/evaluation_constant_human_clinical.json
constant,human_clinical,gentamicin,3348,0.8234767025089605,0.7332658097851141,0.9227054018669845,440,0.7909090909090909,,development,results/models/64960056/evaluation_constant_human_clinical.json
neighbor,all_sources,ceftriaxone,7097,0.6573199943638157,0.5903966664035053,0.7262270760171378,830,0.14216867469879518,,development,results/models/64960056/evaluation_neighbor_all_sources.json
neighbor,all_sources,ciprofloxacin,8493,0.6452372542093489,0.5428050927247319,0.7411638644771489,1156,0.38494809688581316,,development,results/models/64960056/evaluation_neighbor_all_sources.json
neighbor,all_sources,gentamicin,9514,0.7265083035526593,0.6751077558133765,0.7754068724468792,5221,0.7590499904232906,,development,results/models/64960056/evaluation_neighbor_all_sources.json
neighbor,human_clinical,ceftriaxone,2822,0.6920623671155209,0.5613906057644714,0.8330259422864644,157,0.05732484076433121,,development,results/models/64960056/evaluation_neighbor_human_clinical.json
neighbor,human_clinical,ciprofloxacin,3809,0.5657652927277501,0.40255303716208685,0.7651530578908394,647,0.37094281298299847,,development,results/models/64960056/evaluation_neighbor_human_clinical.json
neighbor,human_clinical,gentamicin,3348,0.8133213859020311,0.7251057689099463,0.9085509781430583,440,0.8204545454545454,,development,results/models/64960056/evaluation_neighbor_human_clinical.json
xgboost_aft,all_sources,ceftriaxone,7097,0.9415245878540228,0.9297667663146393,0.9542656532874733,830,0.736144578313253,-0.4770321516541705,development,results/models/64983779/evaluation_xgboost_aft_all_sources.json
xgboost_aft,all_sources,ciprofloxacin,8493,0.9332391381137407,0.9243440832738189,0.9439198455498983,1156,0.5865051903114187,-0.5060479539751795,development,results/models/64983779/evaluation_xgboost_aft_all_sources.json
xgboost_aft,all_sources,gentamicin,9514,0.9322051713264663,0.9122556617070562,0.9478490207055211,5221,0.9078720551618464,-0.9966375695503805,development,results/models/64983779/evaluation_xgboost_aft_all_sources.json
xgboost_aft_amr_evo2,all_sources,ceftriaxone,7097,0.920670705932084,0.9019922879177378,0.9404090491945806,830,0.6578313253012048,-0.5091536127746885,development,results/models/64983779/evaluation_xgboost_aft_amr_evo2_all_sources.json
xgboost_aft_amr_evo2,all_sources,ciprofloxacin,8493,0.9344165783586483,0.9241125161400796,0.9451250811462487,1156,0.5934256055363322,-0.4840536589650763,development,results/models/64983779/evaluation_xgboost_aft_amr_evo2_all_sources.json
xgboost_aft_amr_evo2,all_sources,gentamicin,9514,0.9353584191717469,0.9209193430552058,0.9491894389442858,5221,0.9101704654280789,-0.9862944998878146,development,results/models/64983779/evaluation_xgboost_aft_amr_evo2_all_sources.json
xgboost_aft_amr_evo2,human_clinical,ceftriaxone,2822,0.9142452161587526,0.8842748964346776,0.9461793513191273,157,0.4840764331210191,-0.5503193809650179,development,results/models/64983779/evaluation_xgboost_aft_amr_evo2_human_clinical.json
xgboost_aft_amr_evo2,human_clinical,ciprofloxacin,3809,0.9131005513258073,0.8908149709171016,0.9336550789353525,647,0.5935085007727975,-0.6235244419003592,development,results/models/64983779/evaluation_xgboost_aft_amr_evo2_human_clinical.json
xgboost_aft_amr_evo2,human_clinical,gentamicin,3348,0.9184587813620072,0.9005056275440972,0.9406969550131092,440,0.5772727272727273,-0.48600616389801027,development,results/models/64983779/evaluation_xgboost_aft_amr_evo2_human_clinical.json
xgboost_aft_evo2,all_sources,ceftriaxone,7097,0.8693814287727208,0.8449008427535845,0.8991420668599658,830,0.45180722891566266,-0.7174298506207523,development,results/models/64983779/evaluation_xgboost_aft_evo2_all_sources.json
xgboost_aft_evo2,all_sources,ciprofloxacin,8493,0.9255857765218415,0.9127522152879302,0.9406656956511451,1156,0.5562283737024222,-0.5347593940444703,development,results/models/64983779/evaluation_xgboost_aft_evo2_all_sources.json
xgboost_aft_evo2,all_sources,gentamicin,9514,0.8970990119823418,0.8747388998573832,0.9211104354572741,5221,0.8883355678988699,-1.0828323706050162,development,results/models/64983779/evaluation_xgboost_aft_evo2_all_sources.json
xgboost_aft_evo2,human_clinical,ceftriaxone,2822,0.8880226789510985,0.850906706352833,0.9309189789871518,157,0.4012738853503185,-0.6359183788163404,development,results/models/64983779/evaluation_xgboost_aft_evo2_human_clinical.json
xgboost_aft_evo2,human_clinical,ciprofloxacin,3809,0.7474402730375427,0.5368266870942398,0.9239376600165474,647,0.6352395672333848,-1.22784557940106,development,results/models/64983779/evaluation_xgboost_aft_evo2_human_clinical.json
xgboost_aft_evo2,human_clinical,gentamicin,3348,0.8850059737156512,0.8527558959376025,0.9251731246522502,440,0.5772727272727273,-0.5768898385022716,development,results/models/64983779/evaluation_xgboost_aft_evo2_human_clinical.json
xgboost_aft,human_clinical,ceftriaxone,2822,0.9287739192062368,0.9004430874759451,0.9571990095265489,157,0.49044585987261147,-0.5898756730458573,development,results/models/64983779/evaluation_xgboost_aft_human_clinical.json
xgboost_aft,human_clinical,ciprofloxacin,3809,0.9183512733000787,0.9003232611916765,0.9404078415991167,647,0.6275115919629057,-0.6352558733037561,development,results/models/64983779/evaluation_xgboost_aft_human_clinical.json
xgboost_aft,human_clinical,gentamicin,3348,0.8942652329749103,0.8612498712233315,0.9309584229946277,440,0.4409090909090909,-0.5319218429803964,development,results/models/64983779/evaluation_xgboost_aft_human_clinical.json
ridge_censored,all_sources,ceftriaxone,7097,0.9260250810201494,0.9137657442019019,0.940508875250839,830,0.5590361445783133,-0.4390529465305055,development,results/models/65006995/evaluation_ridge_censored_all_sources.json
ridge_censored,all_sources,ciprofloxacin,8493,0.9172259507829977,0.9039980829080841,0.9306630211863398,1156,0.46453287197231835,-0.4632649964935171,development,results/models/65006995/evaluation_ridge_censored_all_sources.json
ridge_censored,all_sources,gentamicin,9514,0.9260037838974143,0.905344205487723,0.9439161562192375,5221,0.9086381919172573,-0.9675996765903329,development,results/models/65006995/evaluation_ridge_censored_all_sources.json
ridge_censored_amr_evo2,all_sources,ceftriaxone,7097,0.9288431731717627,0.9156912340732619,0.9440378805542504,830,0.5975903614457831,-0.4275347149932917,development,results/models/65006995/evaluation_ridge_censored_amr_evo2_all_sources.json
ridge_censored_amr_evo2,all_sources,ciprofloxacin,8493,0.9279406570116566,0.9162580699018806,0.9381349624481851,1156,0.5484429065743944,-0.4616793559406617,development,results/models/65006995/evaluation_ridge_censored_amr_evo2_all_sources.json
ridge_censored_amr_evo2,all_sources,gentamicin,9514,0.9292621400042044,0.912840444369289,0.9444206908693823,5221,0.9138096150162804,-0.9622361126564886,development,results/models/65006995/evaluation_ridge_censored_amr_evo2_all_sources.json
ridge_censored_amr_evo2,human_clinical,ceftriaxone,2822,0.926293408929837,0.9010160802264436,0.9528897311212814,157,0.2802547770700637,-0.3756859111851372,development,results/models/65006995/evaluation_ridge_censored_amr_evo2_human_clinical.json
ridge_censored_amr_evo2,human_clinical,ciprofloxacin,3809,0.9099501181412444,0.8884716193677381,0.936160413716994,647,0.5826893353941267,-0.563645821348018,development,results/models/65006995/evaluation_ridge_censored_amr_evo2_human_clinical.json
ridge_censored_amr_evo2,human_clinical,gentamicin,3348,0.9124850657108722,0.8941386164671986,0.9309533800816057,440,0.5272727272727272,-0.4919709320424861,development,results/models/65006995/evaluation_ridge_censored_amr_evo2_human_clinical.json
ridge_censored_evo2,all_sources,ceftriaxone,7097,0.8710722840636889,0.8488491713332443,0.8990829664456859,830,0.25180722891566265,-0.5219651925584998,development,results/models/65006995/evaluation_ridge_censored_evo2_all_sources.json
ridge_censored_evo2,all_sources,ciprofloxacin,8493,0.9111032615094784,0.8985431296086482,0.9240190336454893,1156,0.43685121107266434,-0.4866300029113554,development,results/models/65006995/evaluation_ridge_censored_evo2_all_sources.json
ridge_censored_evo2,all_sources,gentamicin,9514,0.8844860206012193,0.8625396714847945,0.9084238714619064,5221,0.8904424439762497,-1.1393689037082717,development,results/models/65006995/evaluation_ridge_censored_evo2_all_sources.json
ridge_censored_evo2,human_clinical,ceftriaxone,2822,0.8954642097802976,0.8566995015852638,0.9358198751796276,157,0.1592356687898089,-0.39589747359763205,development,results/models/65006995/evaluation_ridge_censored_evo2_human_clinical.json
ridge_censored_evo2,human_clinical,ciprofloxacin,3809,0.8844841165660279,0.8586327965904462,0.9113514444212651,647,0.5115919629057187,-0.6517802348849383,development,results/models/65006995/evaluation_ridge_censored_evo2_human_clinical.json
ridge_censored_evo2,human_clinical,gentamicin,3348,0.8817204301075269,0.8624577351481933,0.9068295547385621,440,0.45681818181818185,-0.5399544975019778,development,results/models/65006995/evaluation_ridge_censored_evo2_human_clinical.json
ridge_censored,human_clinical,ceftriaxone,2822,0.9177888022678952,0.8894553844708488,0.9473486175985945,157,0.21019108280254778,-0.39269158236775775,development,results/models/65006995/evaluation_ridge_censored_human_clinical.json
ridge_censored,human_clinical,ciprofloxacin,3809,0.9128380152270937,0.8909996515284364,0.9391628238304032,647,0.5842349304482226,-0.5483274076644907,development,results/models/65006995/evaluation_ridge_censored_human_clinical.json
ridge_censored,human_clinical,gentamicin,3348,0.8850059737156512,0.8661351293616951,0.9101489827410285,440,0.3431818181818182,-0.5385652481745056,development,results/models/65006995/evaluation_ridge_censored_human_clinical.json
ridge_censored_family,human_clinical,ceftriaxone,2822,0.9241672572643516,0.9003429808622051,0.9519695763220711,157,0.2611464968152866,-0.38111619000319297,development_posthoc,results/posthoc/family/65022960/dev_evaluation_ridge_censored_family_human_clinical.json
ridge_censored_family,human_clinical,ciprofloxacin,3809,0.9141506957206615,0.8939638680151277,0.9402748068924539,647,0.5965996908809892,-0.5425866597709238,development_posthoc,results/posthoc/family/65022960/dev_evaluation_ridge_censored_family_human_clinical.json
ridge_censored_family,human_clinical,gentamicin,3348,0.8927718040621266,0.8703691393377423,0.9188614931900057,440,0.34545454545454546,-0.5109853578599838,development_posthoc,results/posthoc/family/65022960/dev_evaluation_ridge_censored_family_human_clinical.json
xgboost_aft_family,human_clinical,ceftriaxone,2822,0.9326718639262934,0.8982990258928013,0.9643619232324253,157,0.535031847133758,-0.459147030529979,development_posthoc,results/posthoc/family/65022960/dev_evaluation_xgboost_aft_family_human_clinical.json
xgboost_aft_family,human_clinical,ciprofloxacin,3809,0.9165135206090838,0.9009123006322555,0.9344414870002993,647,0.6105100463678517,-0.620042241237946,development_posthoc,results/posthoc/family/65022960/dev_evaluation_xgboost_aft_family_human_clinical.json
xgboost_aft_family,human_clinical,gentamicin,3348,0.8951612903225806,0.8692219933438754,0.9271807239836984,440,0.36818181818181817,-0.4988722925562123,development_posthoc,results/posthoc/family/65022960/dev_evaluation_xgboost_aft_family_human_clinical.json
