target,features,learner,n_above,n_test,share,ea,evidence_tier,source
blaCMY-2,allele,ridge,22,78,0.18181818181818182,0.10256410256410256,development_variant_withholding,results/leave-variant-out/65051616/readout.json
blaCMY-2,amr+evo2,ridge,22,78,0.18181818181818182,0.11538461538461539,development_variant_withholding,results/leave-variant-out/65051616/readout.json
blaCMY-2,evo2,ridge,22,78,0.22727272727272727,0.1794871794871795,development_variant_withholding,results/leave-variant-out/65051616/readout.json
blaCMY-2,family,ridge,22,78,0.7727272727272727,0.48717948717948717,development_variant_withholding,results/leave-variant-out/65051616/readout.json
blaCMY-2,allele,xgboost,22,78,0.18181818181818182,0.10256410256410256,development_variant_withholding,results/leave-variant-out/65051616/readout.json
blaCMY-2,amr+evo2,xgboost,22,78,0.3181818181818182,0.23076923076923078,development_variant_withholding,results/leave-variant-out/65051616/readout.json
blaCMY-2,evo2,xgboost,22,78,0.5909090909090909,0.38461538461538464,development_variant_withholding,results/leave-variant-out/65051616/readout.json
blaCMY-2,family,xgboost,22,78,0.7272727272727273,0.2564102564102564,development_variant_withholding,results/leave-variant-out/65051616/readout.json
blaCTX-M-14,allele,ridge,37,47,0.05405405405405406,0.0425531914893617,development_variant_withholding,results/leave-variant-out/65051616/readout.json
blaCTX-M-14,amr+evo2,ridge,37,47,0.1891891891891892,0.06382978723404255,development_variant_withholding,results/leave-variant-out/65051616/readout.json
blaCTX-M-14,evo2,ridge,37,47,0.972972972972973,0.5106382978723404,development_variant_withholding,results/leave-variant-out/65051616/readout.json
blaCTX-M-14,family,ridge,37,47,1.0,0.8936170212765957,development_variant_withholding,results/leave-variant-out/65051616/readout.json
blaCTX-M-14,allele,xgboost,37,47,0.02702702702702703,0.06382978723404255,development_variant_withholding,results/leave-variant-out/65051616/readout.json
blaCTX-M-14,amr+evo2,xgboost,37,47,0.6756756756756757,0.14893617021276595,development_variant_withholding,results/leave-variant-out/65051616/readout.json
blaCTX-M-14,evo2,xgboost,37,47,1.0,0.44680851063829785,development_variant_withholding,results/leave-variant-out/65051616/readout.json
blaCTX-M-14,family,xgboost,37,47,1.0,0.9361702127659575,development_variant_withholding,results/leave-variant-out/65051616/readout.json
blaCTX-M-15,allele,ridge,361,410,0.08033240997229917,0.07560975609756097,development_variant_withholding,results/leave-variant-out/65051616/readout.json
blaCTX-M-15,amr+evo2,ridge,361,410,0.23545706371191136,0.07560975609756097,development_variant_withholding,results/leave-variant-out/65051616/readout.json
blaCTX-M-15,evo2,ridge,361,410,0.9224376731301939,0.6439024390243903,development_variant_withholding,results/leave-variant-out/65051616/readout.json
blaCTX-M-15,family,ridge,361,410,0.9722991689750693,0.7634146341463415,development_variant_withholding,results/leave-variant-out/65051616/readout.json
blaCTX-M-15,allele,xgboost,361,410,0.04155124653739612,0.02926829268292683,development_variant_withholding,results/leave-variant-out/65051616/readout.json
blaCTX-M-15,amr+evo2,xgboost,361,410,0.6869806094182825,0.0975609756097561,development_variant_withholding,results/leave-variant-out/65051616/readout.json
blaCTX-M-15,evo2,xgboost,361,410,0.8587257617728532,0.43902439024390244,development_variant_withholding,results/leave-variant-out/65051616/readout.json
blaCTX-M-15,family,xgboost,361,410,1.0,0.9097560975609756,development_variant_withholding,results/leave-variant-out/65051616/readout.json
blaCTX-M-27,allele,ridge,134,170,0.022388059701492536,0.047058823529411764,development_variant_withholding,results/leave-variant-out/65051616/readout.json
blaCTX-M-27,amr+evo2,ridge,134,170,0.5746268656716418,0.13529411764705881,development_variant_withholding,results/leave-variant-out/65051616/readout.json
blaCTX-M-27,evo2,ridge,134,170,0.9477611940298507,0.6470588235294118,development_variant_withholding,results/leave-variant-out/65051616/readout.json
blaCTX-M-27,family,ridge,134,170,1.0,0.7764705882352941,development_variant_withholding,results/leave-variant-out/65051616/readout.json
blaCTX-M-27,allele,xgboost,134,170,0.022388059701492536,0.041176470588235294,development_variant_withholding,results/leave-variant-out/65051616/readout.json
blaCTX-M-27,amr+evo2,xgboost,134,170,0.7910447761194029,0.07058823529411765,development_variant_withholding,results/leave-variant-out/65051616/readout.json
blaCTX-M-27,evo2,xgboost,134,170,0.9104477611940298,0.5764705882352941,development_variant_withholding,results/leave-variant-out/65051616/readout.json
blaCTX-M-27,family,xgboost,134,170,1.0,0.9176470588235294,development_variant_withholding,results/leave-variant-out/65051616/readout.json
blaCTX-M-55,allele,ridge,36,39,0.1111111111111111,0.05128205128205128,development_variant_withholding,results/leave-variant-out/65051616/readout.json
blaCTX-M-55,amr+evo2,ridge,36,39,0.19444444444444445,0.10256410256410256,development_variant_withholding,results/leave-variant-out/65051616/readout.json
blaCTX-M-55,evo2,ridge,36,39,1.0,0.8717948717948718,development_variant_withholding,results/leave-variant-out/65051616/readout.json
blaCTX-M-55,family,ridge,36,39,1.0,0.7435897435897436,development_variant_withholding,results/leave-variant-out/65051616/readout.json
blaCTX-M-55,allele,xgboost,36,39,0.05555555555555555,0.0,development_variant_withholding,results/leave-variant-out/65051616/readout.json
blaCTX-M-55,amr+evo2,xgboost,36,39,0.8611111111111112,0.23076923076923078,development_variant_withholding,results/leave-variant-out/65051616/readout.json
blaCTX-M-55,evo2,xgboost,36,39,1.0,0.7435897435897436,development_variant_withholding,results/leave-variant-out/65051616/readout.json
blaCTX-M-55,family,xgboost,36,39,1.0,0.9487179487179487,development_variant_withholding,results/leave-variant-out/65051616/readout.json
